date,year,quarter,month,jk_pc1_hf,jk_SP500_hf,jk_MP_pm,jk_CBI_pm,jk_MP_median,jk_CBI_median,ident_bp_u1,ident_bp_u2,ident_bp_u3,ident_bp_u4,ident_bp_event_count,ident_s_u1,ident_s_u2,ident_s_u3,ident_s_u4,ident_s_event_count,mps_STMT,mps_PC,mps_ME,mps_event_count,mps_minutes_MIN,mps_minutes_event_count,bs_m_MPS,bs_m_MPS_ORTH_x,bs_m_NFP_SURP,bs_m_NFP_12M,bs_m_SP500_3M,bs_m_SLOPE_3M,bs_m_BCOM_3M,bs_m_TR_SKEW,bs_fomc_Unscheduled,bs_fomc_FF1,bs_fomc_FF2,bs_fomc_ED1,bs_fomc_ED2,bs_fomc_ED3,bs_fomc_ED4,bs_fomc_SP500,bs_fomc_SP500 emini,bs_fomc_TNOTE02,bs_fomc_TNOTE05,bs_fomc_TNOTE10,bs_fomc_TBOND,bs_fomc_MPS,bs_fomc_MPS_ORTH,bs_fomc_NFP_SURP,bs_fomc_NFP_12M,bs_fomc_SP500_3M,bs_fomc_SLOPE_3M,bs_fomc_BCOM_3M,bs_fomc_TR_SKEW,bs_fomc_event_count,usmpd_me_MP1,usmpd_me_MP2,usmpd_me_FF1,usmpd_me_FF2,usmpd_me_OIS1Y,usmpd_me_OIS2Y,usmpd_me_UST2Y,usmpd_me_UST5Y,usmpd_me_UST10Y,usmpd_me_SP500,usmpd_me_SPFUT,usmpd_me_DXY,usmpd_me_SEP,usmpd_me_Unscheduled,usmpd_me_PC,usmpd_me_event_count,bs_m_MPS_ORTH_y,rr_resid_romer,rr_resid_full,uk_Target,uk_Path,uk_QE,uk_event_count
1969-01-01,1969,1,1,,,,,,,,,,,,,,,,,,,,,,,,,,,,,,,,,,,,,,,,,,,,,,,,,,,,,,,,,,,,,,,,,,,,,1.009535993883,1.0118353217840195,1.0977281802333891,,,,
1970-01-01,1970,1,1,,,,,,,,,,,,,,,,,,,,,,,,,,,,,,,,,,,,,,,,,,,,,,,,,,,,,,,,,,,,,,,,,,,,,-2.2652917688109997,-2.268743551336229,-2.1261103032156825,,,,
1971-01-01,1971,1,1,,,,,,,,,,,,,,,,,,,,,,,,,,,,,,,,,,,,,,,,,,,,,,,,,,,,,,,,,,,,,,,,,,,,,-1.665894259587,-1.6620831456966698,-1.6443127058446407,,,,
1972-01-01,1972,1,1,,,,,,,,,,,,,,,,,,,,,,,,,,,,,,,,,,,,,,,,,,,,,,,,,,,,,,,,,,,,,,,,,,,,,-0.32790743410800005,-0.5233697462826967,-0.6356886569410563,,,,
1973-01-01,1973,1,1,,,,,,,,,,,,,,,,,,,,,,,,,,,,,,,,,,,,,,,,,,,,,,,,,,,,,,,,,,,,,,,,,,,,,-0.013325333719999777,-0.01103857159614563,-0.31856489926576614,,,,
1974-01-01,1974,1,1,,,,,,,,,,,,,,,,,,,,,,,,,,,,,,,,,,,,,,,,,,,,,,,,,,,,,,,,,,,,,,,,,,,,,1.0673603692229998,1.0696141310036182,0.7939630225300789,,,,
1975-01-01,1975,1,1,,,,,,,,,,,,,,,,,,,,,,,,,,,,,,,,,,,,,,,,,,,,,,,,,,,,,,,,,,,,,,,,,,,,,-1.3216801191820002,-1.3250506892800331,-1.3334094807505608,,,,
1976-01-01,1976,1,1,,,,,,,,,,,,,,,,,,,,,,,,,,,,,,,,,,,,,,,,,,,,,,,,,,,,,,,,,,,,,,,,,,,,,-1.3011098539609998,-1.297653703019023,-1.3776419591158628,,,,
1977-01-01,1977,1,1,,,,,,,,,,,,,,,,,,,,,,,,,,,,,,,,,,,,,,,,,,,,,,,,,,,,,,,,,,,,,,,,,,,,,-0.9865817106570001,-0.9869918506592512,-1.2411074563860893,,,,
1978-01-01,1978,1,1,,,,,,,,,,,,,,,,,,,,,,,,,,,,,,,,,,,,,,,,,,,,,,,,,,,,,,,,,,,,,,,,,,,,,-0.20136113949599999,-0.20236602425575256,-0.471098898909986,,,,
1979-01-01,1979,1,1,,,,,,,,,,,,,,,,,,,,,,,,,,,,,,,,,,,,,,,,,,,,,,,,,,,,,,,,,,,,,,,,,,,,,0.9255498172509998,0.927399717271328,0.8616578355431557,,,,
1980-01-01,1980,1,1,,,,,,,,,,,,,,,,,,,,,,,,,,,,,,,,,,,,,,,,,,,,,,,,,,,,,,,,,,,,,,,,,,,,,1.054547658803,1.055101907812059,1.3942867517471313,,,,
1981-01-01,1981,1,1,,,,,,,,,,,,,,,,,,,,,,,,,,,,,,,,,,,,,,,,,,,,,,,,,,,,,,,,,,,,,,,,,,,,,-0.44295003702700003,-0.4402652233839035,-0.488134041428566,,,,
1982-01-01,1982,1,1,,,,,,,,,,,,,,,,,,,,,,,,,,,,,,,,,,,,,,,,,,,,,,,,,,,,,,,,,,,,,,,,,,,,,0.656273919042,0.655938845127821,0.5404162704944611,,,,
1983-01-01,1983,1,1,,,,,,,,,,,,,,,,,,,,,,,,,,,,,,,,,,,,,,,,,,,,,,,,,,,,,,,,,,,,,,,,,,,,,0.3945428843539999,0.3953303098678589,0.3815801441669464,,,,
1984-01-01,1984,1,1,,,,,,,,,,,,,,,,,,,,,,,,,,,,,,,,,,,,,,,,,,,,,,,,,,,,,,,,,,,,,,,,,,,,,-0.05874699158899993,-0.06064935773611069,-0.1626633475534618,,,,
1985-01-01,1985,1,1,,,,,,,,,,,,,,,,,,,,,,,,,,,,,,,,,,,,,,,,,,,,,,,,,,,,,,,,,,,,,,,,,,,,,0.24157054117100002,0.23910768516361713,0.2785672079771757,,,,
1986-01-01,1986,1,1,,,,,,,,,,,,,,,,,,,,,,,,,,,,,,,,,,,,,,,,,,,,,,,,,,,,,,,,,,,,,,,,,,,,,-0.28838347014899995,-0.29103808091167593,-0.2219383381307125,,,,
1987-01-01,1987,1,1,,,,,,,,,,,,,,,,,,,,,,,,,,,,,,,,,,,,,,,,,,,,,,,,,,,,,,,,,,,,,,,,,,,,,0.1310507056990001,0.12917178310453892,0.3304473105818033,,,,
1988-01-01,1988,1,1,,,,,,,,,,,,,,,,,,,,,,,,,,,,,,,,,,,,,,,,,,,,,,,,,,,,,,,,,,,,,,,,,,,,,0.47741700443699997,0.47527143731713295,0.7267412785440683,,,,
1988-02-01,1988,1,2,,,,,,,,,,,,,,,,,,,,,,,0.012022034044154238,-0.018290093241622396,0.151,0.03008576920415784,0.0016666670524694283,-0.8200000000000003,0.01711692395809461,0.23525069565217394,2.0,,,-0.0050000000000000044,-0.035,-0.015,0.0,0.08093097354056047,,,,0.002166760661786557,-0.006626202417868942,0.012021757189716008,-0.03621634793959559,-35.0,9.105022231760174,0.012381013321609118,-0.7764683311270764,0.05470248414695967,0.7691669545454545,3.0,,,,,,,,,,,,,,,,,,,,,,,
1988-03-01,1988,1,3,,,,,,,,,,,,,,,,,,,,,,,0.013088246451070101,-0.03862419001908902,0.331,0.032128262414850894,0.03140269750379332,-0.16999999999999993,0.027705177611298204,0.7249627391304349,0.0,,,0.005,0.01,0.0,0.0,-0.2292,,,,-0.014090668042596493,-0.012459238294468714,0.01308818635362597,-0.04212841080595666,331.0,3.212826241485089,0.03140269750379332,0.3004161657576323,0.0277051776112982,0.7188581818181818,1.0,,,,,,,,,,,,,,,,,,,,,,,
1988-04-01,1988,2,4,,,,,,,,,,,,,,,,,,,,,,,0.061491817454596434,0.009466999671206434,0.062,0.032338840365708776,0.05681992171688144,-0.27,0.02772301462931459,0.7064574347826087,3.0,,,0.025,0.045,0.04,0.0200000000000102,-0.45380111801769357,,,,0.0023685304901574448,-0.007160821865212821,0.06149168197906436,-0.03529719718726496,186.0,9.701652109712635,0.1347070033681872,0.691128377742331,0.036373770600738986,2.0988409090909093,3.0,,,,,,,,,,,,,,,,,,,,,,,
1988-05-01,1988,2,5,,,,,,,,,,,,,,,,,,,,,,,0.1831933373140133,0.15866772452900002,-0.08,0.031355760111067,0.020679973369100324,0.21999999999999975,0.03190528716492835,0.42070452173913037,4.0,,,0.12000000000000001,0.115,0.125,0.0949999999999988,-0.2919189588637564,,,,0.04404735696264915,0.047474573504545425,0.18319322714708816,0.11887491703444464,-560.0,21.9490320777469,-0.12031654300026418,1.1234240360745176,0.39099262273668156,2.0631335,7.0,,,,,,,,,,,,,,,,,,,,,,,
1988-06-01,1988,2,6,,,,,,,,,,,,,,,,,,,,,,,0.028787743802932142,-0.006211253624232353,-0.0135,0.03129579516389214,0.013584832913948297,-0.14000000000000012,0.12834607111002416,0.17355417391304348,2.0,,,0.015,0.015,0.009999999999999998,6.38378239159465e-16,-0.09165483185116209,,,,-0.004868765648832992,0.003660711344566665,0.028787639032529292,-0.02682351706680259,-27.0,6.259159032778428,0.021112727103142607,-0.4901047372081502,0.2632810333867131,0.3492315909090909,2.0,,,,,,,,,,,,,,,,,,,,,,,
1988-07-01,1988,3,7,,,,,,,,,,,,,,,,,,,,,,,0.07297721861391046,0.029934155163892695,-0.0135,0.03306836201335628,0.05035079631337691,-0.6500000000000004,0.09613152071384512,0.16214934782608698,2.0,,,0.04,0.035,0.06,0.039999999999992014,-0.487780390459136,,,0.01335069434851037,0.029018664478905123,0.029641150896679958,0.0729771292272339,-0.0368418823939492,228.5,9.74325191906047,0.1238827842490231,-1.4513811758803499,0.23811696621557576,0.6492922727272727,3.0,,,,,,,,,,,,,,,,,,,,,,,
1988-08-01,1988,3,8,,,,,,,,,,,,,,,,,,,,,,,0.1925530633382949,0.1547187161930209,0.035,0.03179331965514187,0.04233096017682669,-0.48,0.03224198204647877,0.36422643478260874,2.0,,,0.13,0.17500000000000002,0.145,0.1800000000000061,-0.779157933834344,,,0.07527905637349736,0.06858367216574343,0.05735292580794285,0.19255333564661636,0.09686711441116938,105.0,9.537995896542562,0.09927539415869369,-1.981917267941657,0.07358129581169859,1.0756174545454544,3.0,,,,,,,,,,,,,,,,,,,,,,,
1988-09-01,1988,3,9,,,,,,,,,,,,,,,,,,,,,,,-0.004677434971980207,-0.00449353604933552,-0.01,0.031276877397568015,-0.0035158526992331574,-0.74,-0.11829163045602975,0.13693899999999998,0.0,,,0.005,-0.02,-0.02,-0.0175,0.119260598512305,,,-0.01531101388624691,-0.009568001378260806,-0.009104235197368422,-0.004677511434562669,-0.005399262366231488,-10.0,3.127687739756801,-0.003515852699233157,-0.5757744788446018,-0.1182916304560298,0.1405420909090909,1.0,,,,,,,,,,,,,,,,,,,,,,,
1988-10-01,1988,4,10,,,,,,,,,,,,,,,,,,,,,,,0.0,0.0,,,,,,,0.0,0.0,0.0,0.0,0.0,0.0,0.0,0.0,0.0,0.0,0.0,0.0,0.0,0.0,0.0,0.0,0.0,0.0,0.0,0.0,0.0,0.0,,,,,,,,,,,,,,,,,,,,,,,
1988-11-01,1988,4,11,,,,,,,,,,,,,,,,,,,,,,,0.0968486330059114,0.07656565645939484,-0.0275,0.0299715864353427,0.024852985228634772,-0.7799999999999998,-0.05370452699149997,0.280793652173913,2.0,,,0.04,0.085,0.08,0.05999999999998801,-0.012047978180351693,,,0.03238795604745602,0.021405775793282178,0.026921414906206045,0.09684856906030324,0.03576383406007516,158.5,9.220898345808592,0.05103215482282675,-1.649152914202392,-0.1476075194613662,0.9612939545454545,3.0,,,,,,,,,,,,,,,,,,,,,,,
1988-12-01,1988,4,12,,,,,,,,,,,,,,,,,,,,,,,0.05008562014048249,0.02175157924378558,0.213,0.030908841322156988,0.029039885650733233,-0.71,-0.008975539675624589,0.22155552173913043,0.0,,,0.025,0.065,0.03,0.0349999999999966,-0.199691452398287,,,0.04883665490607419,0.03169184638450006,0.025507830990553416,0.0500856530654848,0.01133936062594287,213.0,3.090884132215699,0.02903988565073323,-0.6969570175686814,-0.008975539675624589,0.2194823636363636,1.0,,,,,,,,,,,,,,,,,,,,,,,
1989-01-01,1989,1,1,,,,,,,,,,,,,,,,,,,,,,,0.039146391461608976,-0.00319606232436509,0.029,0.030749149144421395,0.031305264099417585,-0.6100000000000001,0.0895973496764606,0.2555411304347826,3.0,,,0.01,0.025,0.01,0.0,-0.22072211654320412,,,-0.009814915631935744,0.00488299959605286,-0.0054307903027112445,0.03914619447138075,-0.06520058680250701,87.0,9.224744743326417,0.10076550776857562,-1.7680378115893074,0.2639716578371072,0.787900909090909,3.0,,,,,,,,,,,,,,,,,0.401950775671,0.3988476134836674,0.45284947752952576,,,,
1989-02-01,1989,1,2,,,,,,,,,,,,,,,,,,,,,,,0.14810097133889766,0.09911087586224493,0.153,0.03231930211769729,0.07774889535954177,-0.9800000000000001,0.03455524383922004,0.28497265217391304,4.0,,,0.07,0.07999999999999999,0.125,0.12000000000000681,-0.2062532390671628,,,0.04548677132422817,0.039597984510391725,0.04225868643702737,0.14810084496676687,-0.07955545819054989,765.0,16.159651058848645,0.42379184487513744,-3.2306199223842516,0.23085926515766264,1.2058234090909092,5.0,,,,,,,,,,,,,,,,,,,,,,,
1989-03-01,1989,1,3,,,,,,,,,,,,,,,,,,,,,,,-0.013211303324694001,-0.04752224243061672,0.0465,0.03036506982803644,0.04996029876546437,-0.68,0.029032953912583537,0.2260058260869565,0.0,,,-0.02,-0.01,-0.03,-0.025,0.076042418433353,,,-0.003975408857586247,-0.014825199080831877,-0.011043375834349362,-0.01321145685388759,-0.0428168178671836,46.5,3.036506982803644,0.04996029876546437,-0.5871953442980979,0.02903295391258354,0.2314779545454545,1.0,,,,,,,,,,,,,,,,,,,,,,,
1989-04-01,1989,2,4,,,,,,,,,,,,,,,,,,,,,,,0.0,0.0,,,,,,,0.0,0.0,0.0,0.0,0.0,0.0,0.0,0.0,0.0,0.0,0.0,0.0,0.0,0.0,0.0,0.0,0.0,0.0,0.0,0.0,0.0,0.0,,,,,,,,,,,,,,,,,,,,,,,
1989-05-01,1989,2,5,,,,,,,,,,,,,,,,,,,,,,,-0.006700818475804544,-0.032890972830584626,-0.103,0.028789460721327487,0.07663883981333086,-0.06,0.03533108132093421,0.24008469565217397,0.0,,,-0.01,-0.015,-0.015,-0.019999999999996,0.00787246605407077,,,-0.003848460330303174,-0.0070889630765262985,0.0,-0.006700939895675034,-0.0189183999225747,-103.0,2.878946072132749,0.07663883981333086,-0.02578738295147076,0.03533108132093421,0.2368023636363636,1.0,,,,,,,,,,,,,,,,,,,,,,,
1989-06-01,1989,2,6,,,,,,,,,,,,,,,,,,,,,,,-0.04363952417802043,-0.07155759492702782,-0.099,0.02772696704215072,0.10493621458398117,-0.55,-0.020868259115529142,0.24706426086956512,1.0,,,-0.04,-0.05,-0.06,-0.0499999999999972,0.238507518334341,,,-0.02633534458047965,-0.018235922260980992,-0.014814187337432607,-0.04363976425636588,-0.05019781686512262,-99.0,2.772696704215072,0.1049362145839812,0.09261025885400898,-0.02086825911552914,0.2460254545454545,1.0,,,,,,,,,,,,,,,,,,,,,,,
1989-07-01,1989,3,7,,,,,,,,,,,,,,,,,,,,,,,-0.05303210696832218,-0.061937150375272504,-0.0175,0.025320893637392317,0.08512740053710921,0.020000000000000004,-0.04560618102444991,0.18665013043478265,3.0,,,-0.045,-0.085,-0.11,-0.1000000000000227,0.8384555419670647,,,-0.06242383396067268,-0.03329096067466336,-0.017294223387567757,-0.05303262765066085,-0.04503447386681948,-70.0,10.128357454956928,0.33739853935743014,1.360168039528336,-0.3027484779056806,0.5693322727272727,4.0,,,,,,,,,,,,,,,,,,,,,,,
1989-08-01,1989,3,8,,,,,,,,,,,,,,,,,,,,,,,-0.014689660542766263,-0.01749846657978426,0.009,0.02358513771615911,0.06025099954420199,-0.07,-0.019058157901243433,0.01065047826086956,0.0,,,-0.02,-0.03,-0.01,-0.0300000000000011,-0.0291247999729016,,,-0.007510029673590503,-0.009081693585077344,-0.00641782493159075,-0.01468981972934222,-0.01774948268218225,9.0,2.358513771615911,0.06025099954420199,0.1238728296901188,-0.01905815790124343,0.01073831818181819,1.0,,,,,,,,,,,,,,,,,,,,,,,
1989-09-01,1989,3,9,,,,,,,,,,,,,,,,,,,,,,,0.0,0.0,,,,,,,0.0,0.0,0.0,0.0,0.0,0.0,0.0,0.0,0.0,0.0,0.0,0.0,0.0,0.0,0.0,0.0,0.0,0.0,0.0,0.0,0.0,0.0,,,,,,,,,,,,,,,,,,,,,,,
1989-10-01,1989,4,10,,,,,,,,,,,,,,,,,,,,,,,0.05451389012453434,0.04473386564557112,0.042,0.02198034214465494,0.10931206650062109,0.32,0.00956686302108345,0.07621882608695653,2.0,,,0.04,0.005,0.035,0.0249999999999915,0.9922450446711475,,,-0.0017350941039997892,4.937953641934861e-05,0.010967046881514021,0.05451378344108512,0.038034853477278974,-90.0,6.68435222655841,0.15139699581834612,-0.14052393474085445,0.03255432726623208,0.19211904545454545,3.0,,,,,,,,,,,,,,,,,,,,,,,
1989-11-01,1989,4,11,,,,,,,,,,,,,,,,,,,,,,,0.025208202712862372,0.03306062289049972,0.078,0.020489466604633577,-0.03343843973565619,0.04999999999999999,0.04610025762294612,-0.13948395652173917,3.0,,,0.009999999999999998,0.009999999999999998,-0.015000000000000006,-0.05000000000001139,0.08304923345727754,,,-0.018667021929136163,-0.002466614847920476,0.008948325078504455,0.02520791599914947,0.010411295430184663,312.0,8.195786641853433,-0.12359500148346303,0.22546176196125733,0.1755583160245866,-0.5599517272727272,4.0,,,,,,,,,,,,,,,,,,,,,,,
1989-12-01,1989,4,12,,,,,,,,,,,,,,,,,,,,,,,-0.02031962726982107,-0.026843641673514253,0.045,0.019827086915602976,-0.012391516527968882,-0.32,0.0346404515180998,0.04662652173913043,0.0,,,-0.04,-0.03,-0.02,-0.02,0.172575005079612,,,-0.0036488470098016007,0.0021811867349964,0.006044603673929084,-0.0203198527697526,-0.0286586753405414,45.0,1.982708691560298,-0.01239151652796888,-0.1006056570221765,0.0346404515180998,0.04763590909090909,1.0,,,,,,,,,,,,,,,,,,,,,,,
1990-01-01,1990,1,1,,,,,,,,,,,,,,,,,,,,,,,0.0,0.0,,,,,,,0.0,0.0,0.0,0.0,0.0,0.0,0.0,0.0,0.0,0.0,0.0,0.0,0.0,0.0,0.0,0.0,0.0,0.0,0.0,0.0,0.0,0.0,,,,,,,,,,,,,,,,,0.051599845952999934,0.046910108998417854,0.22246889770030975,,,,
1990-02-01,1990,1,2,-0.00032914,-0.1519,-0.0,-0.00032914,0.00888593,-0.00921507,,,,,,,,,,,,,,,,,0.01989641655607227,0.024395722888224853,0.1025,0.018747949163095967,-0.011528792958783285,0.51,0.02513827783247713,0.12818973913043477,0.0,,,0.015,0.015,0.015,-0.005,-0.311,,,0.013221913382272589,0.01151067745110626,0.02327794304716688,0.01989639356789762,0.01089662556454846,102.5,1.874794916309597,-0.01152879295878328,0.2713227327211469,0.02513827783247713,0.1225282727272727,1.0,,,,,,,,,,,,,,,,,,,,,,,
1990-03-01,1990,1,3,-0.02755799,-0.17591,-0.0,-0.02755799,-0.00329793,-0.02426006,,,,,,,,,,,,,,,,,-0.01592754382511846,-0.005299315212192497,0.1495,0.01849180465917577,-0.009558853455987837,0.42,0.00029714916952627846,0.0379485652173913,0.0,,,-0.025,-0.02,-0.02,-0.030000000000001137,-0.15954,,,-0.011419267428870245,-0.009273420106182564,-0.006711012712755833,-0.01592771614153128,-0.02596569596878664,149.5,1.849180465917755,-0.009558853455987837,0.08169491817946062,0.0002971491695262785,0.03537268181818182,1.0,,,,,,,,,,,,,,,,,,,,,,,
1990-04-01,1990,2,4,0.0,0.0,0.0,0.0,0.0,0.0,,,,,,,,,,,,,,,,,0.0,0.0,,,,,,,0.0,0.0,0.0,0.0,0.0,0.0,0.0,0.0,0.0,0.0,0.0,0.0,0.0,0.0,0.0,0.0,0.0,0.0,0.0,0.0,0.0,0.0,,,,,,,,,,,,,,,,,,,,,,,
1990-05-01,1990,2,5,-0.01231886,0.05109,-0.01231886,-0.0,-0.00920347,-0.00311539,,,,,,,,,,,,,,,,,-0.008308413293434772,-0.005215171066629801,-0.306,0.017290807945474995,0.06008494021547239,0.22999999999999998,0.01884461382823588,0.03512208695652174,0.0,,,-0.01,-0.025,-0.02,-0.01,0.21893,,,-0.011452011794920575,-0.0093811527014652,-0.01199232943076302,-0.008308540542225176,0.01371810040119391,-306.0,1.7290807945475,0.06008494021547239,0.1776991973494906,0.01884461382823588,0.04041622727272728,1.0,,,,,,,,,,,,,,,,,,,,,,,
1990-06-01,1990,2,6,0.0,0.0,0.0,0.0,0.0,0.0,,,,,,,,,,,,,,,,,0.0,0.0,,,,,,,0.0,0.0,0.0,0.0,0.0,0.0,0.0,0.0,0.0,0.0,0.0,0.0,0.0,0.0,0.0,0.0,0.0,0.0,0.0,0.0,0.0,0.0,,,,,,,,,,,,,,,,,,,,,,,
1990-07-01,1990,3,7,-0.07169805,0.03229,-0.07169805,0.0,-0.03777293,-0.03392512,,,,,,,,,,,,,,,,,-0.008637711757657904,-0.011280841179280486,-0.0685,0.016798324179941204,0.05777924570921655,-0.10000000000000003,-0.026966922882916577,0.15102443478260869,1.0,,,-0.04,-0.030000000000000002,-0.004999999999999999,-0.025,-0.08013300000000001,,,-0.005660427694099172,-0.004605150581793292,0.008289592723074063,-0.008638015313280963,-0.0031276140675407897,-128.5,3.4443112304268553,0.12591441969978057,0.45947119862771724,-0.028771170802554206,0.3100513636363636,2.0,,,,,,,,,,,,,,,,,,,,,,,
1990-08-01,1990,3,8,0.0,0.19733,0.0,0.0,-0.01175731,0.01175731,,,,,,,,,,,,,,,,,0.012858809321605323,0.023348262507149706,-0.219,0.016090961293421913,-0.09698652204644986,0.35,0.10190525197470812,0.028327999999999996,0.0,,,0.015,-0.01,0.005,0.005,0.40574,,,-0.00760608581956496,-0.009521163565357224,-0.014409847191658269,0.01285877279159492,0.03697720653008158,-219.0,1.609096129342191,-0.09698652204644898,0.5741466950973293,0.1019052519747081,0.02832427272727273,1.0,,,,,,,,,,,,,,,,,,,,,,,
1990-09-01,1990,3,9,0.0,0.0,0.0,0.0,0.0,0.0,,,,,,,,,,,,,,,,,0.0,0.0,,,,,,,0.0,0.0,0.0,0.0,0.0,0.0,0.0,0.0,0.0,0.0,0.0,0.0,0.0,0.0,0.0,0.0,0.0,0.0,0.0,0.0,0.0,0.0,,,,,,,,,,,,,,,,,,,,,,,
1990-10-01,1990,4,10,-0.01146873,-0.64347,-0.0,-0.01146873,0.03260486,-0.04407359,,,,,,,,,,,,,,,,,0.012875986309943105,0.011132045562784625,-0.042,0.01056511073389288,-0.12734976739325177,0.8400000000000001,0.15411842516944851,0.3823341304347827,1.0,,,0.004999999999999999,-0.004999999999999999,-0.01,-0.01,-0.7055680000000001,,,0.0036949686186701913,-6.0227493770588156e-05,0.00688061814694746,0.012875837333329624,0.021671469142669916,-143.0,2.425200055327714,-0.28266715267541986,1.2018779564335675,0.2590350211545171,0.7700920909090909,2.0,,,,,,,,,,,,,,,,,,,,,,,
1990-11-01,1990,4,11,0.00456409,-0.34311,0.00910555,-0.00454146,0.02272522,-0.01816113,,,,,,,,,,,,,,,,,0.03912925501712277,0.03576638470213169,-0.046,0.008244251422928173,-0.06451491145287758,0.1200000000000001,0.026550908047907384,0.49182047826086955,0.0,,,0.02,0.015,0.01,0.0,-0.7526299999999999,,,0.012970814870396627,0.02509706551751773,0.016692393483227503,0.03912908555997882,0.04172373963481061,-138.0,2.473275426878452,-0.19225179412475235,0.016392505792098173,0.027222863692408335,1.5158596363636363,3.0,,,,,,,,,,,,,,,,,,,,,,,
1990-12-01,1990,4,12,-0.14984599,0.83762,-0.17019052,0.02034453,-0.12483007,-0.02501592,,,,,,,,,,,,,,,,,-0.08456658618302695,-0.07666583098121324,-0.192,0.004294136119725067,0.014323998465797239,-0.26,-0.10201323294532205,0.46782665217391306,1.0,,,-0.15000000000000002,-0.09999999999999999,-0.08499999999999999,-0.08499999999999999,1.268727,,,-0.10589795123912557,-0.04443946914408346,-0.04610423390551745,-0.08456736675749313,-0.02893102568153621,-576.0,1.2882408359175201,0.08083368269855562,-0.7859603741597487,-0.3359839119920976,1.4908126363636365,3.0,,,,,,,,,,,,,,,,,,,,,,,
1991-01-01,1991,1,1,-0.12803962,0.36169,-0.12803962,-0.0,-0.08557002,-0.0424696,-13.49738,4.65799,-6.17437,-0.50699,1.0,-2.0573,1.10275,-2.34106,-0.29783,1.0,,,,,,,-0.10114795176908044,-0.08428632175408064,0.075,0.0030458180277790348,0.012890230169474215,0.040000000000000036,-0.16839249628291508,0.5595854347826087,1.0,,,-0.125,-0.11,-0.1,-0.08,0.44838,,-0.024491633128574455,-0.05328626261668957,-0.05855744505533535,-0.04258812504984448,-0.1011484978232677,-0.0926781429458266,75.0,0.3045818027779035,0.01289023016947421,0.1901932494650342,-0.1683924962829151,0.5579929545454546,1.0,,,,,,,,,,,,,,,,,0.259159679055,0.258423525840044,0.3520824322476983,,,,
1991-02-01,1991,1,2,-0.12674114,-0.00101,-0.05998207,-0.06675907,-0.06331039,-0.06343075,-7.29633,0.18206,1.75215,-0.29885999999999996,3.0,-1.1121199999999998,0.0431,0.66435,-0.17556000000000002,3.0,,,,,,,-0.06806207731482292,-0.04863517351241135,-0.23,-0.0012646629251538144,0.1304085608780694,0.3699999999999999,-0.17550401048212194,0.483336956521739,2.0,,,-0.09,-0.09,-0.095,-0.08499999999999999,-0.33730699999999997,,-0.024384444326785618,-0.018142539397094315,-1.4250792755480558e-05,0.012565520852291413,-0.06806266222364893,0.023659676893295387,-690.0,-0.3793988775461442,0.39902331679732317,0.8850297554779094,-0.5164104751215506,1.3976372272727275,3.0,,,,,,,,,,,,,,,,,,,,,,,
1991-03-01,1991,1,3,-0.10535509,0.60768,-0.10535509,-0.0,-0.08888433,-0.01647076,-4.59296,2.24112,-5.06989,1.22187,2.0,-0.70007,0.53057,-1.92228,0.7178,2.0,,,,,,,-0.07150837868518684,-0.05822845052921871,-0.077,-0.0064264097260586794,0.1482976428886813,0.8400000000000001,-0.0676312102155796,0.3709074782608695,1.0,,,-0.075,-0.11000000000000001,-0.07500000000000001,-0.0781,0.47347,,0.02452771094037246,-0.03136555990222171,-0.03835045641056809,-0.013098519378794986,-0.07150884080856595,-0.0457249636325754,-154.0,-1.2852819452120912,0.27922811576358963,1.1294941171991413,-0.1347295278165621,0.7782404090909091,2.0,,,,,,,,,,,,,,,,,,,,,,,
1991-04-01,1991,2,4,-0.19112778,0.63409,-0.19112778,0.0,-0.13334423,-0.05778355,-17.972,7.1944099999999995,-7.15382,0.51816,2.0,-2.7393300000000003,1.7032399999999999,-2.71243,0.30439000000000005,2.0,,,,,,,-0.14401325699340395,-0.13529047099998295,-0.06,-0.009788993229856047,0.10987269335721805,0.6799999999999997,0.005010328851366097,0.2968452173913044,2.0,,,-0.15,-0.195,-0.15,-0.11499999999999999,0.51079,,-0.10813936249073389,-0.0880625296068214,-0.06484769882779833,-0.045016699934781315,-0.14401400996293723,-0.12823491049478378,-120.0,-1.9577986459712093,0.2197453867144362,0.831420892042856,0.010020657702732194,0.5874778181818182,2.0,,,,,,,,,,,,,,,,,,,,,,,
1991-05-01,1991,2,5,0.00290232,-0.24255,0.00290232,0.0,0.01590277,-0.01300045,1.89441,-0.81402,1.52339,-0.59817,1.0,0.28875,-0.19272,0.5776,-0.3514,1.0,,,,,,,0.017931456577924512,0.04178996275965762,0.011,-0.012099788483759255,0.03357498289015659,0.72,-0.015634591817662802,0.2731688695652174,0.0,,,0.0,0.01,0.005,0.02,-0.1074,,-0.004881817219104099,0.007351150283128391,0.004504467393002742,0.004913787092468449,0.01793138042696034,0.03238534581820029,11.0,-1.209978848375926,0.03357498289015659,0.5803587836442277,-0.0156345918176628,0.2772458636363637,1.0,,,,,,,,,,,,,,,,,,,,,,,
1991-06-01,1991,2,6,0.0,0.0,0.0,0.0,0.0,0.0,0.0,0.0,0.0,0.0,0.0,0.0,0.0,0.0,0.0,0.0,,,,,,,0.0,0.0,,,,,,,0.0,0.0,0.0,0.0,0.0,0.0,0.0,0.0,0.0,0.0,0.0,0.0,0.0,0.0,0.0,0.0,0.0,0.0,0.0,0.0,0.0,0.0,,,,,,,,,,,,,,,,,,,,,,,
1991-07-01,1991,3,7,0.01293714,-0.00533,0.01293714,0.0,0.00678614,0.006151,0.01375,0.71678,1.44697,0.56265,1.0,0.0021,0.16969,0.54863,0.33053,1.0,,,,,,,0.018212005389551013,0.05513944774900689,-0.1,-0.013923550402447304,-0.01639184982594255,0.44999999999999973,-0.053142564997096464,0.22397639130434785,0.0,,,0.01,0.01,0.005,0.01,-0.12579,,0.008195540490440124,0.02421761928488386,0.022917141879562043,0.028687444022904064,0.01821196177161846,0.04913540071969016,-100.0,-1.39235504024473,-0.01639184982594255,0.2780751282802689,-0.05314256499709646,0.2270723181818182,1.0,,,,,,,,,,,,,,,,,,,,,,,
1991-08-01,1991,3,8,-0.09225015,0.48297,-0.14496197,0.05271182,-0.07490139,-0.01734876,-6.135769999999999,0.4247399999999999,-2.9016800000000003,0.6528,2.0,-0.93523,0.10055999999999998,-1.1002,0.38348,2.0,,,,,,,-0.08575949796529991,-0.06656542919396378,-0.101,-0.014048059663622325,0.011860427962933962,-0.050000000000000266,-0.01732449425415883,0.23029334782608696,1.0,,,-0.12,-0.105,-0.09999999999999999,-0.065,0.633442,,-0.077,-0.04933281739146958,-0.028943325863091778,-0.02406553427018576,-0.08576010702755553,-0.03657692997072451,-202.0,-2.809611932724466,0.030588862361132563,0.5757861402984252,-0.025711151281988975,0.3963833636363636,2.0,,,,,,,,,,,,,,,,,,,,,,,
1991-09-01,1991,3,9,0.00255468,-0.02151,0.00255468,0.0,0.00255895,-4.27000000000023e-06,-5.3195,4.75389,-1.3381000000000003,0.16,2.0,-0.81081,1.1254600000000001,-0.5073599999999999,0.09398999999999999,2.0,,,,,,,0.031961210623739314,0.042772002795199784,-0.006,-0.012004990170520813,0.016372260187458743,-0.29000000000000004,0.0327906072150439,0.07758734782608695,2.0,,,-0.015,0.015,0.03,0.025,0.019466999999999998,,0.0016133897856575813,0.012577419202419202,0.0043520775506178415,0.004631521484831943,0.03196101177545299,0.05837243678631977,-12.0,-2.400998034104162,0.03274452037491748,0.5024106553729216,0.0655812144300878,0.14290054545454547,2.0,,,,,,,,,,,,,,,,,,,,,,,
1991-10-01,1991,4,10,-0.0207461,-0.01814,-0.0207461,0.0,-0.00929223,-0.01145387,-4.08829,2.50856,0.08583000000000002,0.12949,2.0,-0.62314,0.59388,0.032539999999999986,0.07607,2.0,,,,,,,0.0189485114969066,0.02381820848751581,-0.006,-0.010897364246376995,0.04746011382687154,-0.31999999999999984,0.05500084514790782,0.01675713043478261,1.0,,,0.01,-0.02,0.005,0.01,-0.019161,,0.01282363916563975,-0.007062918908713301,-0.0021344823708035767,-0.0015168759047451883,0.018948373363152058,0.04070744423350095,-22.0,-2.29023544168978,0.06896798496807754,0.4364603587420248,0.1057497118214572,0.012587363636363662,2.0,,,,,,,,,,,,,,,,,,,,,,,
1991-11-01,1991,4,11,-0.10208057,0.0746,-0.11687898,0.01479841,-0.0554851,-0.04659547,-10.05109,5.39377,-4.16446,-0.5851,2.0,-1.532,1.27695,-1.57898,-0.34371999999999997,2.0,,,,,,,-0.06929521107130096,-0.050586753145277,-0.026,-0.009295727737072212,0.009434398007639011,0.27,0.05321595312855276,0.01496086956521739,0.0,,,-0.08499999999999999,-0.09,-0.08,-0.075,-0.22452,,-0.08503185353722419,-0.04941595676900205,-0.036405447613151926,-0.03390010938354559,-0.06929569709474076,-0.035495866746628246,-52.0,-1.8591455474144425,0.018868796015278022,1.0650419325450207,0.10643190625710552,0.03053400000000002,2.0,,,,,,,,,,,,,,,,,,,,,,,
1991-12-01,1991,4,12,-0.2829978,0.36832,-0.33348495,0.05048715,-0.16344413,-0.11955367,-32.00453,3.1660399999999997,-3.79738,-2.29899,4.0,-4.87819,0.74954,-1.43981,-1.35055,4.0,,,,,,,-0.2404310269906142,-0.2061016002658762,-0.211,-0.00845904271706388,-0.032790677589962236,0.4299999999999997,-0.010168528070830796,0.11801891304347828,3.0,,,-0.295,-0.26999999999999996,-0.24000000000000002,-0.24000000000000002,0.925999,,-0.15754438568360501,-0.12564061424098238,-0.07470969725770833,-0.03808794451689488,-0.24043245143861902,-0.061285335460151996,-844.0,-3.383617086825552,-0.06367943444213608,2.5343404083849075,-0.19823779232546457,0.46479550000000003,4.0,,,,,,,,,,,,,,,,,,,,,,,
1992-01-01,1992,1,1,0.0,0.0,0.0,0.0,0.0,0.0,0.0,0.0,0.0,0.0,0.0,0.0,0.0,0.0,0.0,0.0,,,,,,,0.0,0.0,,,,,,,0.0,0.0,0.0,0.0,0.0,0.0,0.0,0.0,0.0,0.0,0.0,0.0,0.0,0.0,0.0,0.0,0.0,0.0,0.0,0.0,0.0,0.0,,,,,,,,,,,,,,,,,-0.513794447357,-0.5126328971236944,-0.19335087155923247,,,,
1992-02-01,1992,1,2,0.00476498,0.03621,0.0,0.00476498,0.00022503,0.00453995,1.27533,0.90257,-1.24634,0.18495,1.0,0.19439,0.21368,-0.47256,0.10865,1.0,,,,,,,0.006400745723382798,0.033175396296675895,0.081,-0.0062920480974071324,0.05595378610603152,0.52,-0.053950804122185225,0.11530195652173914,0.0,,,0.0,-0.01,0.01,-0.01,0.04826,,0.0047360347016504436,0.0,-0.008363789237668161,-0.0059393231078313955,0.006400662454748142,0.02049629324233254,81.0,-0.7705856115592269,0.05595378610603152,0.6223182026949288,-0.05395080412218523,0.1155559545454545,1.0,,,,,,,,,,,,,,,,,,,,,,,
1992-03-01,1992,1,3,0.0,0.0,0.0,0.0,0.0,0.0,0.0,0.0,0.0,0.0,0.0,0.0,0.0,0.0,0.0,0.0,,,,,,,0.0,0.0,,,,,,,0.0,0.0,0.0,0.0,0.0,0.0,0.0,0.0,0.0,0.0,0.0,0.0,0.0,0.0,0.0,0.0,0.0,0.0,0.0,0.0,0.0,0.0,,,,,,,,,,,,,,,,,,,,,,,
1992-04-01,1992,2,4,-0.26625401,0.61127,-0.26625401,0.0,-0.16954769,-0.09670632,-20.39385,-7.03985,3.19127,-0.65436,2.0,-3.10847,-1.66665,1.20999,-0.38439999999999996,2.0,,,,,,,-0.21475936249346123,-0.19319564314656135,0.14,-0.0019176698819212135,-0.006838266479525679,0.6400000000000001,0.029277812028601247,0.05812595652173913,1.0,,,-0.20500000000000002,-0.22,-0.21500000000000002,-0.24500000000000002,0.8967120000000001,,-0.14756821846564755,-0.10758604733280004,-0.04697258066898688,-0.03959330259645717,-0.21476030904750606,-0.20276182946162927,91.0,-0.5778660750195285,-0.06326412083669641,0.24522118311244423,0.0793775670754231,0.1415046363636364,2.0,,,,,,,,,,,,,,,,,,,,,,,
1992-05-01,1992,2,5,0.01272564,-0.04802,0.01272564,0.0,0.00922395,0.00350169,-0.00942,3.66541,-2.39768,0.07637,1.0,-0.00144,0.86777,-0.9091,0.04486,1.0,,,,,,,0.03417865271721917,0.04014205468064356,0.051,0.0015032257622795697,0.009386568285036034,0.040000000000000036,0.02951682310320969,0.12003052173913042,0.0,,,0.025,0.03,0.02,0.02,-0.065997,,0.03308912985982545,0.0,-0.008390967325941604,-0.013408928329756589,0.03417866853771607,0.03316453257521648,51.0,0.150322576227957,0.009386568285036034,0.06648692693690705,0.02951682310320969,0.1209817272727273,1.0,,,,,,,,,,,,,,,,,,,,,,,
1992-06-01,1992,2,6,0.0,0.0,0.0,0.0,0.0,0.0,0.0,0.0,0.0,0.0,0.0,0.0,0.0,0.0,0.0,0.0,,,,,,,0.0,0.0,,,,,,,0.0,0.0,0.0,0.0,0.0,0.0,0.0,0.0,0.0,0.0,0.0,0.0,0.0,0.0,0.0,0.0,0.0,0.0,0.0,0.0,0.0,0.0,,,,,,,,,,,,,,,,,,,,,,,
1992-07-01,1992,3,7,-0.07160614,0.22288,-0.07160614,-0.0,-0.0490827,-0.02252344,-8.52447,4.1879,0.61892,1.22379,1.0,-1.29932,0.99146,0.23467,0.71892,1.0,,,,,,,0.04613231700317119,0.05240097021456857,-0.212,0.0034922059862658728,0.024220431893788863,0.1200000000000001,0.035034253609734556,0.13257126086956522,0.0,,,0.01,0.02,0.045,0.07,-0.15737,,0.02349568988312444,0.022275177104662387,0.018544905913415198,0.01024658271135318,0.04613228214240481,0.06878341624164795,-212.0,0.3492205986265873,0.02422043189378886,0.4318302856128269,0.03503425360973456,0.1316913636363637,1.0,,,,,,,,,,,,,,,,,,,,,,,
1992-08-01,1992,3,8,0.00526024,0.02617,0.0,0.00526024,0.00107086,0.00418938,2.60467,0.83522,-1.11076,0.31301,1.0,0.39701,0.19773,-0.42116,0.18388,1.0,,,,,,,0.006374029139445177,0.006437567620148978,0.088,0.004689329562843625,0.02706346089412559,-0.2400000000000002,0.005668358457198153,0.13238330434782608,0.0,,,-0.01,0.01,-0.01,0.0,0.077351,,0.007743180376400931,0.006662833270747278,0.003960597826086956,0.0,0.006373919200486274,0.002137745995616449,88.0,0.4689329562843625,0.02706346089412559,0.09973219617581286,0.005668358457198153,0.1306279545454546,1.0,,,,,,,,,,,,,,,,,,,,,,,
1992-09-01,1992,3,9,-0.0045102,-0.00719,-0.0,-0.0045102,-0.00182671,-0.00268349,0.00448,-0.84373,1.49288,0.16541,1.0,0.00068,-0.19975,0.56604,0.09717,1.0,,,,,,,-0.007754574323919658,0.00522022277179058,-0.233,0.005717589520079613,0.008143504412690739,-0.22999999999999998,-0.020254174410417214,0.0823044347826087,1.0,,,-0.01,-0.015,-0.005,-0.035,-0.0059875,,-0.00776244846178243,0.003339117384983351,0.013883007431394529,0.015280250996353769,-0.007754693469872179,0.02253774711565291,-233.0,0.5717589520079613,0.008143504412690739,0.2392509280433721,-0.02025417441041721,0.07686704545454547,1.0,,,,,,,,,,,,,,,,,,,,,,,
1992-10-01,1992,4,10,0.00268018,-0.19372,0.00268018,0.0,0.01288231,-0.01020213,-0.04296,3.03733,-1.25773,-0.3891,1.0,-0.00655,0.71907,-0.47688,-0.22858,1.0,,,,,,,0.01677517971418906,0.02878349201810869,-0.007,0.005715958071897731,-0.01622407757872857,-0.08000000000000007,-0.0023707222199478295,0.08853382608695651,0.0,,,0.01,0.0,0.01,0.01,-0.14727,,0.007746761829236056,0.010018315448376265,0.00398835415595425,-0.007141806722689076,0.01677513233593125,0.02662036189979818,-7.0,0.5715958071897731,-0.01622407757872857,0.1587334454290872,-0.00237072221994783,0.08735172727272729,1.0,,,,,,,,,,,,,,,,,,,,,,,
1992-11-01,1992,4,11,-0.00943834,0.19022,-0.00943834,-0.0,-0.01605286,0.00661452,-4.97413,2.94029,-0.95072,0.73354,1.0,-0.75817,0.6961,-0.36047,0.43092,1.0,,,,,,,0.011345167297352335,0.029205541152805915,0.002,0.007108173949273322,-0.0034999619066251597,0.28000000000000025,-0.01846917854339747,0.08936160869565217,0.0,,,0.01,-0.015,0.005,0.01,0.31449,,0.010964091173515258,0.006851677568114443,-0.002034460184140515,0.001435824029010402,0.01134511220617771,0.01619668555998073,2.0,0.7108173949273322,-0.00349996190662516,-0.1797057994468139,-0.01846917854339747,0.08987468181818183,1.0,,,,,,,,,,,,,,,,,,,,,,,
1992-12-01,1992,4,12,-0.00987219,-0.07718,-0.0,-0.00987219,-0.00033756,-0.00953463,3.8739,-1.34655,0.23042,-0.17013,1.0,0.59047,-0.31879,0.08736,-0.09994,1.0,,,,,,,0.0024710170388302505,0.00839732069911889,0.045,0.009008241815536167,0.04214201171874521,-0.14000000000000012,-0.05061387818917851,0.15490743478260868,0.0,,,0.0,-0.01,-0.005,-0.01,-0.12453,,0.007852647167715662,0.0,-0.00203065347638289,0.0,0.002470931283280884,-0.002844573578154298,45.0,0.9008241815536167,0.04214201171874521,-0.462703469206188,-0.05061387818917851,0.1588220909090909,1.0,,,,,,,,,,,,,,,,,,,,,,,
1993-01-01,1993,1,1,0.0,0.0,0.0,0.0,0.0,0.0,0.0,0.0,0.0,0.0,0.0,0.0,0.0,0.0,0.0,0.0,,,,,,,0.0,0.0,,,,,,,0.0,0.0,0.0,0.0,0.0,0.0,0.0,0.0,0.0,0.0,0.0,0.0,0.0,0.0,0.0,0.0,0.0,0.0,0.0,0.0,0.0,0.0,,,,,,,,,,,,,,,,,0.328281517366,0.3293145075440407,0.4767484702169895,,,,
1993-02-01,1993,1,2,-0.0080093,-0.05131,-0.0,-0.0080093,-0.0009475,-0.0070618,-0.01004,-0.02418,0.48348,-0.09045,1.0,-0.00153,-0.00572,0.18331,-0.05314,1.0,,,,,,,0.00734472190213968,0.0005387804338743904,-0.027,0.013091376084313211,0.06589901685420596,-0.33999999999999986,-0.028068160365103623,0.17949639130434783,0.0,,,-0.01,-0.01,0.01,0.005,-0.072446,,-0.0031081209685946917,0.006692181263207325,0.003936699217397327,0.0,0.007344605895148132,0.002898561471646487,-27.0,1.074242529907998,0.06589901685420596,-0.387886701187627,-0.02806816036510362,0.1818646363636364,1.0,,,,,,,,,,,,,,,,,,,,,,,
1993-03-01,1993,1,3,0.00908292,-0.0844,0.00908292,0.0,0.00957018,-0.00048726,-0.01411,1.21498,0.14382,-0.00589,1.0,-0.00215,0.28764,0.05453,-0.00346,1.0,,,,,,,0.008976711817994002,-0.0030445948596231794,0.243,0.015864334620934173,0.03015417509102747,-0.44999999999999973,0.017740331930709452,0.06402473913043476,0.0,,,0.0,0.0,0.0,0.0,-0.17734,,0.00464432226686403,0.00495672366476673,0.011576403656549479,0.007851172822863305,0.008976631070062496,-0.01727818081502881,243.0,1.586433462093417,0.03015417509102747,-0.1920723749381228,0.01774033193070945,0.06139895454545456,1.0,,,,,,,,,,,,,,,,,,,,,,,
1993-04-01,1993,2,4,0.0,0.0,0.0,0.0,0.0,0.0,0.0,0.0,0.0,0.0,0.0,0.0,0.0,0.0,0.0,0.0,,,,,,,0.0,0.0,,,,,,,0.0,0.0,0.0,0.0,0.0,0.0,0.0,0.0,0.0,0.0,0.0,0.0,0.0,0.0,0.0,0.0,0.0,0.0,0.0,0.0,0.0,0.0,,,,,,,,,,,,,,,,,,,,,,,
1993-05-01,1993,2,5,-0.02446199,0.16628,-0.02446199,-0.0,-0.02213829,-0.0023237,-2.56761,-0.87609,-0.67836,-0.00092,1.0,-0.39136,-0.20741,-0.25721,-0.00054,1.0,,,,,,,-0.009384095655761798,-0.016292510882029303,-0.031,0.016270182043346182,-0.009628280957839408,-0.27,0.027235979648434494,0.1648847391304348,0.0,,,-0.01,-0.02,-0.02,-0.02,0.15375,,-0.00541417772374055,-0.013192731535756156,-0.01931281909755761,-0.01723865106624594,-0.00938422019925325,-0.01343113977564839,-31.0,1.627018204334618,-0.009628280957839408,-0.2003143268821264,0.02723597964843449,0.1628203636363637,1.0,,,,,,,,,,,,,,,,,,,,,,,
1993-06-01,1993,2,6,0.0,0.0,0.0,0.0,0.0,0.0,0.0,0.0,0.0,0.0,0.0,0.0,0.0,0.0,0.0,0.0,,,,,,,0.0,0.0,,,,,,,0.0,0.0,0.0,0.0,0.0,0.0,0.0,0.0,0.0,0.0,0.0,0.0,0.0,0.0,0.0,0.0,0.0,0.0,0.0,0.0,0.0,0.0,,,,,,,,,,,,,,,,,,,,,,,
1993-07-01,1993,3,7,0.00223728,0.31433,0.0,0.00223728,-0.01760977,0.01984705,2.77798,-3.33503,-0.08803,0.75944,1.0,0.42342,-0.78955,-0.03338,0.44614,1.0,,,,,,,-0.005688594170399739,-0.018287638909715336,-0.137,0.018536262586666297,0.0032571108390504477,-0.3999999999999999,0.026567356137650044,0.2102740869565217,0.0,,,-0.01,-0.025,-0.01,-0.01,0.20743,,-0.010071896806935928,-0.0032845055898000795,-0.00948739114284535,-0.0012626304341840807,-0.005688719761247003,-0.009671062546218714,-137.0,1.85362625866663,0.00325711083904956,-0.6213722744891199,0.02656735613765004,0.2129382727272727,1.0,,,,,,,,,,,,,,,,,,,,,,,
1993-08-01,1993,3,8,0.00268018,-0.05693,0.00268018,0.0,0.00473209,-0.00205191,-0.00514,1.29628,0.30599,0.17672,1.0,-0.00078,0.30689,0.11602,0.10381,1.0,,,,,,,0.015537296431836867,-0.0031039121435981476,0.012,0.02056845261032869,0.03040483345209477,-0.44999999999999973,0.005570796136174394,0.2532240434782609,0.0,,,0.005,0.01,0.0,0.01,-0.10402,,0.012365068456943488,0.009806705559850986,0.009414497374859122,0.006113255996066362,0.0155372359237422,-0.002478578419912879,12.0,2.056845261032869,0.03040483345209477,-0.5748860533524662,0.005570796136174394,0.2565687272727273,1.0,,,,,,,,,,,,,,,,,,,,,,,
1993-09-01,1993,3,9,0.0032672,0.0022,0.0,0.0032672,0.00150252,0.00176468,0.00682,1.29318,-0.17493,0.29409,1.0,0.00104,0.30615,-0.06633,0.17276,1.0,,,,,,,0.0028407285741082863,-0.004988139400703027,-0.189,0.020770103216008806,0.020678162247828702,-0.2599999999999998,-0.0008731864395645772,0.19234921739130437,0.0,,,-0.005,0.01,-0.01,-0.020000000000000462,-0.016462,,0.010830513850708394,0.001625717162728614,0.013073755867255907,0.004813610592859602,0.002840635517640884,0.007436766502670023,-189.0,2.077010321600881,0.0206781622478287,-0.3988383835165878,-0.0008731864395645772,0.1881778636363636,1.0,,,,,,,,,,,,,,,,,,,,,,,
1993-10-01,1993,4,10,0.0,0.0,0.0,0.0,0.0,0.0,0.0,0.0,0.0,0.0,0.0,0.0,0.0,0.0,0.0,0.0,,,,,,,0.0,0.0,,,,,,,0.0,0.0,0.0,0.0,0.0,0.0,0.0,0.0,0.0,0.0,0.0,0.0,0.0,0.0,0.0,0.0,0.0,0.0,0.0,0.0,0.0,0.0,,,,,,,,,,,,,,,,,,,,,,,
1993-11-01,1993,4,11,-0.00094548,0.04721,-0.00094548,-0.0,-0.00328561,0.00234013,2.32306,0.08588,-1.88226,-0.03555,1.0,0.35408,0.02033,-0.71367,-0.02089,1.0,,,,,,,0.009130344515776063,-0.0032935695186711127,0.017,0.023535398518088613,0.031249822846902475,-0.1200000000000001,-0.007158787235034936,0.234187,0.0,,,0.01,-0.01,0.01,-0.01,-0.11801,,0.0,-0.004887202192705039,-0.013106556025718525,-0.008435762311466472,0.009130293369522494,-0.004668144019509955,17.0,2.353539851808861,0.03124982284690248,-0.2365917049144177,-0.007158787235034936,0.2433739545454546,1.0,,,,,,,,,,,,,,,,,,,,,,,
1993-12-01,1993,4,12,-0.02084602,0.01719,-0.02084602,-0.0,-0.01144722,-0.0093988,0.0041,-0.05138,-0.01914,0.05453,1.0,0.00062,-0.01216,-0.00726,0.03203,1.0,,,,,,,0.005902726512355444,-0.0043425191822929156,0.037,0.024496185772122203,0.022275055827238432,0.21999999999999975,0.004343905276549265,0.2687988695652174,0.0,,,0.01,0.0,-0.01,-0.013,-0.037476,,0.0,-0.0033057405496670104,0.0,0.0012424405505741987,0.00590267676270758,-0.005911892620033679,37.0,2.44961857721222,0.02227505582723843,0.200504213735103,0.004343905276549265,0.2722175454545455,1.0,,,,,,,,,,,,,,,,,,,,,,,
1994-01-01,1994,1,1,0.0,0.0,0.0,0.0,0.0,0.0,0.0,0.0,0.0,0.0,0.0,0.0,0.0,0.0,0.0,0.0,,,,,,,0.0,0.0,,,,,,,0.0,0.0,0.0,0.0,0.0,0.0,0.0,0.0,0.0,0.0,0.0,0.0,0.0,0.0,0.0,0.0,0.0,0.0,0.0,0.0,0.0,0.0,,,,,,,,,,,,,,,,,1.6534360828270003,1.6554864197969437,1.8784849420189857,,,,
1994-02-01,1994,1,2,0.13811032,-0.64105,0.13811032,0.0,0.10725019,0.03086013,16.31941,7.32867,-0.3537,0.92541,1.0,2.48743,1.73502,-0.13411,0.54363,1.0,0.0743783857715746,,0.0792890794404142,1.0,,,0.16033076183312878,0.1369413972367326,-0.118,0.02520896286054608,0.02585615250522988,0.08999999999999986,0.060387127901059046,0.3325090869565217,0.0,,,0.125,0.15,0.15,0.15,-0.85183,,0.15176881180265453,0.12846352334037064,0.09127432603781906,0.033348891268337774,0.1603311701638023,0.1511793458992768,-118.0,2.520896286054608,0.02585615250522988,0.07980321254001321,0.06038712790105905,0.3303752727272727,1.0,0.1633333333333334,-0.05478037037037044,0.14,0.10001,,,0.142000198,0.111999989,0.073999882,,,0.86530442035029,0.0,0.0,0.0,1.0,,,,,,,
1994-03-01,1994,1,3,-0.03203874,0.29613,-0.03203874,-0.0,-0.03366338,0.00162464,0.03797,-2.40238,-3.32992,-0.28238,1.0,0.00579,-0.56875,-1.26257,-0.16588,1.0,-0.0259036871279968,,-0.0270353646810871,1.0,,,-0.04566737129665087,-0.06429720282094097,0.067,0.02454986570562312,0.01116035106031621,0.16999999999999993,0.04130573244964442,0.31942,0.0,,,-0.055,-0.055,-0.045,-0.052,0.41428,,-0.05781985508012905,-0.06498906422708778,-0.05817281003663816,-0.05233593348591714,-0.04566765928417223,-0.06800043755322338,67.0,2.454986570562312,0.01116035106031621,-0.0503623895794405,0.04130573244964442,0.3203978636363636,1.0,0.0,-0.08857142857142858,0.0,-0.04,,,-0.052000046,-0.072999954,-0.065999985,,,0.22727272727273,0.0,0.0,0.0,1.0,,,,,,,
1994-04-01,1994,2,4,0.13275494,-0.68128,0.13275494,0.0,0.10696949,0.02578545,14.95293,0.74898,2.82115,-0.21338,1.0,2.27915,0.17732,1.06966,-0.12535,1.0,0.0591445747561572,,0.0634990535109667,1.0,,,0.09964886742126164,0.09507735450691998,0.2265,0.02910182436876596,-0.06084344914014039,0.54,0.004546121869381636,0.35736373913043473,1.0,,,0.07,0.09,0.09,0.095,-0.75667,,0.06383890770533446,0.07174841342864557,0.05200353069745285,0.03584315151747174,0.09964906385397734,0.07288012122397557,226.5,2.910182436876596,-0.06084344914014039,0.1014131739803932,0.004546121869381636,0.358134,1.0,0.150025,-0.005030357142857119,0.06001,0.08,,,0.125,0.111000061,0.084000111,,,0.315822718180858,0.0,1.0,0.0,1.0,,,,,,,
1994-05-01,1994,2,5,-0.01546897,0.52219,-0.01546897,-0.0,-0.0388476,0.02337863,11.19825,-9.6217,-4.46897,-0.23593,1.0,1.70686,-2.27788,-1.69444,-0.1386,1.0,-0.0190994518422074,,-0.0193507042416019,1.0,,,-0.04738512542833589,-0.06407609513276537,0.092,0.029410468802668177,-0.06168145478904741,0.3700000000000001,0.0624100008184465,0.38973778260869557,0.0,,,-0.035,-0.06,-0.055,-0.065,0.54325,,-0.06410351397121083,-0.0896679401915004,-0.07084446184609791,-0.07117392750249418,-0.04738535258984095,-0.07331937169710798,92.0,2.941046880266818,-0.06168145478904741,-0.1223973119090545,0.0624100008184465,0.3858982272727273,1.0,0.1107142857142857,-0.05137142857142857,0.05,0.05,,,-0.06000042,-0.090999603,-0.100000381,,,0.225491248792019,0.0,0.0,0.0,1.0,,,,,,,
1994-06-01,1994,2,6,0.0,0.0,0.0,0.0,0.0,0.0,0.0,0.0,0.0,0.0,0.0,0.0,0.0,0.0,0.0,0.0,0.0,0.0,0.0,0.0,,,0.0,0.0,,,,,,,0.0,0.0,0.0,0.0,0.0,0.0,0.0,0.0,0.0,0.0,0.0,0.0,0.0,0.0,0.0,0.0,0.0,0.0,0.0,0.0,0.0,0.0,0.0,0.0,0.0,0.0,0.0,0.0,0.0,0.0,0.0,0.0,0.0,0.0,0.0,0.0,0.0,0.0,,,,,,,
1994-07-01,1994,3,7,-0.01638867,-0.22844,-0.0,-0.01638867,0.00541657,-0.02180524,-5.03161,2.46882,1.24486,-0.55505,1.0,-0.76693,0.58448,0.472,-0.32607,1.0,0.006706580794654,,0.0085094271253203,1.0,,,0.010069530624807232,-0.030543093447967316,-0.084,0.030990799512405687,0.0018387304489868583,-0.33000000000000007,0.07582316883433116,0.47493439130434784,0.0,,,-0.01,0.005,0.0,0.01,-0.08943,,0.008054732161761592,0.00889594747780087,0.014872191011235955,0.017835704221274295,0.01006941963849252,-0.01498632751369259,-84.0,2.987397703227757,0.001838730448986858,-0.4508628927392397,0.07582316883433116,0.4796849545454546,1.0,-0.0496,0.05290666666666666,-0.04,0.0,,,0.004000187,0.013000011,0.018000126,,,-0.0558222619180497,0.0,0.0,0.0,1.0,,,,,,,
1994-08-01,1994,3,8,0.03781782,0.25704,0.0,0.03781782,0.00359396,0.03422386,12.50273,-4.82038,-3.13923,0.39337,1.0,1.90569,-1.1412,-1.19026,0.23108,1.0,0.0259115154342655,,0.028626764059741,1.0,,,0.03238334358457743,-0.0005072778915578072,0.049,0.031438288626180366,0.038635493191415904,-0.3500000000000001,0.008165792932987692,0.40022517391304335,0.0,,,0.065,0.02,0.01,-0.01,0.22677,,-0.01125866723124967,-0.030055457227138645,-0.037664809786412116,-0.05053843510138618,0.03238348287931032,0.005024376895865865,49.0,3.143828862618037,0.0386354931914159,-0.2489632636767598,0.008165792932987692,0.3992404090909091,1.0,0.124,0.0,0.06,0.09,,,0.044000149,-0.011000156,-0.035999775,,,0.533707865168533,0.0,0.0,0.0,1.0,,,,,,,
1994-09-01,1994,3,9,-0.03212948,-0.17136,-0.0,-0.03212948,-0.00585477,-0.02627471,-9.07051,3.5191,2.36409,-0.19201,1.0,-1.38254,0.83313,0.89636,-0.1128,1.0,-0.0105383067956413,,-0.0103270588670029,1.0,,,-0.004705555032944735,-0.03536114747355352,-0.0535,0.03264216780344675,0.024582488885536158,-0.25,0.0052708231774865055,0.4485424782608695,0.0,,,-0.03,-0.02,0.0,0.0,-0.26451,,0.0048660808807961045,0.021645539684041246,0.028208382693067073,0.03858200789401696,-0.004705741326613156,-0.02131124704008059,-53.5,3.264216780344675,0.02458248888553616,-0.05395546809891005,0.005270823177486506,0.4458187272727273,1.0,-0.09,-0.01000000000000001,-0.02,-0.09,,,-0.009000301,0.021000385,0.020999908,,,-0.233485193621865,0.0,0.0,0.0,1.0,,,,,,,
1994-10-01,1994,4,10,0.0,0.0,0.0,0.0,0.0,0.0,0.0,0.0,0.0,0.0,0.0,0.0,0.0,0.0,0.0,0.0,0.0,0.0,0.0,0.0,,,0.0,0.0,,,,,,,0.0,0.0,0.0,0.0,0.0,0.0,0.0,0.0,0.0,0.0,0.0,0.0,0.0,0.0,0.0,0.0,0.0,0.0,0.0,0.0,0.0,0.0,0.0,0.0,0.0,0.0,0.0,0.0,0.0,0.0,0.0,0.0,0.0,0.0,0.0,0.0,0.0,0.0,,,,,,,
1994-11-01,1994,4,11,0.06538779,-0.44889,0.06538779,0.0,0.05943965,0.00594814,11.94654,-2.0849,-1.00365,-1.3565,1.0,1.82091,-0.49359,-0.38054,-0.79688,1.0,0.0313157197198685,,0.034265563319083,1.0,,,0.046071518802004115,0.02686808758714393,-0.051,0.0327857809573473,0.008836454833726748,-0.10000000000000009,0.03675689762251899,0.1789031739130435,0.0,,,0.05,0.03,0.03,0.03,-1.2322,,0.008158758737555604,-0.005489295187571049,-0.008832449253836906,-0.015742513030419035,0.04607161617574634,0.03301831652603948,-51.0,3.27857809573473,0.008836454833726748,-0.1741468358973122,0.03675689762251899,0.1710085909090909,1.0,0.12,0.007272727272727307,0.06,0.08,,,0.039999962,0.008000374,-0.010000229,,,0.295959021058628,0.0,0.0,0.0,1.0,,,,,,,
1994-12-01,1994,4,12,-0.04989101,0.10486,-0.04989101,-0.0,-0.03119327,-0.01869774,-22.6268,9.69468,-0.73695,0.17191,1.0,-3.44882,2.29516,-0.27942,0.10099,1.0,-0.0178590695252435,,-0.0185706287102805,1.0,,,0.006690981054014642,-0.0195956929137076,0.1,0.034085182164036,-0.028588751447287564,-0.71,0.01688516474076618,0.22701917391304346,0.0,,,-0.05,0.0,0.02,0.025,-0.0054205,,0.008264830508474577,0.003687788700698804,0.015435663555624585,0.009128010164001202,0.006690741983437653,-0.02867879827012736,100.0,3.4085182164036,-0.02858875144728756,-1.195019078267226,0.01688516474076618,0.2226120909090909,1.0,-0.2254545454545455,-0.0435016835016835,-0.08,-0.14,,,-0.009000301,-0.004000187,0.008999825,,,-0.0557537912578182,0.0,0.0,0.0,1.0,,,,,,,
1995-01-01,1995,1,1,0.0,0.0,0.0,0.0,0.0,0.0,0.0,0.0,0.0,0.0,0.0,0.0,0.0,0.0,0.0,0.0,0.0,0.0,0.0,0.0,,,0.0,0.0,,,,,,,0.0,0.0,0.0,0.0,0.0,0.0,0.0,0.0,0.0,0.0,0.0,0.0,0.0,0.0,0.0,0.0,0.0,0.0,0.0,0.0,0.0,0.0,0.0,0.0,0.0,0.0,0.0,0.0,0.0,0.0,0.0,0.0,0.0,0.0,0.0,0.0,0.0,0.0,0.7611563923550001,0.7622116338461637,1.0029570739716291,,,,
1995-02-01,1995,1,2,0.05605194,-0.25438,0.05605194,0.0,0.04318244,0.0128695,6.21266,2.79852,-0.46723,0.21906,1.0,0.94695,0.66254,-0.17715,0.12869,1.0,0.0499700461564529,,0.0543164450053978,1.0,,,0.0646202318625144,0.029336582295560416,-0.004,0.03410165362177864,0.009762218790963395,-1.0899999999999999,0.007985127774432499,0.24940660869565218,0.0,,,0.05,0.06,0.06,0.04,-0.17962,,0.04916159101742492,0.03645490493216206,0.02164941183108127,0.02379245027736436,0.06462034756732597,0.03846769061118067,-4.0,3.37187304588884,0.009762218790963395,-0.9253913679547838,0.007985127774432499,0.2574990454545455,1.0,0.0725925925925926,0.05,0.07,0.02,,,0.06400013,0.049000263,0.031000137,,,-0.0625711035267426,0.0,0.0,0.0,1.0,,,,,,,
1995-03-01,1995,1,3,0.01834639,-0.15511,0.01834639,0.0,0.01841496,-6.857e-05,-1.03549,1.86686,0.21971,-0.23135,1.0,-0.15783,0.44197,0.08331,-0.13591,1.0,0.0158268508434992,,0.0177624867242868,1.0,,,0.032618689080530165,-0.01601304906692974,0.086,0.03411640311206021,0.09060940159785424,-0.94,0.021299036409509142,0.29928547826086954,0.0,,,0.01,0.03,0.025,0.025,-0.078973,,0.016233786860077294,0.016054714262089823,0.01467769058295964,0.014318164465144688,0.03261865734110173,0.002988777209888473,86.0,3.411640311206021,0.09060940159785424,0.1717083096299254,0.02129903640950914,0.3014816363636364,1.0,0.0,0.0,0.0,0.0,,,0.008999825,0.011000156,0.016000271,,,-0.00603136308805241,0.0,0.0,0.0,1.0,,,,,,,
1995-04-01,1995,2,4,0.0,0.0,0.0,0.0,0.0,0.0,0.0,0.0,0.0,0.0,0.0,0.0,0.0,0.0,0.0,0.0,0.0,0.0,0.0,0.0,,,0.0,0.0,,,,,,,0.0,0.0,0.0,0.0,0.0,0.0,0.0,0.0,0.0,0.0,0.0,0.0,0.0,0.0,0.0,0.0,0.0,0.0,0.0,0.0,0.0,0.0,0.0,0.0,0.0,0.0,0.0,0.0,0.0,0.0,0.0,0.0,0.0,0.0,0.0,0.0,0.0,0.0,,,,,,,
1995-05-01,1995,2,5,-0.01004632,-0.04189,-0.0,-0.01004632,-0.00252727,-0.00751905,-0.00564,0.79244,-0.02787,0.01851,1.0,-0.00086,0.18761,-0.01057,0.01087,1.0,0.0011320973602871,,0.0022049204534196,1.0,,,0.002275852798337882,-0.03511573584764186,-0.159,0.03016027297049284,0.07622112588336893,-0.8500000000000001,0.0307923706062061,0.22123117391304348,0.0,,,-0.01,-0.01,0.0,-0.005,-0.023764,,0.00802064038105319,0.006939241878106815,0.006008474576271187,0.0026286877474764377,0.002275735544053733,-0.005929147897029269,-159.0,3.016027297049284,0.07622112588336893,-0.1324554144719321,0.0307923706062061,0.2103626363636364,1.0,0.0,0.0,0.0,0.02,,,0.0,0.002999783,0.002000332,,,0.0,0.0,0.0,0.0,1.0,,,,,,,
1995-06-01,1995,2,6,0.0,0.0,0.0,0.0,0.0,0.0,0.0,0.0,0.0,0.0,0.0,0.0,0.0,0.0,0.0,0.0,0.0,0.0,0.0,0.0,,,0.0,0.0,,,,,,,0.0,0.0,0.0,0.0,0.0,0.0,0.0,0.0,0.0,0.0,0.0,0.0,0.0,0.0,0.0,0.0,0.0,0.0,0.0,0.0,0.0,0.0,0.0,0.0,0.0,0.0,0.0,0.0,0.0,0.0,0.0,0.0,0.0,0.0,0.0,0.0,0.0,0.0,,,,,,,
1995-07-01,1995,3,7,-0.24805813,0.2993,-0.24805813,-0.0,-0.14186195,-0.10619618,-11.24566,-11.42381,-2.49958,-3.63399,1.0,-1.71408,-2.70453,-0.94774,-2.1348,1.0,-0.1346353384664635,,-0.1422739502254265,1.0,,,-0.24485349481283875,-0.26150599931149426,-0.2735,0.026340158705481898,0.08889691824451607,-0.73,-0.03674979847771631,0.11249947826086955,0.0,,,-0.185,-0.27,-0.25,-0.26,0.38967,,-0.20308449288397443,-0.1757570058303555,-0.14257693795237306,-0.10507620239062743,-0.2448543245074993,-0.2345539180369616,-273.5,2.707841235033115,0.08889691824451607,-0.3154698839972374,-0.03674979847771631,0.1121327727272727,1.0,-0.0868,-0.1322666666666667,-0.07,-0.1,,,-0.190000057,-0.169000149,-0.134000301,,,-0.0183710961420705,0.0,0.0,0.0,1.0,,,,,,,
1995-08-01,1995,3,8,0.04344491,-0.18269,0.04344491,0.0,0.03260749,0.01083742,3.43444,1.44961,0.90601,0.2399,1.0,0.52348,0.34319,0.34352,0.14093,1.0,0.0307496466077143,,0.0336242912322604,1.0,,,0.06419084042283153,0.0558369983697974,-0.07,0.023882092347237815,0.0715352826611122,0.20000000000000007,-0.001782163476585552,0.1520406956521739,0.0,,,0.04,0.055,0.06,0.055,-0.21895,,0.03365811061127282,0.03299165841934115,0.020076468543621828,0.025060990371901595,0.06419092109463781,0.06040429125352414,-70.0,2.388209234723782,0.0715352826611122,0.09274005080747472,-0.001782163476585552,0.1481020909090909,1.0,0.03444444444444444,0.01,0.01,0.03,,,0.035000324,0.036000252,0.026000023,,,-0.0347342827370628,0.0,0.0,0.0,1.0,,,,,,,
1995-09-01,1995,3,9,0.06321207,-0.16138,0.06321207,0.0,0.04122138,0.02199069,3.0039,2.72728,1.10187,0.66355,1.0,0.45786,0.64567,0.41778,0.3898,1.0,0.0416345192577977,,0.0454346444952853,1.0,,,0.07646677633486333,0.07126763470918161,0.084,0.02356713154298795,0.054282091124432164,0.3400000000000001,0.022836071288582005,0.048309739130434785,0.0,,,0.065,0.065,0.075,0.05000000000000071,-0.26848,,0.047930359316293594,0.03606318118688355,0.03359350089418158,0.025465638161593262,0.07646694459415931,0.06097726410150092,84.0,2.356713154298795,0.05428209112443216,0.06797189550179228,0.022836071288582,0.0451025,1.0,0.02,0.03999999999999999,0.0,0.02,,,0.039000034,0.044999599,0.032000065,,,0.0117813383600437,0.0,0.0,0.0,1.0,,,,,,,
1995-10-01,1995,4,10,0.0,0.0,0.0,0.0,0.0,0.0,0.0,0.0,0.0,0.0,0.0,0.0,0.0,0.0,0.0,0.0,0.0,0.0,0.0,0.0,,,0.0,0.0,,,,,,,0.0,0.0,0.0,0.0,0.0,0.0,0.0,0.0,0.0,0.0,0.0,0.0,0.0,0.0,0.0,0.0,0.0,0.0,0.0,0.0,0.0,0.0,0.0,0.0,0.0,0.0,0.0,0.0,0.0,0.0,0.0,0.0,0.0,0.0,0.0,0.0,0.0,0.0,,,,,,,
1995-11-01,1995,4,11,0.02469509,-0.06111,0.02469509,0.0,0.0159886,0.00870649,4.01623,0.37628,0.37797,0.39724,1.0,0.61216,0.08908,0.14331,0.23336,1.0,0.0144874940164799,,0.0160656443240471,1.0,,,0.04466765644710936,0.026733207819649316,-0.014,0.022023529516344453,0.051446032213369186,-0.53,0.03407260219487185,0.03810721739130435,0.0,,,0.055,0.025,0.02,0.035,-0.10578,,0.029354002433733664,0.02196653113027946,0.017367476532302598,0.009682572821262265,0.0446677657241253,0.03203722531022018,-14.0,2.202352951634445,0.05144603221336919,-0.3379309025032002,0.03407260219487185,0.04266077272727273,1.0,0.06,-0.04333333333333333,0.03,0.02,,,0.03000021,0.022000313,0.015999794,,,0.095670892131067,0.0,0.0,0.0,1.0,,,,,,,
1995-12-01,1995,4,12,-0.0542551,0.25709,-0.0542551,-0.0,-0.04244548,-0.01180962,-9.04573,-0.57131,-0.70129,-0.27818,1.0,-1.37877,-0.13525,-0.2659,-0.16342,1.0,-0.0304439951401089,,-0.0317050592135131,1.0,,,-0.02822483533492264,-0.03604978597039752,0.006,0.019612576979659124,0.03942837796324827,-0.22999999999999998,0.032069237409348084,-0.008318478260869566,0.0,,,-0.05,-0.02,-0.025,-0.047,0.17544,,-0.03955880019044596,-0.02851974534263631,-0.020957828004410144,-0.015451771333646312,-0.02822508808815355,-0.03569113925868483,6.0,1.961257697965912,0.03942837796324827,-0.1091898315817175,0.03206923740934808,-0.01100954545454545,1.0,-0.0775,-0.07,-0.03,-0.08,,,-0.016999722,-0.022000313,-0.007999897,,,0.0940955069395416,0.0,0.0,0.0,1.0,,,,,,,
1996-01-01,1996,1,1,-0.03774544,0.05541,-0.03774544,-0.0,-0.02217416,-0.01557128,-3.018,-2.5877,0.49277,-0.63636,1.0,-0.46001,-0.61262,0.18684,-0.37383,1.0,-0.0137862937626585,,-0.0135514017857541,1.0,,,-0.030270769459175388,-0.043877975136896896,0.011,0.01832879315442071,0.08860100618717759,-0.06000000000000005,0.03978320688769976,0.03359713043478261,0.0,,,-0.025,-0.035,-0.045,-0.045,0.011835,,-0.04241273535011635,-0.028117084154235854,-0.014953745642208131,-0.004634356257228155,-0.03027095218841522,-0.03902427233180614,11.0,1.832879315442071,0.08860100618717759,0.274288821044419,0.03978320688769976,0.03563395454545455,1.0,-0.0300000000000011,-0.0100000000000051,-0.0025,-0.0300000000000011,,,-0.00399999999999955,-0.0255,-0.0280000000000004,0.0498796554345158,,0.0458032749341649,0.0,0.0,0.0,1.0,-0.026406621449999994,-0.025319350883364677,0.20287122949957848,,,,
1996-02-01,1996,1,2,0.0,0.0,0.0,0.0,0.0,0.0,0.0,0.0,0.0,0.0,0.0,0.0,0.0,0.0,0.0,0.0,0.0,0.0,0.0,0.0,,,0.0,0.0,,,,,,,0.0,0.0,0.0,0.0,0.0,0.0,0.0,0.0,0.0,0.0,0.0,0.0,0.0,0.0,0.0,0.0,0.0,0.0,0.0,0.0,0.0,0.0,0.0,0.0,0.0,0.0,0.0,0.0,0.0,0.0,0.0,0.0,0.0,0.0,0.0,0.0,0.0,0.0,,,,,,,
1996-03-01,1996,1,3,0.0136811,0.15989,0.0,0.0136811,-0.00268601,0.01636711,2.06128,1.36793,-0.41339,1.14532,1.0,0.31418,0.32385,-0.15674,0.67282,1.0,0.0172402696019869,,0.0191394817064383,1.0,,,0.03644589674946237,0.02122262280680798,0.4085,0.017339142363393734,0.07025292819128648,0.45999999999999985,0.06069708062149726,0.11872556521739129,0.0,,,0.02,0.02,0.035,0.03,0.041906,,0.02072278956558548,0.01542252029650547,0.011865384082277605,0.011546302360548674,0.03644589399573608,-0.007509404239042047,408.5,1.733914236339373,0.07025292819128648,0.3733493283710909,0.06069708062149726,0.1235065909090909,1.0,0.019999999999996,-0.01099999999997579,0.0,0.019999999999996,,,0.00599999999999933,0.0,0.0229999999999996,0.127706060652692,,0.0115687181860309,0.0,0.0,0.0,1.0,,,,,,,
1996-04-01,1996,2,4,0.0,0.0,0.0,0.0,0.0,0.0,0.0,0.0,0.0,0.0,0.0,0.0,0.0,0.0,0.0,0.0,0.0,0.0,0.0,0.0,,,0.0,0.0,,,,,,,0.0,0.0,0.0,0.0,0.0,0.0,0.0,0.0,0.0,0.0,0.0,0.0,0.0,0.0,0.0,0.0,0.0,0.0,0.0,0.0,0.0,0.0,0.0,0.0,0.0,0.0,0.0,0.0,0.0,0.0,0.0,0.0,0.0,0.0,0.0,0.0,0.0,0.0,,,,,,,
1996-05-01,1996,2,5,0.01743005,-0.19289,0.01743005,0.0,0.02020779,-0.00277774,1.52026,0.75464,0.77086,-0.23549,1.0,0.23172,0.17866,0.29228,-0.13834,1.0,0.0160265114732579,,0.0179711594325697,1.0,,,0.023306579160082126,0.01473973642533699,-0.1255,0.017704222880682963,0.03296711452922452,0.58,0.07405100800124753,0.22319517391304347,0.0,,,-0.005,0.025,0.015,0.02,-0.22927,,0.008006456392887384,0.020801800103670894,0.022198407838334353,0.015930219534050178,0.02330649548981578,0.01805008748513987,-125.5,1.770422288068296,0.03296711452922452,-0.01788953693666073,0.07405100800124753,0.2230415909090909,1.0,0.01549999999998574,0.00941071428570574,0.0049999999999954,-0.0025,,,0.0100000000000006,0.0210000000000007,0.0220000000000002,-0.200103757503894,,0.0225504566467426,0.0,0.0,0.0,1.0,,,,,,,
1996-06-01,1996,2,6,0.0,0.0,0.0,0.0,0.0,0.0,0.0,0.0,0.0,0.0,0.0,0.0,0.0,0.0,0.0,0.0,0.0,0.0,0.0,0.0,,,0.0,0.0,,,,,,,0.0,0.0,0.0,0.0,0.0,0.0,0.0,0.0,0.0,0.0,0.0,0.0,0.0,0.0,0.0,0.0,0.0,0.0,0.0,0.0,0.0,0.0,0.0,0.0,0.0,0.0,0.0,0.0,0.0,0.0,0.0,0.0,0.0,0.0,0.0,0.0,0.0,0.0,,,,,,,
1996-07-01,1996,3,7,-0.03160389,0.1534,-0.03160389,-0.0,-0.02494182,-0.00666207,-6.64513,-0.12222,0.67082,0.04979,1.0,-1.01286,-0.02894,0.25435,0.02925,1.0,-0.007532885647488,,-0.0070386782826086,1.0,,,-0.0216758584437746,-0.01862185867252324,0.178,0.02095784051167371,0.04262609813692553,0.3899999999999999,-0.05307685578560761,0.20088034782608694,0.0,,,-0.05,-0.025,-0.02,-0.02,0.092341,,-0.024137511247552004,-0.02271004243281471,-0.00406734091162376,0.005354653010111583,-0.0216761137714388,-0.03917004587457271,178.0,2.062312298856028,0.04262609813692553,-0.009971718204136781,-0.05307685578560761,0.2029593181818182,1.0,-0.06089285714286467,-0.002012987012990792,-0.0550000000000068,-0.0400000000000062,,,0.00600000000000022,-0.0409999999999994,-0.0260000000000006,0.149046845423516,,-0.0911161731207269,0.0,0.0,0.0,1.0,,,,,,,
1996-08-01,1996,3,8,-0.00128768,-0.1306,-0.0,-0.00128768,0.00713757,-0.00842525,-4.98036,2.36633,0.95455,-0.24279,1.0,-0.75912,0.56022,0.36192,-0.14263,1.0,0.0059094994660179,,0.0072206630347282,1.0,,,0.011613667385515244,0.014158254628833182,0.003,0.022234090440401033,0.00259871112052501,-0.06000000000000005,-0.04830094784832628,0.17885182608695654,0.0,,,-0.01,0.01,0.01,0.0,-0.089874,,0.0,0.010376371944038815,0.007994388343311155,0.014395965674802185,0.01161356076244262,0.009626502648373707,3.0,2.223409044040103,0.00259871112052501,-0.1600543436177322,-0.04830094784832628,0.1809979090909091,1.0,-0.02818181818183256,0.0,-0.0100000000000051,-0.0099999999999909,,,0.00900000000000034,-0.0100000000000006,0.0150000000000005,-0.13651979537034,,-0.0807102502017841,0.0,0.0,0.0,1.0,,,,,,,
1996-09-01,1996,3,9,-0.09940005,0.00873,-0.09940005,-0.0,-0.05022018,-0.04917987,-13.08632,0.59738,-0.01181,-1.29264,1.0,-1.99464,0.14143,-0.00448,-0.75937,1.0,-0.0617294911865285,,-0.0650884684533395,1.0,,,-0.07558864570933772,-0.08867443257684614,0.0125,0.021544728394420787,0.036160489568064946,-0.18999999999999995,0.012051270571013184,0.17115152173913045,0.0,,,-0.085,-0.085,-0.075,-0.075,-0.14435,,-0.05791479227308812,-0.04372273959684074,-0.026494404259174088,-0.012139210267459835,-0.075589047861226,-0.08734424675921462,12.5,2.154472839442079,0.03616048956806495,-0.1310679985795864,0.01205127057101318,0.1716632727272727,1.0,-0.129999999999995,-0.1123529411764815,-0.0249999999999914,-0.129999999999995,,,-0.0104999999999995,-0.125,-0.0600000000000005,0.299063516433949,,-0.0571951498512893,0.0,0.0,0.0,1.0,,,,,,,
1996-10-01,1996,4,10,0.0,0.0,0.0,0.0,0.0,0.0,0.0,0.0,0.0,0.0,0.0,0.0,0.0,0.0,0.0,0.0,0.0,0.0,0.0,0.0,,,0.0,0.0,,,,,,,0.0,0.0,0.0,0.0,0.0,0.0,0.0,0.0,0.0,0.0,0.0,0.0,0.0,0.0,0.0,0.0,0.0,0.0,0.0,0.0,0.0,0.0,0.0,0.0,0.0,0.0,0.0,0.0,0.0,0.0,0.0,0.0,0.0,0.0,0.0,0.0,0.0,0.0,,,,,,,
1996-11-01,1996,4,11,-0.01462085,0.25457,-0.01462085,-0.0,-0.02247821,0.00785736,0.0526,-1.41132,-0.84692,0.48392,1.0,0.00802,-0.33412,-0.32112,0.28428,1.0,-0.0020850483257644,,-0.0010932691138058,1.0,,,-0.01052323607501104,-0.03263307855968153,0.015,0.022071178972822736,0.09149734714618951,-0.3899999999999999,-0.0032910274295989694,0.19569021739130435,0.0,,,-0.01,-0.02,-0.015,-0.03,0.33736,,-0.018314725646859622,-0.02048223947306516,-0.01762003597620036,-0.023727199472566116,-0.01052335937888039,-0.02657345155016257,15.0,2.207117897282274,0.09149734714618951,-0.158520357465783,-0.003291027429598969,0.1935128636363636,1.0,0.0,0.0,0.0,0.0,,,-0.0190000000000001,-0.0100000000000006,-0.0149999999999996,0.243922492942688,,0.138664201525295,0.0,0.0,0.0,1.0,,,,,,,
1996-12-01,1996,4,12,-0.00268018,-0.06073,-0.0,-0.00268018,0.00227832,-0.0049585,-0.00674,2.36028,-0.59354,0.18563,1.0,-0.00103,0.55878,-0.22504,0.10905,1.0,0.0095994992000322,,0.0109101254519807,1.0,,,0.008603519781495471,-0.005692969275328726,-0.057,0.023261628404270596,0.05772479697654642,-0.1100000000000001,0.03180532966638605,0.09295417391304349,0.0,,,-0.03,0.01,0.01,0.01,-0.1946,,0.005,0.006897201101668982,0.009931770905560949,0.0025653031504046307,0.008603348503010144,-0.000592175766584567,-57.0,2.32616284042706,0.05772479697654642,-0.1736674419319013,0.03180532966638605,0.09276554545454546,1.0,0.0,0.0,0.0,0.0099999999999909,,,0.00300000000000011,0.000500000000000611,0.0149999999999996,-0.0751993818472775,,-0.0113007119448422,0.0,0.0,0.0,1.0,,,,,,,
1997-01-01,1997,1,1,0.0,0.0,0.0,0.0,0.0,0.0,0.0,0.0,0.0,0.0,0.0,0.0,0.0,0.0,0.0,0.0,0.0,0.0,0.0,0.0,,,0.0,0.0,,,,,,,0.0,0.0,0.0,0.0,0.0,0.0,0.0,0.0,0.0,0.0,0.0,0.0,0.0,0.0,0.0,0.0,0.0,0.0,0.0,0.0,0.0,0.0,0.0,0.0,0.0,0.0,0.0,0.0,0.0,0.0,0.0,0.0,0.0,0.0,0.0,0.0,0.0,0.0,,-0.26850043958984315,0.016852995846420527,,,,
1997-02-01,1997,1,2,0.00377663,-0.30367,0.00377663,0.0,0.01998158,-0.01620495,-3.11994,2.78364,1.13164,-0.60675,1.0,-0.47555,0.65901,0.42907,-0.35644,1.0,0.0072651768192728,,0.0085003748240418,1.0,,,0.014973730224571678,-0.016821487917627408,0.087,0.025410139629908457,0.11251508939636601,0.24,0.057148439661034445,0.28245517391304353,0.0,,,-0.025,0.005,0.025,0.02,-0.45372,,0.02237021749484045,0.020682144623136875,0.019846269112301248,0.028325196034916407,0.01497357478889265,-0.0178051398425845,87.0,2.355309946707962,0.112515089396366,-0.04522948171781316,0.05714843966103444,0.2813119090909091,1.0,-0.03043478260870247,-0.0099999999999909,-0.0250000000000056,-0.0099999999999909,,,0.0,0.0220000000000002,0.0175,-0.2981605013139293,,-0.0107215610592804,0.0,0.0,0.0,1.0,,,,,,,
1997-03-01,1997,1,3,0.05323374,-0.45395,0.05323374,0.0,0.05366411,-0.00043037,4.94946,5.15857,0.50749,0.10946,1.0,0.7544,1.22126,0.19242,0.0643,1.0,0.0393013513502043,,0.0427864779350758,1.0,,,0.07571842790910846,0.053803289506709165,0.116,0.024467858724698033,0.07800699249683607,0.08000000000000007,0.008906582061646517,0.28362247826086956,0.0,,,0.0425,0.0625,0.0725,0.0775,-0.65314,,0.07257859637980311,0.06136679955650964,0.04900234414243456,0.04956641444411148,0.07571852120194786,0.0485711891891408,116.0,2.446785872469803,0.07800699249683607,-0.03714683489593629,0.008906582061646517,0.2871237727272727,1.0,0.0499999999999971,0.02181818181816454,0.0150000000000005,0.0499999999999971,,,0.0434999999999998,0.0529999999999999,0.0439999999999995,-0.4547999320630818,,-0.0418497593638753,0.0,0.0,0.0,1.0,,,,,,,
1997-04-01,1997,2,4,0.0,0.0,0.0,0.0,0.0,0.0,0.0,0.0,0.0,0.0,0.0,0.0,0.0,0.0,0.0,0.0,0.0,0.0,0.0,0.0,,,0.0,0.0,,,,,,,0.0,0.0,0.0,0.0,0.0,0.0,0.0,0.0,0.0,0.0,0.0,0.0,0.0,0.0,0.0,0.0,0.0,0.0,0.0,0.0,0.0,0.0,0.0,0.0,0.0,0.0,0.0,0.0,0.0,0.0,0.0,0.0,0.0,0.0,0.0,0.0,0.0,0.0,,,,,,,
1997-05-01,1997,2,5,-0.07794444,0.48372,-0.07794444,-0.0,-0.06779322,-0.01015122,-9.80973,-0.79315,0.1217,0.76209,1.0,-1.49522,-0.18777,0.04614,0.44769,1.0,-0.0342050598007108,,-0.0357101507533813,1.0,,,-0.05337558068417302,-0.07032280124362844,-0.056,0.025912649326437887,0.026079078588712612,0.15000000000000013,0.056686703252635695,0.19825952173913047,0.0,,,-0.0675,-0.0675,-0.0525,-0.0475,0.4925,,-0.04502461229026624,-0.026201141025036543,-0.01622314130147192,-0.0013264088315369411,-0.05337591598954187,-0.06521447085547605,-56.0,2.591264932643789,0.02607907858871261,-0.01381788927753425,0.0566867032526357,0.2002130454545455,1.0,-0.08454545454545764,-0.06899686520375416,-0.0300000000000011,-0.0850000000000079,,,-0.0350000000000001,-0.0220000000000002,-0.0039999999999995,0.5232830901370187,,-0.4991503823279512,0.0,0.0,0.0,1.0,,,,,,,
1997-06-01,1997,2,6,0.0,0.0,0.0,0.0,0.0,0.0,0.0,0.0,0.0,0.0,0.0,0.0,0.0,0.0,0.0,0.0,0.0,0.0,0.0,0.0,,,0.0,0.0,,,,,,,0.0,0.0,0.0,0.0,0.0,0.0,0.0,0.0,0.0,0.0,0.0,0.0,0.0,0.0,0.0,0.0,0.0,0.0,0.0,0.0,0.0,0.0,0.0,0.0,0.0,0.0,0.0,0.0,0.0,0.0,0.0,0.0,0.0,0.0,0.0,0.0,0.0,0.0,,,,0.05753146709396258,-0.03328098191271224,-0.006030857763050325,1.0
1997-07-01,1997,3,7,-0.01144285,0.1788,-0.01144285,-0.0,-0.01637468,0.00493183,-2.64669,-0.62318,0.08183,0.3178,1.0,-0.40341,-0.14753,0.03102,0.18669,1.0,0.0042629583848191,,0.0055905953810431,1.0,,,0.008298596231017238,-0.007813415262315535,-0.087,0.025114063425819566,0.16285633558768886,-0.31000000000000005,-0.07395569065569862,0.1454396956521739,0.0,,,-0.005,0.0025,0.0,0.0,0.19103,,-0.0160375760783276,-0.008658720437199662,-0.0060083922691083905,-0.0064516397459249055,0.008298500569219396,0.002809945102059683,-87.0,2.530295295007079,0.1628563355876889,-0.1751846391138261,-0.07395569065569862,0.1420447272727273,1.0,-0.02137931034482331,0.00801724137932708,-0.019999999999996,-0.0099999999999909,,,-0.016,0.0,-0.008,0.1733703190013946,,-0.0417536534446681,0.0,0.0,0.0,1.0,,,,0.012228783967723212,-0.006635730463248618,0.011555017057936753,1.0
1997-08-01,1997,3,8,0.00599005,-0.37221,0.00599005,0.0,0.02517204,-0.01918199,-0.08102,1.42314,1.18971,-0.88598,1.0,-0.01235,0.33692,0.45109,-0.52047,1.0,0.0101918364099415,,0.011780208931082,1.0,,,0.012716794665181825,0.00957051673051313,0.118,0.02546944293427167,0.0805396402215175,-0.3500000000000001,-0.08924521557027187,0.059601130434782615,0.0,,,-0.0075,0.005,0.0075,0.01,-0.54604,,0.007982855328606202,0.013716787084323738,0.011836878941168319,0.020075229357798163,0.01271669295291974,0.001658422326710183,118.0,2.546944293427167,0.0805396402215175,-0.1209547230629169,-0.08924521557027187,0.05731059090909092,1.0,0.0,0.0,0.0,-0.0100000000000051,,,-0.0169999999999994,0.0114999999999998,0.0170000000000003,-0.3779919852702273,,-0.0400200100050087,0.0,0.0,0.0,1.0,,,,-0.09197683221807704,-0.013460023974544842,-0.051744531870278616,2.0
1997-09-01,1997,3,9,-0.00724182,-0.19196,-0.0,-0.00724182,0.00781645,-0.01505827,-1.54951,0.32379,1.312,-0.54003,1.0,-0.23618,0.07665,0.49746,-0.31724,1.0,0.0026952051899351,,0.0038123176143011,1.0,,,0.00418277748681958,-0.015028139244188738,-0.031,0.02376670172976958,0.07587660197545354,-0.22999999999999998,0.02929915093772184,0.10291160869565216,0.0,,,-0.0075,-0.01,0.0,0.0,-0.19474,-0.22074,0.0,0.0034239258318038497,0.005894034232537529,0.007427759399045931,0.004182668057805434,-0.009710233662765286,-31.0,2.376670172976958,0.07587660197545354,-0.2284437205003327,0.02929915093772184,0.1042059090909091,1.0,-0.0150000000000005,-0.006666666666651166,-0.0035,-0.0150000000000005,,,0.0,0.0,0.008,-0.2074884466660398,-0.3241280954233113,0.0308864408524669,0.0,0.0,0.0,1.0,,,,0.00407117018000908,0.015751312563961818,-0.005704615469637316,1.0
1997-10-01,1997,4,10,0.0,0.0,0.0,0.0,0.0,0.0,0.0,0.0,0.0,0.0,0.0,0.0,0.0,0.0,0.0,0.0,0.0,0.0,0.0,0.0,,,0.0,0.0,,,,,,,0.0,0.0,0.0,0.0,0.0,0.0,0.0,0.0,0.0,0.0,0.0,0.0,0.0,0.0,0.0,0.0,0.0,0.0,0.0,0.0,0.0,0.0,0.0,0.0,0.0,0.0,0.0,0.0,0.0,0.0,0.0,0.0,0.0,0.0,0.0,0.0,0.0,0.0,,,,0.02745104135539217,0.025702423760861,-0.02235114673468031,1.0
1997-11-01,1997,4,11,-0.03529548,-0.3511,-0.0,-0.03529548,0.0032715,-0.03856698,-5.11941,2.09854,-0.46331,-1.64932,1.0,-0.78031,0.49682,-0.17567,-0.9689,1.0,-0.017448164661317,,-0.0176031167941958,1.0,,,-0.021215392759883232,-0.028470972433700448,0.074,0.02665886902713588,-0.014209334184004163,-0.4900000000000001,0.006086844347177767,0.005482304347826068,0.0,,,-0.0275,-0.025,-0.03,-0.0325,-0.61308,-0.61038,-0.02550452404889148,-0.02382363315696649,-0.019391955356649535,-0.017982428360734354,-0.02121557695681997,-0.03268107261037935,74.0,2.665886902713588,-0.01420933418400416,-0.255832987973005,0.006086844347177767,0.007260590909090911,1.0,-0.05000000000000183,-0.02933333333334419,-0.0300000000000011,-0.0400000000000062,,,-0.0509999999999992,-0.0185000000000004,-0.0209999999999999,-0.4999673934308533,-0.4599567099567099,-0.1460158531497711,0.0,0.0,0.0,1.0,,,,0.1071438465089646,-0.024630104607270605,-0.05808575414300582,2.0
1997-12-01,1997,4,12,-0.0038887,-0.08456,-0.0,-0.0038887,0.0030939,-0.0069826,1.01475,-0.83642,0.22075,-0.39615,1.0,0.15467,-0.19802,0.0837,-0.23272,1.0,0.0093051550213115,,0.010770860199055,1.0,,,0.0023899165788176685,-0.006793644292524905,0.204,0.026765717083016227,0.04184364993740264,-0.6499999999999999,-0.03990727493946089,-0.03323482608695653,0.0,,,-0.0025,-0.0075,-0.01,-0.005,-0.21405,-0.20385,-0.00796338430604794,-0.006771031662083069,-0.003849856559638089,-0.007019064903327823,0.002389822905700398,-0.02196198044873401,204.0,2.676571708301623,0.04184364993740264,-0.5500044334061305,-0.03990727493946089,-0.03504227272727272,1.0,0.0,0.0,0.0,0.0,,,-0.0170000000000003,0.0069999999999996,-0.0039999999999995,-0.1010111421474163,-0.1029866117404737,-0.0100897992130008,0.0,0.0,0.0,1.0,,,,-0.03375055453451245,-0.010739409074845196,-0.0008733266315482174,1.0
1998-01-01,1998,1,1,0.0,0.0,0.0,0.0,0.0,0.0,0.0,0.0,0.0,0.0,0.0,0.0,0.0,0.0,0.0,0.0,0.0,0.0,0.0,0.0,,,0.0,0.0,,,,,,,0.0,0.0,0.0,0.0,0.0,0.0,0.0,0.0,0.0,0.0,0.0,0.0,0.0,0.0,0.0,0.0,0.0,0.0,0.0,0.0,0.0,0.0,0.0,0.0,0.0,0.0,0.0,0.0,0.0,0.0,0.0,0.0,0.0,0.0,0.0,0.0,0.0,0.0,,-0.807047862559557,-0.46776165440678596,-0.02868296454761082,-0.011253726628793854,-0.0009332318398670218,1.0
1998-02-01,1998,1,2,0.02239309,-0.19164,0.02239309,0.0,0.02261484,-0.00022175,3.47772,0.1455,0.36045,-0.2787,1.0,0.53008,0.03445,0.13667,-0.16372,1.0,0.0186244723382188,,0.0208068461850736,1.0,,,0.02790708950137442,0.025679117037039664,0.17,0.028030562600482867,0.09027714117294927,-0.39999999999999997,-0.0845950976902703,-0.07240973913043477,0.0,,,0.01,0.02,0.0175,0.025,-0.32641,-0.33385,0.018989049357244884,0.011672809220873728,0.005678944399345065,0.003444981213097155,0.02790705192919181,0.01262962911887575,170.0,2.772709532062123,0.09027714117294927,-0.1956043203479283,-0.0845950976902703,-0.07042963636363636,1.0,0.03500000000000129,0.0099999999999909,0.0300000000000011,0.0300000000000011,,,0.0084999999999997,0.0069999999999996,0.0,-0.2628837855265093,-0.3209084176746482,-0.0604716790969585,0.0,0.0,0.0,1.0,,,,0.0430827120545326,-0.027733171380595847,0.006367402090282696,2.0
1998-03-01,1998,1,3,-0.00233098,-0.13567,-0.0,-0.00233098,0.006918,-0.00924898,-0.78393,0.53793,0.53861,-0.37434,1.0,-0.11949,0.12735,0.20422,-0.21991,1.0,0.002843010029673,,0.0038999298408716,1.0,,,0.009423650024895737,-0.004222226119952297,0.06,0.02710417121577713,0.15227637062970256,0.23000000000000004,-0.024265371422091064,0.05763147826086956,0.0,,,-0.0025,-0.0075,0.0075,0.005,0.0089538,0.011191,0.0,0.0,0.0,0.002336265533321952,0.009423558842528426,-0.008018462366565041,60.0,2.710417121577713,0.1522763706297026,0.1286795554094524,-0.02426537142209106,0.05546436363636364,1.0,-0.0049999999999954,-0.01791666666668713,-0.005,-0.0049999999999954,,,0.0,0.0069999999999996,0.0040000000000004,-0.0375287117252322,0.0447727781508842,-0.0590958337437233,0.0,0.0,0.0,1.0,,,,-0.07959479640409145,-0.004406318090270945,0.009044585302227867,1.0
1998-04-01,1998,2,4,0.0,0.0,0.0,0.0,0.0,0.0,0.0,0.0,0.0,0.0,0.0,0.0,0.0,0.0,0.0,0.0,0.0,0.0,0.0,0.0,,,0.0,0.0,,,,,,,0.0,0.0,0.0,0.0,0.0,0.0,0.0,0.0,0.0,0.0,0.0,0.0,0.0,0.0,0.0,0.0,0.0,0.0,0.0,0.0,0.0,0.0,0.0,0.0,0.0,0.0,0.0,0.0,0.0,0.0,0.0,0.0,0.0,0.0,0.0,0.0,0.0,0.0,,,,0.010773616478120952,-0.003058503242885712,0.002795097414135221,1.0
1998-05-01,1998,2,5,-0.01978259,-0.12953,-0.0,-0.01978259,-0.00217364,-0.01760895,-3.9295,0.45598,0.5933,-0.71007,1.0,-0.59894,0.10795,0.22495,-0.41713,1.0,-0.0059463397654606,,-0.0053849385481376,1.0,,,-0.0077229409313300315,-0.007879699073570159,-0.008,0.025521207205020602,0.07673390518922396,0.16999999999999998,-0.06503571198226687,0.13659952173913045,0.0,,,-0.025,-0.0175,-0.01,-0.01,-0.13885,-0.14557,-0.0159005291005291,-0.01180267393500787,-0.009583206948848752,-0.005823133772146443,-0.007723111263776302,-0.01248512566239917,-8.0,2.55212072050206,0.07673390518922396,-0.05578330597837589,-0.06503571198226687,0.1501251363636364,1.0,-0.0387500000000013,-0.01937499999999583,-0.0150000000000005,-0.0300000000000011,,,-0.0084999999999997,-0.0039999999999995,-0.0019999999999997,-0.1330468630606188,-0.2461400760796598,-0.099790440075835,0.0,0.0,0.0,1.0,,,,-0.021118559089097415,0.01961523910467747,-0.021063606944894002,2.0
1998-06-01,1998,2,6,0.0,0.0,0.0,0.0,0.0,0.0,0.0,0.0,0.0,0.0,0.0,0.0,0.0,0.0,0.0,0.0,0.0,0.0,0.0,0.0,,,0.0,0.0,,,,,,,0.0,0.0,0.0,0.0,0.0,0.0,0.0,0.0,0.0,0.0,0.0,0.0,0.0,0.0,0.0,0.0,0.0,0.0,0.0,0.0,0.0,0.0,0.0,0.0,0.0,0.0,0.0,0.0,0.0,0.0,0.0,0.0,0.0,0.0,0.0,0.0,0.0,0.0,,,,0.18363315159352686,0.06159816333320635,-0.04848344378400061,1.0
1998-07-01,1998,3,7,0.00692484,0.02716,0.0,0.00692484,0.00184417,0.00508067,1.04528,0.00163,-0.29349,0.15223,1.0,0.15932,0.00039,-0.11128,0.08943,1.0,-0.0171521740783107,,-0.0172990315788791,1.0,,,0.012982096108580818,0.019040923526669876,0.071,0.026205531024999118,0.03445399283467232,-0.16999999999999998,-0.059913457118726754,-0.05556065217391303,0.0,,,0.005,0.005,0.0025,0.0025,0.13886,0.17359,0.0,0.008347928160582227,0.0018840141338869565,0.0022464167585446526,0.01298203402831142,0.008887905954196067,71.0,2.653166733096946,0.03445399283467232,-0.1372543304054885,-0.05991345711872675,-0.05957431818181818,1.0,-0.005166666666666667,-0.040538461538452,-0.005,-0.019999999999996,,,-0.0499999999999998,-0.0440000000000004,-0.0199999999999995,1.119971802440854,0.5437146585471945,0.0394438418302004,0.0,0.0,0.0,1.0,,,,0.0,0.0,0.0,0.0
1998-08-01,1998,3,8,0.00752074,0.04839,0.0,0.00752074,0.0008772,0.00664354,1.20881,-1.13358,0.29237,0.13032,1.0,0.18425,-0.26837,0.11086,0.07656,1.0,0.0150585681458218,,0.016948930406618,1.0,,,0.008976711817994002,0.02855292746122856,0.011,0.024844752775166512,-0.030624281016852883,-0.10999999999999999,-0.08440220963563583,-0.027507826086956507,0.0,,,0.0,0.0,0.0,0.0,0.1727,0.13633,0.0,0.0,0.0018752060213163388,0.001118855042483109,0.008976631070062496,0.01822087148357627,11.0,2.484475277516651,-0.03062428101685288,-0.1487287491849996,-0.08440220963563583,-0.03180027272727273,1.0,0.01192307692309981,0.0099999999999909,0.0050000000000096,0.0,,,0.0,0.0,-0.0019999999999997,0.1685608829118782,0.272975432211101,0.0684261974584627,0.0,0.0,0.0,1.0,,,,-0.05770979294754119,0.0557586390029053,-0.02155684828250128,2.0
1998-09-01,1998,3,9,0.03600389,-0.6975,0.03600389,0.0,0.05956038,-0.02355649,5.86276,0.6256,0.12396,-2.08591,1.0,0.89361,0.14811,0.047,-1.22537,1.0,0.0275396935655288,,0.0306611844744339,1.0,,,0.03040001286993738,0.05734097709499879,0.015,0.02768173740127544,-0.07403849530753437,-0.26,-0.029871890157767922,-0.36125878260869565,0.0,,,0.055,0.0025,0.0125,0.01,-0.87668,-0.81749,0.0031180731810490693,0.007996866816311262,0.0,-0.006304944935169118,0.03040011160420444,0.04702237055310335,15.0,2.768173740127544,-0.07403849530753437,0.03710714335866405,-0.02987189015776792,-0.3693536818181818,1.0,0.0549999999999926,0.06653846153847628,0.0050000000000096,0.0549999999999926,,,0.0330000000000003,0.0069999999999996,-0.0190000000000001,-0.6627459743173859,-0.9660697455230914,-0.0312793243665948,0.0,0.0,0.0,1.0,,,,0.034396781989002756,-0.09178166826586844,-0.020271050637525042,1.0
1998-10-01,1998,4,10,-0.27220474,2.09497,-0.27220474,-0.0,-0.26092485,-0.01127989,-16.14831,-17.11541,-2.14075,2.02677,1.0,-2.46136,-4.05198,-0.81168,1.19063,1.0,-0.1123985110025123,,-0.1188351790538318,1.0,,,-0.2761194883126558,-0.23330919643529263,-0.131,0.02531275039606129,-0.15794671946457406,0.22000000000000003,-0.014915233102613001,-0.28913856521739134,1.0,,,-0.235,-0.285,-0.2875,-0.274999999999992,2.1703,2.2066,-0.20926826689224912,-0.1840646111409804,-0.10393266066523431,-0.04766960464241012,-0.276120491104476,-0.2394725252651965,-131.0,2.531275039606129,-0.1579467194645741,0.3173561371058149,-0.014915233102613,-0.2862222272727273,1.0,-0.1646875000000153,-0.1538701923076644,-0.0850000000000079,-0.1599999999999966,,,-0.2160000000000002,-0.1819999999999995,-0.1424999999999991,2.113667927898756,2.267186738176499,-0.4624650462465119,0.0,1.0,0.0,1.0,,,,-0.0914650646021901,0.02961404280807209,0.006750783041758913,1.0
1998-11-01,1998,4,11,-0.02997493,0.63962,-0.02997493,-0.0,-0.0530973,0.02312237,-6.80336,3.87974,-3.04348,2.08717,1.0,-1.03698,0.91851,-1.15396,1.22611,1.0,0.0087183710295485,,0.0105960579967264,1.0,,,-0.014776375041777978,-0.01917168293692633,-0.059,0.024132903167906505,0.06653898887410925,0.0,0.001594636816547812,-0.009203956521739129,0.0,,,-0.04,-0.0375,-0.005,-0.005,0.81869,0.80999,0.018754627181385514,-0.009679563701050957,-0.008972435521488291,-0.007550927025861689,-0.01477660211274323,-0.01389520140948844,-59.0,2.413290316790651,0.06653898887410925,0.2008739674245401,0.001594636816547812,-0.00534922727272727,1.0,-0.06923076923077176,0.0658974358974383,-0.0300000000000011,-0.0300000000000011,,,0.0,-0.0175,-0.0120000000000004,0.5970320491039994,0.7707553402334287,0.0632111251580302,0.0,0.0,0.0,1.0,,,,0.03493193375022825,0.0341556289845855,0.017907281035398938,2.0
1998-12-01,1998,4,12,-0.00869017,-0.1237,-0.0,-0.00869017,0.00302521,-0.01171538,-3.48865,1.61143,0.39557,-0.39327,1.0,-0.53175,0.3815,0.14998,-0.23103,1.0,0.0025349984775079,,0.003688375490921,1.0,,,0.010430525112193712,0.019055974838998534,0.097,0.023822486249311936,0.16479456861809894,0.26,-0.10660564496905334,-0.11499599999999999,0.0,,,0.015,-0.005,-0.0025,-0.0025,-0.1233,-0.13357,0.003123479640401904,0.009648814955195246,0.0,-0.0032215342730426383,0.01043048994136227,0.005196052538637874,97.0,2.382248624931194,0.1647945686180989,0.1501673610223349,-0.1066056449690533,-0.1151818181818182,1.0,-0.01722222222220638,0.002066666666664765,-0.0049999999999954,0.0,,,0.0254999999999991,0.0034999999999998,0.0,-0.1298415766832782,-0.164271047227926,-0.0316923727023041,0.0,0.0,0.0,1.0,,,,-0.05598394404143136,-0.019106934070045833,0.011564855987553564,1.0
1999-01-01,1999,1,1,0.0,0.0,0.0,0.0,0.0,0.0,0.0,0.0,0.0,0.0,0.0,0.0,0.0,0.0,0.0,0.0,0.0,0.0,0.0,0.0,,,0.0,0.0,,,,,,,0.0,0.0,0.0,0.0,0.0,0.0,0.0,0.0,0.0,0.0,0.0,0.0,0.0,0.0,0.0,0.0,0.0,0.0,0.0,0.0,0.0,0.0,0.0,0.0,0.0,0.0,0.0,0.0,0.0,0.0,0.0,0.0,0.0,0.0,0.0,0.0,0.0,0.0,,-0.3337092101573944,-0.012793570756912231,-0.06067157206497933,-0.04768537500161183,0.03281672084292461,1.0
1999-02-01,1999,1,2,0.00995897,0.17015,0.0,0.00995897,-0.00515839,0.01511736,0.61356,0.26881,0.40374,0.96802,1.0,0.09352,0.06364,0.15308,0.56867,1.0,0.0101658670056204,,0.0118846683385254,1.0,,,0.011456256535215781,0.010739039100744582,0.178,0.022898468785154336,0.16681783350692125,-0.020000000000000018,-0.08659332674428644,-0.09949878260869566,0.0,,,-0.005,0.0,0.01,0.005,0.14905,0.14711,0.01880685424159086,0.009746832478512378,0.012659193927147617,0.009863572905437644,0.01145616117871161,-0.007983637841084823,178.0,2.416942622664742,0.1668178335069213,-0.1799835957123446,-0.08659332674428644,-0.09833313636363637,1.0,0.005600000000010753,0.0100000000000051,0.0050000000000096,-0.0100000000000051,,,0.0,0.0070000000000005,0.0119999999999995,0.104861059096709,0.0981546917942677,0.0,0.0,0.0,0.0,1.0,,,,-0.2231500806124681,0.08997748162522134,0.0038173236692520957,2.0
1999-03-01,1999,1,3,-0.01776329,-0.16838,-0.0,-0.01776329,0.00115077,-0.01891406,-0.55222,-3.12303,1.85785,-1.06282,1.0,-0.08417,-0.73936,0.70442,-0.62436,1.0,-0.0093948197261678,,-0.0090332096334679,1.0,,,-0.01719113177419996,-0.038429042943921195,0.025,0.024493987318535915,0.08486475954711192,0.55,0.08345356143469473,0.1729781304347826,0.0,,,-0.015,-0.025,-0.03,-0.03,-0.16309,-0.19914,-0.03151697873690892,-0.014786124457986641,-0.0074738936535162954,0.0,-0.01719127592082297,-0.03707533451128145,25.0,2.449398731853591,0.08486475954711281,0.4323844034298026,0.08345356143469562,0.1812298636363636,1.0,0.0,-0.02384615384616601,0.0049999999999954,0.0,,,-0.0169999999999994,-0.0149999999999996,-0.0039999999999995,-0.2411074896163275,-0.1896453631708704,0.0,0.0,0.0,0.0,1.0,,,,0.13613547001717002,-0.05708642929453535,0.032368111486874664,1.0
1999-04-01,1999,2,4,0.0,0.0,0.0,0.0,0.0,0.0,0.0,0.0,0.0,0.0,0.0,0.0,0.0,0.0,0.0,0.0,0.0,0.0,0.0,0.0,,,0.0,0.0,,,,,,,0.0,0.0,0.0,0.0,0.0,0.0,0.0,0.0,0.0,0.0,0.0,0.0,0.0,0.0,0.0,0.0,0.0,0.0,0.0,0.0,0.0,0.0,0.0,0.0,0.0,0.0,0.0,0.0,0.0,0.0,0.0,0.0,0.0,0.0,0.0,0.0,0.0,0.0,,,,-0.0033448952356925684,0.013211177722483852,-0.01512206242396424,1.0
1999-05-01,1999,2,5,0.10668616,-1.38561,0.10668616,0.0,0.13590048,-0.02921432,-2.66324,12.53811,4.15394,-1.78058,1.0,-0.40594,2.96833,1.575,-1.04601,1.0,0.0697156164213584,,0.0746630344778194,1.0,,,0.12434201595265687,0.10746791607785237,0.009,0.024800515297231485,0.06591860487383272,0.42999999999999994,0.09534750480069487,0.04482182608695652,0.0,,,0.01,0.1175,0.1525,0.165,-1.3104,-1.3255,0.1100782985927415,0.12369848538217681,0.09379765860923042,0.07822459990025843,0.1243420397592432,0.1097715007229528,9.0,2.480051529723148,0.06591860487383272,0.4326944801779218,0.09534750480069487,0.04233922727272728,1.0,0.0,0.0300000000000011,0.0,-0.0100000000000051,,,0.1209999999999995,0.1239999999999996,0.0990000000000002,-1.308286059704271,-1.353606526979418,-0.0545905707196097,0.0,0.0,0.0,1.0,,,,0.025902194590024026,-0.038652324022711244,0.0007240542644600528,2.0
1999-06-01,1999,2,6,-0.07910802,1.60132,-0.07910802,-0.0,-0.13496384,0.05585582,-4.69304,-9.53657,-3.30265,2.86547,1.0,-0.71532,-2.25773,-1.25223,1.68333,1.0,-0.055362140491372,,-0.057878796138846,1.0,,,-0.10066357485884696,-0.11109807639099178,-0.209,0.023279513201476476,0.05213290128268788,0.3600000000000001,0.0194506930717937,0.27852665217391304,0.0,,,-0.095,-0.1,-0.1025,-0.12,1.6739,1.6756,-0.1123968253968254,-0.11515671256049999,-0.0743290677427379,-0.04820410880210091,-0.1006640187284778,-0.09625191255492853,-209.0,2.327951320147648,0.05213290128268877,0.18312365272329,0.0194506930717937,0.2942766818181818,1.0,-0.0449999999999874,-0.0699999999999931,0.0,-0.0449999999999874,,,-0.1089999999999999,-0.1014999999999997,-0.0769999999999999,1.613491951163178,1.717768747691171,-0.2760959069992701,0.0,0.0,0.0,1.0,,,,-0.08421053926109254,0.010430880612622088,0.041487625719127987,1.0
1999-07-01,1999,3,7,0.0,0.0,0.0,0.0,0.0,0.0,0.0,0.0,0.0,0.0,0.0,0.0,0.0,0.0,0.0,0.0,0.0,0.0,0.0,0.0,,,0.0,0.0,,,,,,,0.0,0.0,0.0,0.0,0.0,0.0,0.0,0.0,0.0,0.0,0.0,0.0,0.0,0.0,0.0,0.0,0.0,0.0,0.0,0.0,0.0,0.0,0.0,0.0,0.0,0.0,0.0,0.0,0.0,0.0,0.0,0.0,0.0,0.0,0.0,0.0,0.0,0.0,,,,0.025097208651942177,0.009242229099720634,0.0014716578923067028,1.0
1999-08-01,1999,3,8,0.00986167,0.59237,0.0,0.00986167,-0.03036375,0.04022542,4.40584,-2.97422,-1.7671,1.74624,1.0,0.67155,-0.70413,-0.67001,1.02584,1.0,0.0075326960086041,,0.0091901643631539,1.0,,,0.006897224546856831,-0.018852528868985356,0.11,0.025146846766810782,0.015850353140686835,0.020000000000000018,0.12237571287685434,0.09477991304347826,0.0,,,0.02,-0.005,-0.0025,-0.0225,0.64961,0.64802,0.0,-0.013481733818865265,-0.011701603982300886,-0.006177005049721032,0.006897206258516996,-0.02214631910981931,110.0,2.514684676681078,0.01585035314068683,0.006412759456614125,0.1223757128768543,0.09204172727272729,1.0,0.0375000000000085,0.004711538461525978,0.0150000000000005,0.0375000000000085,,,-0.0179999999999997,-0.0220000000000002,-0.016,0.5808936656152702,0.6043956043956044,0.2733870166020535,0.0,0.0,0.0,1.0,,,,-0.022090930982895392,-0.007953380336258108,0.0033186536886652337,2.0
1999-09-01,1999,3,9,0.0,0.0,0.0,0.0,0.0,0.0,0.0,0.0,0.0,0.0,0.0,0.0,0.0,0.0,0.0,0.0,0.0,0.0,0.0,0.0,,,0.0,0.0,,,,,,,0.0,0.0,0.0,0.0,0.0,0.0,0.0,0.0,0.0,0.0,0.0,0.0,0.0,0.0,0.0,0.0,0.0,0.0,0.0,0.0,0.0,0.0,0.0,0.0,0.0,0.0,0.0,0.0,0.0,0.0,0.0,0.0,0.0,0.0,0.0,0.0,0.0,0.0,,,,0.2260871653375677,0.009395251874210293,0.03695530500387843,1.0
1999-10-01,1999,4,10,0.06688295,-0.81193,0.06688295,0.0,0.08181788,-0.01493493,-4.94265,9.80293,2.28767,-0.8351,1.0,-0.75337,2.32079,0.86739,-0.49058,1.0,0.0369530421933555,,0.0399369260588702,1.0,,,0.09053364163254383,0.07397373649720773,-0.091,0.02367122054939408,-0.056882429109351484,-0.04999999999999982,0.11642756182655756,0.16856582608695653,0.0,,,0.0375,0.0775,0.0975,0.1,-0.49215,-0.53005,0.0878340477324443,0.07825115272419308,0.054387279387279386,0.053539475749489876,0.09053372896903208,0.08504634970915093,-91.0,2.359977710991856,-0.05688242910935148,0.09356809456891213,0.1164275618265576,0.1671388636363637,1.0,-0.04769230769231508,0.0009340659340623758,-0.0400000000000062,-0.0250000000000056,,,0.0510000000000001,0.0740000000000007,0.0549999999999997,-0.6259566399378633,-0.8292499057670562,-0.2284611869827834,0.0,0.0,0.0,1.0,,,,-0.038929943310282746,-0.01981433765451583,0.00045626848336430715,1.0
1999-11-01,1999,4,11,0.07918213,-0.32364,0.07918213,0.0,0.05887418,0.02030795,7.49086,4.7708,-0.60953,0.53883,1.0,1.14177,1.12946,-0.23111,0.31654,1.0,0.0661640747914885,,0.0722173362064176,1.0,,,0.07821215488757247,0.05151545379835629,0.012,0.025117118292518725,0.04902398549227627,-0.4899999999999999,0.06650356453685191,0.07963082608695653,0.0,,,0.05,0.0775,0.0725,0.0625,-0.47665,-0.45007,0.06705826321638356,0.04916290443942814,0.03718454531611225,0.03110007968273449,0.07821227977211874,0.05696663791237466,12.0,2.511711829251873,0.04902398549227627,-0.3746205160174143,0.06650356453685191,0.07174668181818183,1.0,0.05357142857144057,0.1509999999999553,0.0250000000000056,0.0849999999999937,,,0.0859999999999994,0.0509999999999992,0.0389999999999997,-0.3486295739916559,-0.352547153181738,-0.0792785650579707,0.0,0.0,0.0,1.0,,,,-0.030048863752697236,-0.0446905565020988,-0.02238890324759173,2.0
1999-12-01,1999,4,12,0.02463195,0.48527,0.0,0.02463195,-0.01659738,0.04122933,1.7004,0.59537,1.01797,2.67435,1.0,0.25918,0.14095,0.38597,1.57106,1.0,0.0252631336858779,,0.0276646882001911,1.0,,,0.04433352736930897,0.012609777916157902,0.024,0.02516314874672254,0.06006504665595802,-0.3700000000000001,0.04032873784217461,0.29099547826086963,0.0,,,0.015,0.04,0.04,0.04,0.4459,0.41487,0.049910019583972905,0.03176093966998564,0.04274180100055587,0.04280755809636944,0.04433351815130682,0.02001160415368828,24.0,2.516314874672254,0.06006504665595802,-0.2223288631940741,0.04032873784217461,0.2892577727272727,1.0,0.01549999999998574,-0.006518518518512521,0.0049999999999954,-0.0099999999999909,,,0.0440000000000004,0.0300000000000002,0.0419999999999998,0.4787039896678507,0.4678565239993069,0.0294348508634234,0.0,0.0,0.0,1.0,,,,-0.07382449365464706,0.05705434329594507,-0.021161464577880894,1.0
2000-01-01,2000,1,1,0.0,0.0,0.0,0.0,0.0,0.0,0.0,0.0,0.0,0.0,0.0,0.0,0.0,0.0,0.0,0.0,0.0,0.0,0.0,0.0,,,0.0,0.0,,,,,,,0.0,0.0,0.0,0.0,0.0,0.0,0.0,0.0,0.0,0.0,0.0,0.0,0.0,0.0,0.0,0.0,0.0,0.0,0.0,0.0,0.0,0.0,0.0,0.0,0.0,0.0,0.0,0.0,0.0,0.0,0.0,0.0,0.0,0.0,0.0,0.0,0.0,0.0,,0.33839439786970615,0.45129054971039295,-0.062377606867667836,0.016668621344424355,0.0193886979624181,1.0
2000-02-01,2000,1,2,-0.00594398,-0.3357,-0.0,-0.00594398,0.01702968,-0.02297366,-5.99217,5.70408,1.58412,-0.19133,1.0,-0.91334,1.35041,0.60063,-0.1124,1.0,0.00290007852432,,0.0040069571124123,1.0,,,0.010886590689719674,-0.017686879833235393,0.09,0.025550937169155574,0.04859008200736614,0.010000000000000009,0.09613670046615219,0.15976208695652175,0.0,,,-0.02,-0.005,0.01,0.025,-0.33477,-0.36119,0.033110890468227426,0.05148236905169462,0.04320139053488188,0.008645483509859641,0.01088644403369438,-0.02418573121141394,90.0,2.463947172635272,0.04859008200736614,-0.50549512846395,0.09613670046615219,0.1555764545454545,1.0,-0.0537037037037006,0.004277777777782097,-0.0499999999999971,-0.0349999999999965,,,0.0340000000000006,0.0429999999999992,0.0295000000000005,-0.3337080478786227,-0.246175487954985,-0.038222646918305,0.0,0.0,0.0,1.0,,,,-0.035466177558311725,-0.028393159412825747,-0.030463985144880364,2.0
2000-03-01,2000,1,3,-0.00838329,-0.03942,-0.0,-0.00838329,-0.00184292,-0.00654037,-3.12558,2.79325,-1.2613,-0.15016,1.0,-0.47641,0.66129,-0.47823,-0.08821,1.0,0.0068138920494177,,0.0083766388298625,1.0,,,0.004873745407161001,-0.011036527647241126,-0.18,0.023161220181743047,0.03017692641545544,-0.5,0.05479501632550843,0.020620782608695657,0.0,,,-0.01,-0.005,0.0,0.0,-0.10064,-0.10906,0.016508699514081196,0.018183144504980965,-0.0031659543225738785,-0.009639373236803644,0.004873630242199996,0.002724860616207213,-180.0,2.316122018174305,0.03017692641545544,-0.584368387799663,0.05479501632550843,0.01409481818181819,1.0,-0.03100000000001581,0.02273333333333036,-0.0100000000000051,-0.019999999999996,,,0.0169999999999994,0.024,-0.0039999999999995,0.0064559972816717,0.1510320523577781,-0.0141864094197763,0.0,0.0,0.0,1.0,,,,-0.022406521232191074,0.028666659329879086,0.0041225988640234,1.0
2000-04-01,2000,2,4,0.0,0.0,0.0,0.0,0.0,0.0,0.0,0.0,0.0,0.0,0.0,0.0,0.0,0.0,0.0,0.0,0.0,0.0,0.0,0.0,,,0.0,0.0,,,,,,,0.0,0.0,0.0,0.0,0.0,0.0,0.0,0.0,0.0,0.0,0.0,0.0,0.0,0.0,0.0,0.0,0.0,0.0,0.0,0.0,0.0,0.0,0.0,0.0,0.0,0.0,0.0,0.0,0.0,0.0,0.0,0.0,0.0,0.0,0.0,0.0,0.0,0.0,,,,-0.060209873095328874,0.02958786836621841,0.009648601395853072,1.0
2000-05-01,2000,2,5,0.05941676,-0.64349,0.05941676,0.0,0.06804879,-0.00863203,4.02143,4.34815,0.49866,-1.00614,1.0,0.61295,1.0294,0.18907,-0.59106,1.0,0.0394819629498577,,0.0432048541188386,1.0,,,0.06537211397926673,0.03853852092525645,0.02,0.025247235098653675,0.02476783781636893,-0.66,0.042729746280635084,0.16953499999999996,0.0,,,0.0675,0.0525,0.0525,0.04,-0.59509,-0.68875,0.04149934674679906,0.045968275704667355,0.028954949029924366,-0.0028340650294965014,0.06537228121281524,0.0430235954806123,20.0,2.524723509865368,0.02476783781636893,-0.5755311632137317,0.04272974628063508,0.1660283181818182,1.0,0.04133333333332507,0.0500000000000113,0.019999999999996,0.0500000000000113,,,0.0827999999999997,0.0465999999999997,0.0217,-0.6397562314029454,-0.6779661016949152,-0.0989564591579699,0.0,0.0,0.0,1.0,,,,-0.06221242939563609,-0.020085526750881717,0.007722786422053561,2.0
2000-06-01,2000,2,6,-0.02427027,0.26977,-0.02427027,-0.0,-0.02820857,0.0039383,-1.95719,-3.88387,1.10841,0.22515,1.0,-0.29832,-0.91948,0.42026,0.13227,1.0,-0.0158149914440481,,-0.0157380006493745,1.0,,,-0.021889879019991048,-0.03409805963790877,-0.129,0.025266180225079538,-0.05166343028403286,-0.019999999999999962,0.0671479292788364,0.23748482608695654,0.0,,,-0.0225,-0.0275,-0.0375,-0.03,0.23609,0.26977,-0.03712404639983279,-0.010843930899311727,-0.01150527350147396,-0.011025250419138235,-0.02189004964918144,-0.02463301681730549,-129.0,2.526618022507954,-0.05166343028403286,-0.1334100010493202,0.0671479292788364,0.2424787727272728,1.0,-0.019999999999996,-0.019999999999996,0.0,-0.019999999999996,,,-0.0042999999999997,-0.0223000000000004,-0.0128000000000003,0.2649808188078256,0.2700877785280216,-0.0650981121547543,0.0,0.0,0.0,1.0,,,,-0.02666624180522234,0.011470281401598123,0.008558342585741126,1.0
2000-07-01,2000,3,7,0.0,0.0,0.0,0.0,0.0,0.0,0.0,0.0,0.0,0.0,0.0,0.0,0.0,0.0,0.0,0.0,0.0,0.0,0.0,0.0,,,0.0,0.0,,,,,,,0.0,0.0,0.0,0.0,0.0,0.0,0.0,0.0,0.0,0.0,0.0,0.0,0.0,0.0,0.0,0.0,0.0,0.0,0.0,0.0,0.0,0.0,0.0,0.0,0.0,0.0,0.0,0.0,0.0,0.0,0.0,0.0,0.0,0.0,0.0,0.0,0.0,0.0,,,,0.009297229765612161,0.0018110589941509065,-0.0004943861893976205,1.0
2000-08-01,2000,3,8,0.04607692,-0.15955,0.04607692,0.0,0.03254477,0.01353215,1.69756,-0.24648,0.92017,-0.29078,1.0,0.25875,-0.05835,0.34889,-0.17082,1.0,0.0151256138526289,,0.0170019530704466,1.0,,,0.0237406650336192,0.0010866364117904335,-0.182,0.021441595590111717,0.04241464713186005,-0.94,0.012608132828128227,0.15713030434782607,0.0,,,0.0,0.01,0.0225,0.025,-0.16221,-0.16552,0.0032824451410658306,0.010716595318335003,0.00716326503963124,0.009200763018798162,0.02374059157873025,0.0257362585682958,-182.0,2.144159559011172,0.04241464713186005,-0.342900237817477,0.01260813282812823,0.1515995909090909,1.0,0.01722222222220638,-0.001845238095236398,0.0049999999999954,-0.0050000000000096,,,0.0174000000000003,0.0057,-0.0083000000000001,-0.1693901952969431,-0.1654259718775848,-0.0715563506261165,0.0,0.0,0.0,1.0,,,,-0.07097527726669753,0.00565126586082482,-0.016818044215849225,2.0
2000-09-01,2000,3,9,0.0,0.0,0.0,0.0,0.0,0.0,0.0,0.0,0.0,0.0,0.0,0.0,0.0,0.0,0.0,0.0,0.0,0.0,0.0,0.0,,,0.0,0.0,,,,,,,0.0,0.0,0.0,0.0,0.0,0.0,0.0,0.0,0.0,0.0,0.0,0.0,0.0,0.0,0.0,0.0,0.0,0.0,0.0,0.0,0.0,0.0,0.0,0.0,0.0,0.0,0.0,0.0,0.0,0.0,0.0,0.0,0.0,0.0,0.0,0.0,0.0,0.0,,,,-0.06690494472159103,0.01940973363779293,0.009147409759474843,1.0
2000-10-01,2000,4,10,0.03714323,-0.22039,0.03714323,0.0,0.03170289,0.00544034,-0.02987,3.59814,0.96752,0.25816,1.0,-0.00455,0.85184,0.36684,0.15165,1.0,0.0269763964347762,,0.0294926605997296,1.0,,,0.05305643996491184,0.042468285583124196,-0.07,0.019654402827855577,-0.004279835061743675,-0.44,0.0321753567238785,0.11677595652173912,0.0,,,0.02,0.0375,0.045,0.0675,-0.24833,-0.21261,0.045724285639659405,0.04423838347062304,0.03365620594224845,0.013517037037037037,0.05305644536045862,0.05451151154396332,-70.0,2.033683534546959,-0.004279835061743675,0.1041239047732159,0.0321753567238785,0.1140869090909091,1.0,0.0,0.0099999999999908,0.0,0.0049999999999954,,,0.0464999999999999,0.0441000000000002,0.0254000000000003,-0.194353096577997,-0.2378121284185493,0.1841297676457763,0.0,0.0,0.0,1.0,,,,-0.009760069412774774,0.008058592718684336,0.011819806524464075,1.0
2000-11-01,2000,4,11,0.00398613,-0.6872,0.00398613,0.0,0.04293781,-0.03895168,-1.17548,3.00529,-0.57822,-2.42058,1.0,-0.17917,0.71149,-0.21924,-1.42198,1.0,0.0086435106072474,,0.0102186018244658,1.0,,,0.01425788160677437,0.013875466983487315,-0.046,0.016554613562648868,-0.07560365338284925,-0.14,0.07288475786182858,0.08135060869565218,0.0,,,0.0,0.01,0.005,0.005,-0.65588,-0.6273,-0.006521103217718345,-0.010568874533709399,-0.010056389753473895,-0.019611871954645713,0.014257806071786,0.01774243394402763,-46.0,1.655461356264887,-0.07560365338284925,0.1118985740680065,0.07288475786182858,0.08301522727272727,1.0,0.0,0.0,0.0,0.0,,,0.0,0.0017999999999993,-0.0084999999999997,-0.6356343055784925,-0.6430868167202572,0.0773129456232311,0.0,0.0,0.0,1.0,,,,0.005067058326415322,-0.010835081480496533,0.004579893026861349,2.0
2000-12-01,2000,4,12,0.02082192,-0.56081,0.02082192,0.0,0.04382513,-0.02300321,6.36736,0.0515,1.5223,-1.2135,1.0,0.97052,0.01219,0.57719,-0.71287,1.0,0.0177533434138017,,0.0200989969290955,1.0,,,0.03148680731501881,0.04913644359224263,-0.054,0.015862244225985478,-0.10270264793350048,-0.51,-0.0031546909564994507,-0.07929343478260867,0.0,,,0.03,0.02,0.015,0.02,-0.74995,-0.72607,0.024168581575099227,0.01549401639530395,0.02131980353278125,0.024795042976861158,0.03148683377843785,0.0488416513963931,-54.0,1.586224422598548,-0.1027026479335005,-0.1420115234691428,-0.003154690956499451,-0.08892749999999999,1.0,0.05166666666665633,0.0150000000000005,0.019999999999996,0.0449999999999874,,,0.0256000000000007,0.0053999999999998,0.0223000000000004,-0.6067500948046916,-0.622938805423232,-0.0881445570736082,0.0,0.0,0.0,1.0,,,,-0.0004124658161659514,0.0010863162242782524,-0.004808341964836278,1.0
2001-01-01,2001,1,1,-0.19835817,3.99301,-0.18749413,-0.01086404,-0.33709056,0.13873239,-34.92729,2.38617,0.8852399999999999,13.760760000000001,2.0,-5.3236799999999995,0.56491,0.33565,8.0838,2.0,-0.0985700918013785,,-0.10319141781917181,2.0,,,-0.12892390878343413,-0.10485375732318433,-0.054,0.014702407916766802,-0.12785300864982663,-0.58,0.00840747229883565,-0.20073886956521736,1.0,,,-0.11249999999999999,-0.1525,-0.155,-0.1375,3.8105700000000002,3.85708,0.027999165548569138,0.0715907005730352,0.06602146093635165,0.07956857343013757,-0.1289245216945348,-0.0940043313568934,-64.0,3.056465214275228,-0.12140450658984211,0.8656255519468155,0.07319590201706916,-0.36216995454545453,2.0,-0.3574999999999926,-0.10272727272726703,-0.3499999999999943,-0.144999999999996,,,0.0082000000000005,0.0660999999999995,0.024099999999999698,3.7573866296672573,4.135934021932846,0.13973844341427857,0.0,1.0,0.0,2.0,,-1.8258566751610488,-1.514142468571663,0.03906282305760674,-0.015568609698754574,-0.012061859025564631,1.0
2001-02-01,2001,1,2,0.0,0.0,0.0,0.0,0.0,0.0,0.0,0.0,0.0,0.0,0.0,0.0,0.0,0.0,0.0,0.0,0.0,0.0,0.0,0.0,,,0.0,0.0,,,,,,,0.0,0.0,0.0,0.0,0.0,0.0,0.0,0.0,0.0,0.0,0.0,0.0,0.0,0.0,0.0,0.0,0.0,0.0,0.0,0.0,0.0,0.0,0.0,0.0,0.0,0.0,0.0,0.0,0.0,0.0,0.0,0.0,0.0,0.0,0.0,0.0,0.0,0.0,,,,0.03672211883091,-0.010085919427376895,0.013459803568946077,2.0
2001-03-01,2001,1,3,-0.04560108,-0.60045,-0.0,-0.04560108,0.01297546,-0.05857654,5.50276,-5.51908,2.34978,-2.68166,1.0,0.83874,-1.30661,0.89094,-1.57535,1.0,-0.0326182447464721,,-0.0338011115876251,1.0,,,-0.06603183093182503,-0.0007216125039433974,0.06,0.012625875362754613,-0.15797586602316116,1.07,-0.058006855323339934,-0.20116682608695657,0.0,,,-0.0375,-0.0675,-0.09,-0.0925,-0.64146,-0.6435,-0.04521114997128987,-0.02515808798531312,-0.018931293771684312,-0.014504098966633261,-0.06603207423940997,-0.02783229760568815,60.0,1.262587536275461,-0.1579758660231612,0.9984964529532623,-0.05800685532333993,-0.2048652727272727,1.0,0.0563636363636251,-0.07221590909090841,0.019999999999996,0.0275000000000034,,,-0.0294999999999996,-0.0419999999999998,-0.0138999999999995,-0.6011870897620007,-0.5889777029869584,0.0436528723589987,0.0,0.0,0.0,1.0,,,,0.0,0.0,0.0,0.0
2001-04-01,2001,2,4,-0.41762637,2.32456,-0.41762637,-0.0,-0.34731509,-0.07031128,-45.97144,-2.50573,0.84228,4.20123,1.0,-7.00705,-0.59322,0.31936,2.46802,1.0,-0.2646161710354207,,-0.2828643561706026,1.0,,,-0.2825307135961557,-0.21391063347156886,-0.149,0.008677779484289161,-0.10731194187395854,1.23,-0.04060488317872579,-0.2965247391304348,1.0,,,-0.3225,-0.2725,-0.29,-0.215,2.4978,2.5176,-0.1383880565850603,-0.0849593035119142,-0.02138374545501598,0.007734613523749145,-0.2825319946005803,-0.2319531062846787,-149.0,0.8677779484289161,-0.1073119418739585,0.7248344745522386,-0.04060488317872579,-0.2969539545454545,1.0,-0.4625000000000055,-0.3898437499999948,-0.1850000000000022,-0.425,,,-0.3343000000000007,-0.2615999999999996,-0.1638000000000001,2.338867469680577,2.935139573070608,-0.7176420333190974,0.0,1.0,0.0,1.0,,,,0.00045814211212925746,-0.006333918661218158,0.00830162492760173,1.0
2001-05-01,2001,2,5,-0.15177445,0.37291,-0.15177445,-0.0,-0.09810594,-0.05366851,-9.67375,-5.16654,1.7827,-0.35559,1.0,-1.47449,-1.22315,0.67592,-0.20889,1.0,-0.0831252288417825,,-0.0876320992335611,1.0,,,-0.1292976048762939,-0.06741087520362374,-0.258,0.0043277992024535195,-0.06480021302463967,1.74,-0.03447084760558905,-0.014070086956521734,0.0,,,-0.1,-0.135,-0.1325,-0.16,0.33908,0.39892,-0.10002088118605136,-0.07177485247389924,-0.032410990209572284,0.006619403677071829,-0.1292980842008815,-0.07498685280250139,-258.0,0.4327799202453519,-0.06480021302463967,1.110372167222949,-0.03447084760558905,-0.00584186363636363,1.0,-0.09687499999999438,-0.1200000000000045,-0.0499999999999971,-0.0900000000000034,,,-0.1349,-0.075499999999999,-0.0276499999999995,0.3739284125476398,0.4799040191961607,0.0771538791255801,0.0,0.0,0.0,1.0,,,,0.0483176309157184,-0.0042581558459407805,-0.01453095833402239,2.0
2001-06-01,2001,2,6,0.07536441,-0.52379,0.07536441,0.0,0.06889065,0.00647376,9.93913,3.75776,-2.01008,-0.67598,1.0,1.51494,0.88963,-0.76214,-0.39711,1.0,0.0535034787275561,,0.0580453064924678,1.0,,,0.08620084812888576,0.12589003258909828,0.006,0.0023060909897463233,0.06531245983334255,1.13,-0.051640342546388496,-0.08350939130434781,0.0,,,0.085,0.0675,0.07,0.07,-0.3482,-0.37896,0.051480244271621685,0.022134737128724106,0.010679494655004859,0.0038405700363781997,0.08620108012999529,0.1101178921009752,6.0,0.2306090989746323,0.06531245983334255,0.9238571469548018,-0.0516403425463885,-0.08471195454545453,1.0,0.1050000000000039,0.04300000000001634,0.0150000000000005,0.1050000000000039,,,0.0594999999999998,0.0345999999999993,0.0062999999999995,-0.4840991724659848,-0.4498057656920875,0.0761356907199081,0.0,0.0,0.0,1.0,,,,0.007101487086718943,-0.022026269713969725,0.0017118371958838735,1.0
2001-07-01,2001,3,7,0.0,0.0,0.0,0.0,0.0,0.0,0.0,0.0,0.0,0.0,0.0,0.0,0.0,0.0,0.0,0.0,0.0,0.0,0.0,0.0,,,0.0,0.0,,,,,,,0.0,0.0,0.0,0.0,0.0,0.0,0.0,0.0,0.0,0.0,0.0,0.0,0.0,0.0,0.0,0.0,0.0,0.0,0.0,0.0,0.0,0.0,0.0,0.0,0.0,0.0,0.0,0.0,0.0,0.0,0.0,0.0,0.0,0.0,0.0,0.0,0.0,0.0,,,,-0.0011388615102336614,-0.010188549825638845,0.00011332386001758277,1.0
2001-08-01,2001,3,8,-0.01971317,-0.6934,-0.0,-0.01971317,0.03145756,-0.05117073,4.50464,-2.31632,2.44116,-2.33857,1.0,0.68661,-0.54838,0.92558,-1.3738,1.0,-0.0352135342755417,,-0.0361718238239403,1.0,,,-0.02763512346015936,0.011538394805468734,0.008,-0.0004160347411197307,-0.09526283868711971,-0.27,-0.0704171967577496,-0.026686304347826078,0.0,,,-0.01,-0.04,-0.05,-0.04,-0.70027,-0.72141,-0.03145556077448985,-0.016747105340674782,-0.0018942640301512726,-0.0012325508400376653,-0.02763526133477282,0.0005336594537936959,8.0,-0.04160347411197307,-0.09526283868711971,0.04621757283239258,-0.0704171967577496,-0.03080086363636363,1.0,0.02635,-0.02319655172413366,0.0085,0.0150000000000005,,,-0.0968,-0.0756000000000005,-0.0496999999999996,-1.487642625931369,-1.928374655647383,-0.5111483211421506,0.0,0.0,0.0,1.0,,,,-0.165739858776848,-0.09980975281855864,0.03713788314919267,2.0
2001-09-01,2001,3,9,0.0,0.0,0.0,0.0,0.0,0.0,0.0,0.0,0.0,0.0,0.0,0.0,0.0,0.0,0.0,0.0,-0.043205601726895,,-0.0454684296551566,1.0,,,0.0,0.0,,,,,,,1.0,,,-0.468,-0.31,-0.02,0.0,-5.6407,-3.766,-0.2956698664440735,-0.14765921838248597,-0.12450883392226149,0.021878520272659248,,,-68.0,-0.1566668879220856,-0.1559769925558916,0.5609489670021706,-0.01286426606173841,-0.1362497272727272,1.0,-0.2134615384615738,-0.07881299734748366,-0.0925000000000153,-0.0875000000000056,,,-0.032,0.0349999999999997,0.0245000000000006,0.0,,0.0894054537326853,0.0,1.0,0.0,1.0,,,,0.057020628532927095,-0.049458324749269963,-0.017891396130875484,2.0
2001-10-01,2001,4,10,-0.06319904,-0.35196,-0.0,-0.06319904,-0.01062904,-0.05257,-3.31119,-1.82161,2.92687,-1.52009,1.0,-0.5047,-0.43126,1.10975,-0.89298,1.0,-0.0322672406335255,,-0.0334665817099711,1.0,,,-0.054154232574639936,0.013399020072229074,-0.068,-0.00448278440546801,-0.16540100793387058,0.4800000000000002,-0.06650910352807493,-0.12486391304347824,0.0,,,-0.055,-0.06,-0.06,-0.065,-0.31179,-0.29974,-0.0464769407345576,-0.016312504240450505,0.005516381537512371,0.015658740201475736,-0.05415452480987873,-0.003373737071128147,-68.0,-0.1566668879220856,-0.1654010079338706,0.6437312550202434,-0.06650910352807493,-0.1224757727272727,1.0,-0.03741379310344453,-0.04689655172414098,-0.0349999999999965,-0.0450000000000017,,,-0.0121999999999999,0.0,0.0029500000000002,-0.3359924737685875,-0.4068932503590234,-0.110404522169228,0.0,0.0,0.0,1.0,,,,-0.05442240561870325,0.05148760391789106,-0.009074542760225304,1.0
2001-11-01,2001,4,11,-0.18179216,0.6426,-0.18179216,-0.0,-0.12918346,-0.0526087,-13.69808,-4.45647,0.72929,0.2193,1.0,-2.08789,-1.05505,0.27652,0.12883,1.0,-0.0960269715937166,,-0.1013359990798643,1.0,,,-0.15317738547511256,-0.08132696298258732,-0.14,-0.006823274035097526,-0.08819247651599316,0.6299999999999999,-0.12206597449140233,-0.11677691304347826,0.0,,,-0.16,-0.145,-0.16,-0.15,0.47689,0.51087,-0.09990089714166493,-0.06430056027471534,-0.034138841196217615,0.003442568363261295,-0.1531780670932776,-0.09235068069572382,-140.0,-0.6823274035097526,-0.08819247651599316,0.7662749318632813,-0.1220659744914023,-0.1153004545454546,1.0,-0.1468750000000085,-0.1207187499999882,-0.1175000000000068,-0.1299999999999954,,,-0.0829499999999998,-0.0907,-0.0247999999999999,0.6118522436102051,0.6376679571851515,0.0348523133223022,0.0,0.0,0.0,1.0,,,,-0.12212747054814396,-0.024805295439148462,0.03088668820903813,2.0
2001-12-01,2001,4,12,-0.0741816,0.26526,-0.0741816,-0.0,-0.05289552,-0.02128608,-0.74676,-6.17732,-0.03239,-0.56126,1.0,-0.11382,-1.46245,-0.01228,-0.32971,1.0,-0.0349415934172425,,-0.0359353139408585,1.0,,,-0.06178067667718826,0.016101008838493115,-0.131,-0.010709485202742286,0.005586090681214628,1.88,-0.11174398451959355,-0.0460484347826087,0.0,,,-0.015,-0.065,-0.0975,-0.095,0.26184,0.26184,-0.07418614357262104,-0.06364706681459009,-0.039448047753171914,-0.02586948712164883,-0.0617808477028863,-0.001627546700758167,-131.0,-1.070948520274229,0.005586090681214628,1.497005497176572,-0.1117439845195936,-0.04480268181818181,1.0,-0.00775000000001488,-0.0349999999999965,-0.0050000000000096,0.0099999999999909,,,-0.0617999999999998,-0.0971000000000001,-0.0310000000000005,0.2778505897772008,0.3057436121423891,-0.0516706854977628,0.0,0.0,0.0,1.0,,,,0.013623888403488417,0.029277604946409398,0.003140485427991025,1.0
2002-01-01,2002,1,1,0.03206976,-0.03735,0.03206976,0.0,0.01826027,0.01380949,1.74667,0.56289,-1.20706,-0.14866,1.0,0.26623,0.13326,-0.45767,-0.08733,1.0,0.0215905618019229,,0.0240013951866226,1.0,,,0.0365556764188206,0.07305020642296997,0.046,-0.013151398112588808,0.014127526992927741,0.9099999999999997,-0.0038275919177630513,0.07993378260869564,0.0,,,0.03,0.02,0.025,0.03,-0.068345,-0.091127,-0.015542627569654598,-0.004985731757032205,-0.0066423451927423004,-0.005032152470838457,0.03655570412953225,0.05326018565346504,46.0,-1.315139811258881,0.01412752699292774,0.4921432489510318,-0.003827591917763051,0.07986963636363636,1.0,0.0200000000000102,0.01999999999997351,0.0,0.0200000000000102,,,0.0080999999999997,-0.0027999999999996,-0.0077999999999995,-0.0614810091993971,-0.0455477112275108,0.0376269910949468,0.0,0.0,0.0,1.0,,-0.93256173748523,-0.48889426072128117,0.0037836270399489243,-0.018166811615158367,-0.005219886813671454,1.0
2002-02-01,2002,1,2,0.0,0.0,0.0,0.0,0.0,0.0,0.0,0.0,0.0,0.0,0.0,0.0,0.0,0.0,0.0,0.0,0.0,0.0,0.0,0.0,,,0.0,0.0,,,,,,,0.0,0.0,0.0,0.0,0.0,0.0,0.0,0.0,0.0,0.0,0.0,0.0,0.0,0.0,0.0,0.0,0.0,0.0,0.0,0.0,0.0,0.0,0.0,0.0,0.0,0.0,0.0,0.0,0.0,0.0,0.0,0.0,0.0,0.0,0.0,0.0,0.0,0.0,,,,0.01883855953894712,-0.035348428026303294,-0.011962982255941968,2.0
2002-03-01,2002,1,3,-0.05760077,-0.33914,-0.0,-0.05760077,-0.00859375,-0.04900702,-3.35474,-1.24297,-0.79159,-2.3486,1.0,-0.51134,-0.29427,-0.30014,-1.37969,1.0,-0.0374733005938203,,-0.0387281992297375,1.0,,,-0.06075388014718094,-0.06441242231812676,0.066,-0.015589383634326381,0.025010967923087435,-0.08000000000000007,0.13616732957057742,0.09730256521739129,0.0,,,-0.05,-0.075,-0.07,-0.07,-0.40051,-0.40482,-0.058383342900380934,-0.05271235236778274,-0.03633819604591506,-0.02113775420279151,-0.06075416465779229,-0.07426141032450022,66.0,-1.558938363432638,0.02501096792308743,-0.4400883015037644,0.1361673295705774,0.0967409090909091,1.0,-0.0387500000000013,-0.03390625000001357,-0.0150000000000005,-0.0200000000000102,,,-0.0695999999999998,-0.0602,-0.0454499999999988,-0.3818876159301513,-0.3828972559029994,-0.0340049307149469,0.0,0.0,0.0,1.0,,,,-0.0023361579058241784,0.011685431238200336,-0.0017830349573006534,1.0
2002-04-01,2002,2,4,0.0,0.0,0.0,0.0,0.0,0.0,0.0,0.0,0.0,0.0,0.0,0.0,0.0,0.0,0.0,0.0,0.0,0.0,0.0,0.0,,,0.0,0.0,,,,,,,0.0,0.0,0.0,0.0,0.0,0.0,0.0,0.0,0.0,0.0,0.0,0.0,0.0,0.0,0.0,0.0,0.0,0.0,0.0,0.0,0.0,0.0,0.0,0.0,0.0,0.0,0.0,0.0,0.0,0.0,0.0,0.0,0.0,0.0,0.0,0.0,0.0,0.0,,,,-0.018339155109371234,-0.010745146876759714,0.005040182747353298,1.0
2002-05-01,2002,2,5,-0.03567892,-0.29932,-0.0,-0.03567892,-5.38e-06,-0.03567354,0.56552,-1.64354,0.48195,-1.48866,1.0,0.0862,-0.3891,0.18273,-0.87452,1.0,-0.0139230653353287,,-0.0134674658070521,1.0,,,-0.03636043109062509,-0.02395048824561924,-0.01,-0.013981244276074278,-0.07106481449216417,0.1499999999999999,0.11510686472084064,0.16287230434782607,0.0,,,-0.02,-0.03,-0.06,-0.065,-0.37888,-0.35516,-0.023344464155274965,-0.021610309605236338,-0.016216705222482135,-0.015202877074973777,-0.03636059712963961,-0.03013563213181957,-10.0,-1.398124427607428,-0.07106481449216417,-0.004120575342867028,0.1151068647208406,0.1683162272727273,1.0,0.0,0.0,0.0,0.0049999999999954,,,-0.0337,-0.0196000000000005,-0.0165000000000006,-0.304581011927849,-0.3073286052009456,-0.0876808417360756,0.0,0.0,0.0,1.0,,,,0.042335624343290496,0.053534719242630764,-0.0020038920534070303,2.0
2002-06-01,2002,2,6,0.00603467,-0.48238,0.00603467,0.0,0.03175849,-0.02572382,0.3927,0.81919,1.56212,-1.3498,1.0,0.05986,0.19394,0.59229,-0.79294,1.0,0.0101243616317889,,0.0118500413514773,1.0,,,0.020886714347265162,0.051995232183147166,-0.024,-0.013526511822814058,-0.16278012840222456,-0.3900000000000001,0.02286947024831054,0.14515152173913043,0.0,,,0.015,0.01,0.01,0.01,-0.53726,-0.56074,0.0030972874282733437,0.013094187651304328,0.010227436637131672,-0.0012378705083623117,0.02088668761949472,0.04818044197313411,-24.0,-1.352651182281406,-0.1627801284022246,0.06343590616474604,0.02286947024831054,0.1449913181818182,1.0,0.0,0.008611111111103189,0.0,0.0,,,0.0125000000000001,0.0104999999999999,0.0091000000000001,-0.4791766495135339,-0.4685059864653826,-0.1596394027608242,0.0,0.0,0.0,1.0,,,,-0.06432193000938481,0.018968120239440885,0.007594383753112976,1.0
2002-07-01,2002,3,7,0.0,0.0,0.0,0.0,0.0,0.0,0.0,0.0,0.0,0.0,0.0,0.0,0.0,0.0,0.0,0.0,0.0,0.0,0.0,0.0,,,0.0,0.0,,,,,,,0.0,0.0,0.0,0.0,0.0,0.0,0.0,0.0,0.0,0.0,0.0,0.0,0.0,0.0,0.0,0.0,0.0,0.0,0.0,0.0,0.0,0.0,0.0,0.0,0.0,0.0,0.0,0.0,0.0,0.0,0.0,0.0,0.0,0.0,0.0,0.0,0.0,0.0,,,,-0.01908361835109581,0.014202310991693747,0.00573932597510943,1.0
2002-08-01,2002,3,8,-0.10810874,-0.60374,-0.0,-0.10810874,-0.01808234,-0.0900264,3.2721,-7.53638,0.96699,-3.84786,1.0,0.49874,-1.7842,0.36664,-2.26044,1.0,-0.0508929991064362,,-0.0520778421123244,1.0,,,-0.11057043001386432,-0.07491670093035002,-0.049,-0.012087314824086093,-0.17161496527458375,-0.8999999999999999,0.011867206578155987,-0.08104478260869566,0.0,,,-0.025,-0.075,-0.16,-0.205,-0.74535,-0.70379,-0.09151499348109518,-0.06613056031760353,-0.04771013826062511,-0.03588204232503351,-0.110570643596229,-0.0762752976072731,-49.0,-1.208731482408609,-0.1716149652745838,-0.1692924183392766,0.01186720657815599,-0.08633263636363636,1.0,0.03444444444443756,-0.0099999999999909,0.019999999999996,0.0300000000000011,,,-0.0915999999999999,-0.0739,-0.0700000000000002,-0.5028941171292174,-0.4675467546754675,-0.0839630562552508,0.0,0.0,0.0,1.0,,,,0.0029930529660468184,-0.02379796046555268,-0.010550031843859374,2.0
2002-09-01,2002,3,9,-0.01045181,-1.01173,-0.0,-0.01045181,0.05505498,-0.06550679,1.75716,1.37637,0.30317,-3.63397,1.0,0.26783,0.32585,0.11495,-2.13479,1.0,-0.0003547473535924972,,0.0008337195313363,1.0,,,-0.003916329848732162,0.010621895292990497,0.009,-0.010944052935357718,-0.18815195407892826,-1.08,0.08996679202889712,0.041945826086956524,0.0,,,0.005,-0.015,-0.02,-0.02,-0.98266,-0.98568,-0.019779944725452366,-0.02473411446597567,-0.012911156972152156,-0.005471922194225553,-0.003916403914003574,0.007828838628495975,9.0,-1.094405293535772,-0.1881519540789283,-0.6155572639077485,0.08996679202889712,0.04220963636363637,1.0,0.019999999999996,0.001249999999995249,0.0049999999999954,0.019999999999996,,,-0.0020999999999999,-0.0303999999999997,-0.0267500000000002,-1.027705194044981,-1.056444310292786,-0.1300631735414349,0.0,0.0,0.0,1.0,,,,0.017248662755581404,-0.006028636472197626,-0.0019483926861135071,1.0
2002-10-01,2002,4,10,0.0,0.0,0.0,0.0,0.0,0.0,0.0,0.0,0.0,0.0,0.0,0.0,0.0,0.0,0.0,0.0,0.0,0.0,0.0,0.0,,,0.0,0.0,,,,,,,0.0,0.0,0.0,0.0,0.0,0.0,0.0,0.0,0.0,0.0,0.0,0.0,0.0,0.0,0.0,0.0,0.0,0.0,0.0,0.0,0.0,0.0,0.0,0.0,0.0,0.0,0.0,0.0,0.0,0.0,0.0,0.0,0.0,0.0,0.0,0.0,0.0,0.0,,,,0.017732477885274888,-0.009994677786189276,0.003963851830894246,1.0
2002-11-01,2002,4,11,-0.10414792,-0.53662,-0.0,-0.10414792,-0.02010107,-0.08404685,-20.88234,6.84315,-1.25936,-3.21519,1.0,-3.18292,1.62008,-0.47749,-1.88877,1.0,-0.0578224801513592,,-0.060929884434811,1.0,,,-0.07464268481845064,-0.08994571507678853,-0.005,-0.006341765730114801,0.0923976358162717,-0.08999999999999986,0.08189601848272332,0.25175821739130433,0.0,,,-0.0875,-0.07,-0.0775,-0.0825,-0.99613,-0.94905,-0.08646295040934454,-0.08866920666411164,-0.05503530523385727,-0.0495478498471147,-0.07464308822348688,-0.08676335827914461,-5.0,-0.6341765730114801,0.0923976358162717,-0.140826000902643,0.08189601848272332,0.2590045,1.0,-0.2031250000000106,-0.09886904761903238,-0.1625000000000085,-0.1324999999999931,,,-0.0471000000000001,-0.1488,-0.0547500000000003,-0.5231476414578183,-0.6024096385542169,-0.4241281809613465,0.0,0.0,0.0,1.0,,,,0.14443257365216872,0.03746374103303521,-0.00378504179414568,2.0
2002-12-01,2002,4,12,0.01937522,-0.2987,0.01937522,0.0,0.02748475,-0.00810953,-0.06317,2.028,0.51537,-0.60441,1.0,-0.00963,0.48012,0.19541,-0.35506,1.0,0.0177192062460731,,0.0196570474741871,1.0,,,0.02948888401640385,0.046280937244150666,-0.065,-0.004003703420417892,-0.0021501531308292243,0.4700000000000002,0.008278817524514537,0.2561925652173913,0.0,,,0.01,0.01,0.02,0.04,-0.34987,-0.34705,0.015258382437294675,0.01580131673881674,0.00885678905172854,0.008052117316581531,0.02948884165343439,0.04413351536448255,-65.0,-0.4003703420417892,-0.002150153130829224,0.3279135757712637,0.008278817524514537,0.2500956818181818,1.0,0.0,0.0049999999999954,0.0,-0.0049999999999954,,,0.0242999999999999,0.0171999999999998,0.0148999999999999,-0.2904720725514983,-0.2772387025228722,-0.0379506641366283,0.0,0.0,0.0,1.0,,,,0.008093754579506241,-0.006952782848198521,-0.002083561393696351,1.0
2003-01-01,2003,1,1,0.04364663,0.15934,0.0,0.04364663,0.01232952,0.03131711,0.81458,2.68572,0.19283,1.508,1.0,0.12416,0.63583,0.07311,0.88588,1.0,0.0315851072384211,,0.0345811471694705,1.0,,,0.05995667378703256,0.05869328874572993,-0.121,-0.003939527686132038,-0.04286337862247169,0.3599999999999999,0.11354674302772771,0.3535628260869565,0.0,,,0.0325,0.0375,0.07,0.055,0.25042,0.21842,0.04547843771184231,0.05173214849564708,0.03859465396355092,0.04213529130501731,0.0599567239937267,0.06561707770620936,-121.0,-0.3939527686132038,-0.04286337862247169,0.1957987428681212,0.1135467430277277,0.3580817272727273,1.0,0.0050000000000096,0.02884615384614175,0.0,0.0050000000000096,,,0.0457999999999998,0.0430999999999999,0.0413999999999998,0.1571594877764869,0.2040816326530612,0.0705645161290253,0.0,0.0,0.0,1.0,,-1.1973240384832025,-0.9016119414009154,0.016331850348091266,-0.01117797024462361,-0.0020058428027774342,1.0
2003-02-01,2003,1,2,0.0,0.0,0.0,0.0,0.0,0.0,0.0,0.0,0.0,0.0,0.0,0.0,0.0,0.0,0.0,0.0,0.0,0.0,0.0,0.0,,,0.0,0.0,,,,,,,0.0,0.0,0.0,0.0,0.0,0.0,0.0,0.0,0.0,0.0,0.0,0.0,0.0,0.0,0.0,0.0,0.0,0.0,0.0,0.0,0.0,0.0,0.0,0.0,0.0,0.0,0.0,0.0,0.0,0.0,0.0,0.0,0.0,0.0,0.0,0.0,0.0,0.0,,,,-0.15495419028000063,-0.11902614066680632,-0.025201563110873206,2.0
2003-03-01,2003,1,3,0.00355219,-0.43291,0.00355219,0.0,0.02756973,-0.02401754,2.2819,-0.49811,-0.35312,-1.79456,1.0,0.34781,-0.11793,-0.13389,-1.05422,1.0,0.004807767650709,,0.006084656160277,1.0,,,0.0076966422086788945,0.018023754912125288,-0.328,-0.002213076427322491,-0.04715569987134405,-0.25,0.03743507127291412,0.21316565217391303,0.0,,,0.0075,-0.0075,-0.0025,-0.0025,-0.50565,-0.49404,-0.013668265721138806,-0.015616209880995312,-0.01743180051730948,-0.008956461533507229,0.007696581798737435,0.03920253688454216,-328.0,-0.2213076427322491,-0.04715569987134405,-0.1379397189808484,0.03743507127291412,0.2112045,1.0,0.02384615384616601,-0.01192307692307414,0.0100000000000051,0.0150000000000005,,,-0.0060999999999999,-0.0137,-0.0157499999999997,-0.4516136503120871,-0.4486251808972503,-0.0693137934448887,0.0,0.0,0.0,1.0,,,,0.021170436881109936,0.012562170590689528,-0.008489405387120551,1.0
2003-04-01,2003,2,4,0.0,0.0,0.0,0.0,0.0,0.0,0.0,0.0,0.0,0.0,0.0,0.0,0.0,0.0,0.0,0.0,0.0,0.0,0.0,0.0,,,0.0,0.0,,,,,,,0.0,0.0,0.0,0.0,0.0,0.0,0.0,0.0,0.0,0.0,0.0,0.0,0.0,0.0,0.0,0.0,0.0,0.0,0.0,0.0,0.0,0.0,0.0,0.0,0.0,0.0,0.0,0.0,0.0,0.0,0.0,0.0,0.0,0.0,0.0,0.0,0.0,0.0,,,,0.0,0.0,0.0,0.0
2003-05-01,2003,2,5,-0.09435889,0.12916,-0.09435889,-0.0,-0.05487505,-0.03948384,1.54799,-9.22061,0.89915,-1.40112,1.0,0.23595,-2.18293,0.34092,-0.82309,1.0,-0.0403676489703951,,-0.0413929864868282,1.0,,,-0.0854242985544632,-0.08447012576487861,0.002,-0.0033743398378227596,0.09259302845604189,-0.040000000000000036,-0.06692054606104136,0.40953395652173913,0.0,,,-0.0275,-0.075,-0.1175,-0.145,0.15482,0.16017,-0.0876016684045881,-0.07736907309381688,-0.04582155319528285,-0.027502546457817027,-0.08542451558506801,-0.08544372192909455,2.0,-0.337433983782276,0.09259302845604189,-0.06309614702351851,-0.06692054606104136,0.4131521818181818,1.0,0.03099999999998934,-0.0250000000000056,0.0249999999999914,0.0149999999999863,,,-0.0982,-0.0847000000000002,-0.0516999999999998,0.1569875477904298,0.2137323002938819,-0.2089427496865888,0.0,0.0,0.0,1.0,,,,0.03849693406304627,-0.08791775396032615,-0.02522573933274894,2.0
2003-06-01,2003,2,6,0.11352847,-0.20488,0.11352847,0.0,0.06897139,0.04455708,13.29566,1.34664,-0.24792,0.91633,1.0,2.02655,0.31881,-0.094,0.5383,1.0,0.0900597447608655,,0.0970265062492267,1.0,,,0.14542694453442304,0.13763742571903664,0.008,-0.0033432024636752544,0.09336078719108354,-0.33000000000000007,0.020472747936698177,0.17788721739130436,0.0,,,0.1175,0.1175,0.135,0.15,-0.25409,-0.25407,0.08191533729538107,0.05450535601764335,0.03163724955271606,0.008267838307254284,0.1454273113711813,0.1355152211490497,8.0,-0.3343202463675254,0.09336078719108354,-0.5072099896558528,0.02047274793669818,0.1778810454545454,1.0,0.125,0.1086842105263073,0.0300000000000011,0.125,,,0.0697000000000001,0.0468999999999999,0.028,-0.1925132606173573,-0.1522842639593908,0.2240956141287034,0.0,0.0,0.0,1.0,,,,0.040637916983742854,-0.00488179998322491,-0.00932630887164316,1.0
2003-07-01,2003,3,7,0.0,0.0,0.0,0.0,0.0,0.0,0.0,0.0,0.0,0.0,0.0,0.0,0.0,0.0,0.0,0.0,0.0,0.0,0.0,0.0,,,0.0,0.0,,,,,,,0.0,0.0,0.0,0.0,0.0,0.0,0.0,0.0,0.0,0.0,0.0,0.0,0.0,0.0,0.0,0.0,0.0,0.0,0.0,0.0,0.0,0.0,0.0,0.0,0.0,0.0,0.0,0.0,0.0,0.0,0.0,0.0,0.0,0.0,0.0,0.0,0.0,0.0,,,,-0.07271870231335045,-0.02151622979551928,0.002647960674117719,1.0
2003-08-01,2003,3,8,-0.03389783,-0.07643,-0.0,-0.03389783,-0.01239506,-0.02150277,0.3647,-3.06553,-1.06506,-1.36309,1.0,0.05559,-0.72575,-0.40383,-0.80075,1.0,-0.013217558895871,,-0.0125798829233017,1.0,,,-0.030568769402149275,-0.019598963073987567,-0.054,-0.003075521370121237,0.06348732607944196,0.8799999999999999,-0.005540298303166935,0.3833936956521739,0.0,,,-0.0075,-0.0175,-0.05,-0.08,-0.071403,-0.063755,-0.05120502659297111,-0.0471165339768601,-0.03120848743905092,-0.01794741375774232,-0.03056888727764746,-0.02116740475956509,-54.0,-0.3075521370121237,0.06348732607944196,0.6388445227927195,-0.005540298303166935,0.3885803636363637,1.0,0.0,0.0,0.0,0.0,,,-0.0447999999999999,-0.0472999999999999,-0.0284000000000004,-0.0621377420570662,-0.0764720876879938,-0.0415973377703744,0.0,0.0,0.0,1.0,,,,-0.009945254695413444,-0.0385385235006506,-0.009014159381254043,2.0
2003-09-01,2003,3,9,-0.00172618,0.09982,-0.00172618,-0.0,-0.00681056,0.00508438,-0.52241,-0.80167,-0.56749,-0.00043,1.0,-0.07963,-0.18979,-0.21517,-0.00025,1.0,0.0059068397885002,,0.0073212016050661,1.0,,,0.0044017573177825625,0.019255251943564738,-0.108,-0.003328989804442628,0.016192514006776015,1.0099999999999998,0.017016713359576663,0.4096879565217391,0.0,,,-0.005,-0.005,0.0,-0.0075,-0.15699,-0.15942,-0.011379040667361834,-0.012598160753730332,-0.008028097062579821,-0.0071432420516337625,0.004401658522000001,0.02429243156557589,-108.0,-0.3328989804442628,0.01619251400677602,1.043481468824705,0.01701671335957666,0.4123329090909091,1.0,0.0,0.0050000000000096,0.0,0.0,,,-0.0081500000000001,-0.0136000000000002,-0.0156,-0.1262440914829352,-0.0978712992414974,-0.062060405461318,0.0,0.0,0.0,1.0,,,,-0.027053821615929174,-0.0011082827960067875,0.004361714028838874,1.0
2003-10-01,2003,4,10,-0.08112332,-0.0135,-0.0,-0.08112332,-0.0397573,-0.04136602,-0.31907,-8.39853,-1.92906,-2.78374,1.0,-0.04863,-1.98831,-0.73142,-1.63532,1.0,-0.0391823412462008,,-0.0401020047805809,1.0,,,-0.08265399218863306,-0.1064125306103428,0.077,-0.0018868653728496554,0.03197616022703276,-0.020000000000000018,0.09319912507234207,0.49235604347826084,0.0,,,-0.025,-0.09,-0.1125,-0.125,-0.062746,-0.060332,-0.10635657297804663,-0.10845397555585623,-0.07448787905894981,-0.06083034842070986,-0.08265420806491734,-0.1070057137341867,77.0,-0.1886865372849655,0.03197616022703276,-0.1567525047051257,0.09319912507234207,0.4962327727272727,1.0,0.0,0.0,0.0,0.0,,,-0.1142,-0.1131999999999999,-0.0887500000000001,-0.0284315426280453,0.0,-0.2610398085708015,0.0,0.0,0.0,1.0,,,,-0.016808878465295753,-0.011277217450907704,-0.003728891108482121,1.0
2003-11-01,2003,4,11,0.0,0.0,0.0,0.0,0.0,0.0,0.0,0.0,0.0,0.0,0.0,0.0,0.0,0.0,0.0,0.0,0.0,0.0,0.0,0.0,,,0.0,0.0,,,,,,,0.0,0.0,0.0,0.0,0.0,0.0,0.0,0.0,0.0,0.0,0.0,0.0,0.0,0.0,0.0,0.0,0.0,0.0,0.0,0.0,0.0,0.0,0.0,0.0,0.0,0.0,0.0,0.0,0.0,0.0,0.0,0.0,0.0,0.0,0.0,0.0,0.0,0.0,,,,-0.013401513429662688,0.001179517025179726,-0.026555461271573867,2.0
2003-12-01,2003,4,12,0.03126571,-0.11632,0.03126571,0.0,0.02256343,0.00870228,-0.31963,3.97377,5.59108,2.03737,1.0,-0.04872,0.94077,2.1199,1.19686,1.0,0.0220730708410768,,0.023968630056888,1.0,,,0.043438817167489936,0.01991372901873005,-0.09,-0.0010340906095382962,0.04583978408064482,-0.08000000000000007,0.1343320768658458,0.31893447826086957,0.0,,,-0.0035,0.005,0.0575,0.0775,-0.051594,-0.046904,0.05539737171464331,0.0921395212417932,0.08774113493322418,0.08098148510333138,0.04343873382200487,0.02829649394227574,-90.0,-0.1034090609538296,0.04583978408064482,-0.4421526357853303,0.1343320768658458,0.3127149090909091,1.0,0.0,-0.0050000000000096,0.0,0.0049999999999954,0.0449999999999999,,0.0445999999999999,0.0790999999999999,0.0784499999999992,-0.1125017578399705,-0.117205813408345,-0.0902221720987913,0.0,0.0,0.0,1.0,,,,-0.018537868004790445,0.023412615889805612,0.00010535808450310651,1.0
2004-01-01,2004,1,1,0.13151751,-0.91791,0.13151751,0.0,0.12044966,0.01106785,-0.10287,16.88202,5.40596,1.94475,1.0,-0.01568,3.99673,2.04971,1.14245,1.0,0.0833383905249249,,0.0885374334361557,1.0,,,0.15190604787211712,0.12399844693599053,-0.147,0.000957623328870838,0.10466634255755558,-0.06999999999999984,0.10058111230477351,0.3706064782608696,0.0,,,0.025,0.11,0.1775,0.2425,-0.95942,-0.97476,0.20491709250182502,0.2351162948090329,0.16362148546879596,0.13800831492789398,0.1519061173826187,0.1409710496083244,-147.0,0.0957623328870838,0.1046663425575556,-0.200923932691873,0.1005811123047735,0.3731928181818182,1.0,0.0,0.02066666666667721,0.0,0.0,0.0879999999999998,,0.1654,0.1387,0.0975000000000001,-0.9106746221854584,-0.9374318726836712,1.008344923504873,0.0,0.0,0.0,1.0,,0.856001578271389,0.8734622672200203,-0.03951713533564293,0.0038499783734739484,-0.004145179217525054,1.0
2004-02-01,2004,1,2,0.0,0.0,0.0,0.0,0.0,0.0,0.0,0.0,0.0,0.0,0.0,0.0,0.0,0.0,0.0,0.0,0.0,0.0,0.0,0.0,,,0.0,0.0,,,,,,,0.0,0.0,0.0,0.0,0.0,0.0,0.0,0.0,0.0,0.0,0.0,0.0,0.0,0.0,0.0,0.0,0.0,0.0,0.0,0.0,0.0,0.0,0.0,0.0,0.0,0.0,0.0,0.0,0.0,0.0,0.0,0.0,0.0,0.0,0.0,0.0,0.0,0.0,,,,0.01375603289154506,0.02980474776760995,0.02067350164142654,2.0
2004-03-01,2004,1,3,-0.05922734,-0.05315,-0.0,-0.05922734,-0.02644689,-0.03278045,-0.05894,-5.39512,-1.76079,-2.10342,1.0,-0.00898,-1.27727,-0.66762,-1.23566,1.0,-0.0248651903510781,,-0.0249246674457928,1.0,,,-0.056496457069292426,-0.09328294359862743,-0.104,0.00290127086175751,0.04094498493809873,-0.56,0.08733057553719359,0.5692449130434781,0.0,,,-0.0225,-0.055,-0.08,-0.095,-0.013522,-0.033809,-0.07572613026020754,-0.08047589032461393,-0.06254572241414347,-0.04749625831926886,-0.05649664469607896,-0.07324810131363424,-104.0,0.290127086175751,0.04094498493809873,-0.401825710404784,0.08733057553719359,0.5724540454545455,1.0,0.01033333333332383,0.004209876543206003,0.0049999999999954,0.0,-0.0414999999999998,,-0.0713000000000001,-0.0826000000000002,-0.0672000000000001,-0.0351297549024113,-0.0787933363349842,0.056439778756064,0.0,0.0,0.0,1.0,,,,-0.02828934443801839,-0.0024431108029364093,0.00954798823388375,1.0
2004-04-01,2004,2,4,0.0,0.0,0.0,0.0,0.0,0.0,0.0,0.0,0.0,0.0,0.0,0.0,0.0,0.0,0.0,0.0,0.0,0.0,0.0,0.0,,,0.0,0.0,,,,,,,0.0,0.0,0.0,0.0,0.0,0.0,0.0,0.0,0.0,0.0,0.0,0.0,0.0,0.0,0.0,0.0,0.0,0.0,0.0,0.0,0.0,0.0,0.0,0.0,0.0,0.0,0.0,0.0,0.0,0.0,0.0,0.0,0.0,0.0,0.0,0.0,0.0,0.0,,,,-0.051221377537321616,-0.013281297439487888,0.02168021759429718,1.0
2004-05-01,2004,2,5,0.00698973,0.36501,0.0,0.00698973,-0.01825316,0.02524289,-0.76666,-1.23521,1.47958,1.54483,1.0,-0.11686,-0.29243,0.56099,0.90751,1.0,0.0088281010107818,,0.0102777008386038,1.0,,,0.008122308685621324,-0.015212580380488993,0.208,0.009427215869607153,-0.014763103445174508,0.2899999999999996,0.0858928563154322,0.5434410434782609,0.0,,,-0.0075,-0.0025,0.0025,0.005,0.38061,0.38061,0.0,0.011241725220849055,0.009984085221074248,0.027599434851895054,0.008122202907740314,-0.02642790972825958,208.0,0.694035406172766,-0.01476310344517451,-0.03695527386592534,0.0858928563154322,0.5361698636363637,1.0,-0.01148148148147103,-0.0050000000000096,-0.0099999999999909,-0.0075000000000073,0.0064999999999999,,0.0079999999999995,0.0211000000000001,0.0184000000000006,0.3616271879116908,0.3589053387169134,-0.0222494159528268,0.0,0.0,0.0,1.0,,,,0.030377918254936898,0.05623593313405624,-0.0008441414868434749,2.0
2004-06-01,2004,2,6,-0.02932674,0.26758,-0.02932674,-0.0,-0.03060632,0.00127958,-0.68334,-1.48478,1.31273,1.03286,1.0,-0.10416,-0.35151,0.49773,0.60675,1.0,-0.0103189165243818,,-0.010062574924499,1.0,,,-0.012489430345164894,-0.0001519472583552655,0.028,0.01143244889934536,0.02405934192871495,0.36999999999999966,-0.05571331693902515,0.231969,0.0,,,-0.03,-0.0275,-0.0125,-0.01,0.2862,0.28619,0.0,0.013019559072922553,0.022070410406035912,0.024177622113147355,-0.01248962174258432,-0.01321237031367807,28.0,1.143244889934536,0.02405934192871495,-0.1178784983244321,-0.05571331693902515,0.2354424090909091,1.0,-0.0099999999999909,-0.02476190476190319,0.0,-0.0099999999999909,-0.0224999999999999,,-0.0121999999999999,0.0068999999999999,0.0137999999999998,0.2812009661324577,0.2865329512893982,-0.1123595505617913,0.0,0.0,0.0,1.0,,,,0.027301490043774926,-0.015450189064959262,-0.009045373247199343,1.0
2004-07-01,2004,3,7,0.0,0.0,0.0,0.0,0.0,0.0,0.0,0.0,0.0,0.0,0.0,0.0,0.0,0.0,0.0,0.0,0.0,0.0,0.0,0.0,,,0.0,0.0,,,,,,,0.0,0.0,0.0,0.0,0.0,0.0,0.0,0.0,0.0,0.0,0.0,0.0,0.0,0.0,0.0,0.0,0.0,0.0,0.0,0.0,0.0,0.0,0.0,0.0,0.0,0.0,0.0,0.0,0.0,0.0,0.0,0.0,0.0,0.0,0.0,0.0,0.0,0.0,,,,-0.026301471884534394,0.013790884780611308,0.007082566706214453,1.0
2004-08-01,2004,3,8,0.05107753,-0.30232,0.05107753,0.0,0.04355159,0.00752594,1.42858,4.30038,-0.41379,-0.12354,1.0,0.21775,1.01809,-0.15689,-0.07257,1.0,0.030360329083233,,0.0332175595817835,1.0,,,0.055548277867117156,0.05436024724112167,-0.193,0.01271607844098277,-0.05151247391077174,-0.96,-0.032440821572714995,0.22604413043478266,0.0,,,0.035,0.0425,0.05,0.05,-0.29412,-0.2918,0.04806217724688331,0.035084232871144025,0.020484102196508116,0.010322313445562404,0.05554833528849398,0.06959608292299077,-193.0,1.271607844098277,-0.05151247391077174,-0.6781682862930132,-0.032440821572715,0.2272621363636364,1.0,0.01476190476191229,0.01555555555553966,0.0100000000000051,0.0150000000000005,0.0409999999999999,,0.0324999999999997,0.0415,0.0251000000000001,-0.3083860508883517,-0.3495688650664181,0.2717083663534415,0.0,0.0,0.0,1.0,,,,-0.037991577437260435,-0.012763810646944283,-0.012692306050152091,2.0
2004-09-01,2004,3,9,-0.01574468,0.0293,-0.01574468,-0.0,-0.00961809,-0.00612659,-0.01084,-0.44532,-2.10885,-0.5741,1.0,-0.00165,-0.10543,-0.79959,-0.33726,1.0,-0.0027217956167198,,-0.0017418811091015,1.0,,,-0.01138860246448968,-0.02112293437436768,-0.006,0.013606275023022363,-0.008739104082115645,-1.0300000000000002,0.01014517411264304,0.04985039130434783,0.0,,,-0.0175,-0.02,-0.0175,-0.0225,0.053246,0.05546,-0.015404235343208846,-0.025399941334416393,-0.025567268179381812,-0.03236058059587472,-0.01138875058261853,-0.01618539541679602,-6.0,1.360627502302236,-0.008739104082115645,-0.597994295230948,0.01014517411264304,0.05035781818181819,1.0,0.0,0.0,0.0,0.0,-0.0149999999999996,,-0.008,-0.0269999999999996,-0.0339999999999998,0.0261940490672319,0.0221877080097625,-0.2998585572843005,0.0,0.0,0.0,1.0,,,,7.253300452489208e-05,-0.0026063546966106008,0.0008108876750501945,1.0
2004-10-01,2004,4,10,0.0,0.0,0.0,0.0,0.0,0.0,0.0,0.0,0.0,0.0,0.0,0.0,0.0,0.0,0.0,0.0,0.0,0.0,0.0,0.0,,,0.0,0.0,,,,,,,0.0,0.0,0.0,0.0,0.0,0.0,0.0,0.0,0.0,0.0,0.0,0.0,0.0,0.0,0.0,0.0,0.0,0.0,0.0,0.0,0.0,0.0,0.0,0.0,0.0,0.0,0.0,0.0,0.0,0.0,0.0,0.0,0.0,0.0,0.0,0.0,0.0,0.0,,,,-0.006986009311181335,0.002479973434453747,-0.0010357098912089405,1.0
2004-11-01,2004,4,11,-0.03057435,0.1175,-0.03057435,-0.0,-0.02228806,-0.00828629,0.0093,-2.90812,-0.62586,-0.4231,1.0,0.00142,-0.68848,-0.2373,-0.24855,1.0,-0.0104153726169158,,-0.0098868512774959,1.0,,,-0.02073967970776436,-0.05783327993240135,0.157,0.01518627448993648,0.08874972487176169,-0.6799999999999997,0.06660593247182334,0.2286776956521739,0.0,,,-0.0075,-0.025,-0.035,-0.0475,0.12429,0.10716,-0.030945325542570956,-0.035192212133532096,-0.02586414379352724,-0.02831106399164799,-0.02073979987293469,-0.05981742048004427,157.0,1.518627448993648,0.08874972487176169,-0.5814882074734697,0.06660593247182334,0.2308498636363636,1.0,0.0,-0.00911764705881514,0.0,-0.0049999999999954,-0.0909999999999997,,-0.0370000000000003,-0.036,-0.0289999999999999,0.1072666735317532,0.1500857632933104,-0.0828794695713866,0.0,0.0,0.0,1.0,,,,-0.04908532414798543,-0.06202163263042465,-0.036334711203642206,2.0
2004-12-01,2004,4,12,-0.01615413,0.06497,-0.01615413,-0.0,-0.01194811,-0.00420602,0.00596,-0.78677,-0.87183,-0.16795,1.0,0.00091,-0.18626,-0.33056,-0.09866,1.0,-0.0016862438512532,,-0.0007394992089831585,1.0,,,-0.0046920275559551115,-0.031192137601557736,-0.087,0.01541528143290627,0.06439837678866311,-0.5800000000000001,0.03499347723988855,0.2834746956521739,0.0,,,-0.005,-0.0125,-0.0175,-0.0175,0.070661,0.062344,-0.011658493322203672,-0.011247826970401645,-0.012444969960373257,-0.01335641472603565,-0.004692132284460252,-0.02041286251336023,-87.0,1.541528143290627,0.06439837678866311,-0.701775900702299,0.03499347723988855,0.2797222727272727,1.0,0.0,-0.00538461538461043,0.0,0.0024999999999977,-0.012,,-0.008,-0.0130000000000003,-0.0170000000000003,0.0641554394647588,-0.0208116545265348,-0.1456310679611705,0.0,0.0,0.0,1.0,,,,-0.0025738104251828227,0.001806065843459122,-0.017952045079339646,1.0
2005-01-01,2005,1,1,0.0,0.0,0.0,0.0,0.0,0.0,0.0,0.0,0.0,0.0,0.0,0.0,0.0,0.0,0.0,0.0,0.0,0.0,0.0,0.0,0.0481212579984603,1.0,0.0,0.0,,,,,,,0.0,0.0,0.0,0.0,0.0,0.0,0.0,0.0,0.0,0.0,0.0,0.0,0.0,0.0,0.0,0.0,0.0,0.0,0.0,0.0,0.0,0.0,0.0,0.0,0.0,0.0,0.0,0.0,0.0,0.0,0.0,0.0,0.0,0.0,0.0,0.0,0.0,0.0,,1.2213103827089071,1.2772760018706322,0.0015371522773331822,0.006617431294598974,-0.003210759128304098,1.0
2005-02-01,2005,1,2,-0.01446464,0.01929,-0.01446464,-0.0,-0.00838166,-0.00608298,-0.54662,-0.3538,-1.03436,-0.35682,1.0,-0.08332,-0.08376,-0.39219,-0.20962,1.0,0.0023503030350018,,0.0036640074269649,1.0,-0.0177675889301515,1.0,-0.010651312931712243,-0.02836346277740625,-0.018,0.015276625612722583,0.05350780995436466,-0.49,-0.03287460761001881,0.37992160869565217,0.0,,,-0.01,-0.02,-0.0225,-0.0225,0.046132,0.052425,-0.01755009392611146,-0.01939513121312809,-0.018700008958394656,-0.022904575624458908,-0.01065143778702685,-0.02702586297339254,-18.0,1.549264158741614,0.05350780995436466,-0.7645069222109451,-0.03287460761001881,0.3827736818181818,1.0,-0.00538461538461043,0.01316239316238105,-0.0049999999999954,0.0,-0.0114999999999998,,-0.008,-0.0139999999999997,-0.0229999999999996,0.0918759046001094,-0.0419375131054728,-0.0717789209235581,0.0,0.0,0.0,1.0,,,,-0.05139200912585277,-0.02928693440240765,-0.018368877241508805,2.0
2005-03-01,2005,1,3,0.07004583,-0.33953,0.07004583,0.0,0.05525279,0.01479304,-0.01506,5.35373,5.72207,1.52052,1.0,-0.0023,1.26747,2.16957,0.89323,1.0,0.0445965611280083,,0.048027015332848,1.0,0.0,0.0,0.08966399113194365,0.05909759420793492,0.043,0.016759597147316896,-0.018364190491778842,-0.31000000000000005,0.10197932969154788,0.38753278260869567,0.0,,,0.0325,0.075,0.095,0.1075,-0.29387,-0.26234,0.08073169458796513,0.10585397889397165,0.09043414464623582,0.08976486860304286,0.08966406053744344,0.06368093118696994,43.0,1.67595971473169,-0.01836419049177884,-0.2763428616316601,0.1019793296915479,0.3907281363636363,1.0,0.0,0.008303571428579511,0.0,0.0,0.056,,0.072,0.1089999999999999,0.1070000000000002,-0.343987989856954,-0.3562447611064543,0.3867069486404751,0.0,0.0,0.0,1.0,,,,-0.05383703331719586,0.0037776004690972297,0.0028827275133610046,1.0
2005-04-01,2005,2,4,0.0,0.0,0.0,0.0,0.0,0.0,0.0,0.0,0.0,0.0,0.0,0.0,0.0,0.0,0.0,0.0,0.0,0.0,0.0,0.0,-0.0276171954628929,1.0,0.0,0.0,,,,,,,0.0,0.0,0.0,0.0,0.0,0.0,0.0,0.0,0.0,0.0,0.0,0.0,0.0,0.0,0.0,0.0,0.0,0.0,0.0,0.0,0.0,0.0,0.0,0.0,0.0,0.0,0.0,0.0,0.0,0.0,0.0,0.0,0.0,0.0,0.0,0.0,0.0,0.0,,,,-0.010663209403124083,0.01669932818443779,-0.003089665833529469,1.0
2005-05-01,2005,2,5,0.00572537,0.621,-0.0215432,0.02726857,-0.03413773,0.0398631,0.14055,-0.7944900000000001,-2.49388,1.74431,2.0,0.02143,-0.18808999999999998,-0.94557,1.02469,2.0,0.0196982072674421,,0.02184185434853,1.0,0.001405926053367,1.0,0.028573007539239137,0.007004621163854436,-0.115,0.01589923422335815,-0.010604752935146067,-0.34999999999999987,0.07134405015282752,0.3281493913043478,0.0,,,0.01,0.0175,0.025,0.0225,0.30062,0.30059,0.02551223840091853,0.017910032567396417,0.005386281218365177,0.0,0.02857297016585231,0.01911392035641188,-115.0,1.524852374757124,-0.01060475293514607,-0.473689145785039,0.07134405015282752,0.3197888636363637,1.0,0.0,0.0050000000000096,0.0,0.0,0.0219999999999997,,0.032,0.024,0.0140000000000002,0.1093470174955212,0.3870967741935484,0.0829383886255843,0.0,0.0,0.0,1.0,,,,-0.030977726391008674,-0.047102462555032754,-0.011521744419417383,2.0
2005-06-01,2005,2,6,0.04851583,-0.41325,0.04851583,0.0,0.04888017,-0.00036434,-0.08763,5.40619,-1.32525,-0.73059,1.0,-0.01336,1.27989,-0.50248,-0.42919,1.0,0.0307952953395897,,0.0336011644259658,1.0,0.0,0.0,0.05958967529728663,0.04427941306525998,-0.097,0.015027790534499985,0.029166496822248256,-0.87,-0.0027772211923124956,0.17887252173913043,0.0,,,0.0375,0.0525,0.05,0.0525,-0.44519,-0.43686,0.04317973071704415,0.024337583649846267,0.005280613222612585,-0.011499286054259877,0.05958974523589294,0.05543219314958431,-97.0,1.502779053449999,0.02916649682224826,-0.680267637694479,-0.002777221192312496,0.1790061818181818,1.0,-0.0025000000000119,0.008068181818180205,0.0,-0.0025000000000119,0.0349999999999997,,0.0609999999999999,0.0389999999999997,0.0150000000000001,-0.4303072968953505,-0.4565262502593899,0.0784841349927204,0.0,0.0,0.0,1.0,,,,0.0018751036986326848,-0.005650612435209933,-0.00646705921260668,1.0
2005-07-01,2005,3,7,0.0,0.0,0.0,0.0,0.0,0.0,0.0,0.0,0.0,0.0,0.0,0.0,0.0,0.0,0.0,0.0,0.0,0.0,0.0,0.0,0.0071068963272075,1.0,0.0,0.0,,,,,,,0.0,0.0,0.0,0.0,0.0,0.0,0.0,0.0,0.0,0.0,0.0,0.0,0.0,0.0,0.0,0.0,0.0,0.0,0.0,0.0,0.0,0.0,0.0,0.0,0.0,0.0,0.0,0.0,0.0,0.0,0.0,0.0,0.0,0.0,0.0,0.0,0.0,0.0,,,,0.05437371162433845,-0.0022096797753245437,0.005033984561710522,1.0
2005-08-01,2005,3,8,-0.02051597,0.21427,-0.02051597,-0.0,-0.02302462,0.00250865,0.03819,-1.91232,-0.95655,0.1532,1.0,0.00582,-0.45273,-0.36268,0.09,1.0,-0.0050390959941622,,-0.0042252651188128,1.0,-0.0150574120948637,1.0,-0.008525408412267566,-0.039743344822653244,0.027,0.01838885243125432,0.042164057656840725,-0.4999999999999999,0.08600373348259183,0.21272273913043477,0.0,,,-0.005,-0.015,-0.0225,-0.025,0.25524,0.24309,-0.01583307234575634,-0.023207897477697775,-0.01823573207363097,-0.018716624776160155,-0.008525514809080582,-0.033920382276034,27.0,1.838885243125432,0.04216405765684073,-0.4153614184365779,0.08600373348259183,0.2121751818181818,1.0,-0.007045454545448064,-0.0009090909091326732,-0.0049999999999954,-0.0050000000000096,-0.0190000000000001,,-0.0209999999999999,-0.0230000000000005,-0.0229999999999996,0.2144963803735893,0.2230784830663151,-0.1703771013175893,0.0,0.0,0.0,1.0,,,,0.008281412142076127,0.06969477994565221,0.011574625694903683,2.0
2005-09-01,2005,3,9,0.02524658,-0.15015,0.02524658,0.0,0.02156953,0.00367705,2.97832,1.14201,-1.30957,-0.36495,1.0,0.45396,0.27037,-0.49654,-0.21439,1.0,0.0268296697264285,,0.0298042780427843,1.0,0.0,0.0,0.02752839942112062,0.0028780171010978663,-0.021,0.019210067105218442,0.016429660551859904,-0.42000000000000004,0.09269716024131203,0.1460098695652174,0.0,,,0.0225,0.0175,0.015,0.015,-0.13324,-0.12113,0.021708857456025885,0.011506018644221197,0.0018101205807352734,-0.022873400398549855,0.02752840085075491,0.01317739075710647,-21.0,1.921006710521844,0.0164296605518599,-0.09884484108460989,0.09269716024131203,0.1414916818181818,1.0,0.0450000000000015,0.04500000000000171,0.0150000000000005,0.0300000000000011,0.0149999999999996,,0.0250000000000003,0.012999999999999,-0.0190000000000001,-0.1313991167059657,-0.1412429378531073,0.2036659877800484,0.0,0.0,0.0,1.0,,,,-0.0018287298259307056,6.489846088332395e-05,-0.013646353836912548,1.0
2005-10-01,2005,4,10,0.0,0.0,0.0,0.0,0.0,0.0,0.0,0.0,0.0,0.0,0.0,0.0,0.0,0.0,0.0,0.0,0.0,0.0,0.0,0.0,-0.0106434429084748,1.0,0.0,0.0,,,,,,,0.0,0.0,0.0,0.0,0.0,0.0,0.0,0.0,0.0,0.0,0.0,0.0,0.0,0.0,0.0,0.0,0.0,0.0,0.0,0.0,0.0,0.0,0.0,0.0,0.0,0.0,0.0,0.0,0.0,0.0,0.0,0.0,0.0,0.0,0.0,0.0,0.0,0.0,,,,3.2677772853921064e-05,-0.002763431576012994,0.0031389102252854808,1.0
2005-11-01,2005,4,11,0.00672916,0.2192,0.0,0.00672916,-0.00969579,0.01642495,0.05596,0.43953,-0.59898,0.87908,1.0,0.00853,0.10406,-0.22711,0.51642,1.0,0.0124857211943731,,0.0142624856264669,1.0,-0.0571507313853403,1.0,0.015423232651357081,0.0004874068009223659,0.108,0.016557153147839898,-0.02226055485927425,-0.25,0.06932784163179306,0.1817979565217391,0.0,,,-0.0025,0.0075,0.01,0.01,0.19471,0.17607,0.0099389193422083,0.003343152361098523,0.002781453543753057,-0.0033873015616281044,0.01542314856209553,-0.004003753381632153,108.0,1.852022856424185,-0.02226055485927425,-0.04570753150780815,0.06932784163179306,0.1846101363636364,1.0,-0.005172413793113379,0.003735632183915219,-0.0050000000000096,0.0,0.0034999999999998,,0.0119999999999995,0.0090000000000003,0.0040000000000004,0.2265019782558214,0.2280738129794733,0.0666222518321144,0.0,0.0,0.0,1.0,,,,6.768482518541754e-05,-0.021212167237130312,-0.012277123246114404,2.0
2005-12-01,2005,4,12,-0.02809889,0.52662,-0.02809889,-0.0,-0.04542651,0.01732762,0.11134,-3.68368,-0.82904,1.05975,1.0,0.01697,-0.87209,-0.31434,0.62256,1.0,-0.0099965286986851,,-0.0094664594231888,1.0,0.0,0.0,-0.018922423701538345,-0.045008497136480315,0.006,0.018631618170589448,0.015148716293930775,-0.010000000000000009,0.09568246938570191,0.3131404782608696,0.0,,,-0.0025,-0.0275,-0.04,-0.0375,0.52625,0.57909,-0.023875026101482563,-0.02174494211468316,-0.01577498134280347,-0.007901306381637946,-0.01892253019246445,-0.04093190657354367,6.0,1.863161817058945,0.01514871629393078,-0.1341833230550269,0.09568246938570191,0.3179780454545455,1.0,-0.008611111111127645,-0.0050000000000096,-0.0050000000000096,0.0,-0.0339999999999998,,-0.0250000000000003,-0.0249999999999994,-0.0200000000000004,0.5232592710047264,0.5547850208044383,-0.2319673036562553,0.0,0.0,0.0,1.0,,,,-0.0002415623529096733,0.0010877346951085464,-0.0020191703803611786,1.0
2006-01-01,2006,1,1,0.03073491,-0.22803,0.03073491,0.0,0.02895394,0.00178097,0.47063,2.84762,1.41169,0.21224,1.0,0.07173,0.67416,0.53525,0.12468,1.0,0.0251341706523188,,0.0277241747445991,1.0,-0.0155056155850401,1.0,0.041734979976233245,0.010275143747048784,-0.092,0.018873346278743597,0.07147250869171806,-0.53,0.06688276295558815,0.22690630434782613,0.0,,,0.0275,0.0275,0.0325,0.0375,-0.31162,-0.32134,0.03583241973375098,0.03515748923634716,0.03152326404530536,0.025713917151748714,0.04173500403379169,0.02806025771686225,-92.0,1.88733462787436,0.07147250869171895,-0.2175481204337877,0.06688276295558815,0.2256972272727273,1.0,0.0099999999999909,0.0249999999999914,0.0,0.0099999999999909,0.0149999999999996,,0.0369999999999999,0.0380000000000002,0.032,-0.2558462426483185,-0.2528199144301828,0.3603603603603686,0.0,0.0,0.0,1.0,,0.8539088172838092,0.9258290082216263,0.0071760127448002795,0.002564065028735244,-0.015698862355860106,1.0
2006-02-01,2006,1,2,0.0,0.0,0.0,0.0,0.0,0.0,0.0,0.0,0.0,0.0,0.0,0.0,0.0,0.0,0.0,0.0,0.0,0.0,0.0,0.0,0.0050744814675761,1.0,0.0,0.0,,,,,,,0.0,0.0,0.0,0.0,0.0,0.0,0.0,0.0,0.0,0.0,0.0,0.0,0.0,0.0,0.0,0.0,0.0,0.0,0.0,0.0,0.0,0.0,0.0,0.0,0.0,0.0,0.0,0.0,0.0,0.0,0.0,0.0,0.0,0.0,0.0,0.0,0.0,0.0,,,,0.047361785954674086,0.00809596637907605,0.006155689549386772,2.0
2006-03-01,2006,1,3,0.04745877,-0.62108,0.04745877,0.0,0.06073457,-0.0132758,0.38209,5.02679,1.75163,-0.80282,1.0,0.05824,1.19007,0.66415,-0.47162,1.0,0.0360375182494114,,0.0393265339155973,1.0,0.0,0.0,0.059460364148579345,0.045824479798738695,0.043,0.020085135591489944,0.03279187156984875,-0.32,-0.01659863737123768,0.2614635652173913,0.0,,,0.0325,0.05,0.055,0.055,-0.71786,-0.70631,0.05596512295723907,0.055842329674317334,0.04150074198335377,0.03112071978347977,0.05946041760497982,0.0477093677554792,43.0,2.008513559148994,0.03279187156984875,-0.08288290034754997,-0.01659863737123768,0.2571586363636364,1.0,0.0049999999999954,0.03452380952381998,0.0050000000000096,0.0049999999999954,0.0439999999999995,,0.0490000000000003,0.056,0.0430000000000001,-0.6252969394167023,-0.6277344493056877,0.356149137451316,0.0,0.0,0.0,1.0,,,,0.0003552560109295785,-0.00594803477652856,0.007893957151876052,1.0
2006-04-01,2006,2,4,0.0,0.0,0.0,0.0,0.0,0.0,0.0,0.0,0.0,0.0,0.0,0.0,0.0,0.0,0.0,0.0,0.0,0.0,0.0,0.0,-0.0234091469147822,1.0,0.0,0.0,,,,,,,0.0,0.0,0.0,0.0,0.0,0.0,0.0,0.0,0.0,0.0,0.0,0.0,0.0,0.0,0.0,0.0,0.0,0.0,0.0,0.0,0.0,0.0,0.0,0.0,0.0,0.0,0.0,0.0,0.0,0.0,0.0,0.0,0.0,0.0,0.0,0.0,0.0,0.0,,,,-0.00061100536545591,-0.0002562493414654804,0.010132548537976068,1.0
2006-05-01,2006,2,5,0.05236673,-0.19309,0.05236673,0.0,0.03768805,0.01467868,-0.01688,4.78482,0.81356,0.63729,1.0,-0.00257,1.13278,0.30847,0.37438,1.0,0.0368336987199199,,0.0401260264355457,1.0,0.0334319401584824,1.0,0.0666465695495827,0.04125829571790207,-0.062,0.019983981380244487,0.04721308461364959,0.16999999999999998,0.13112107298451914,0.14865934782608695,0.0,,,0.0425,0.05,0.065,0.0625,-0.24166,-0.22654,0.05214035820583782,0.04953135283571251,0.03747105021413137,0.02771277382458793,0.06664665647831952,0.05323660542294224,-62.0,1.998398138024449,0.04721308461364959,0.30326075712736,0.1311210729845191,0.1460857272727273,1.0,0.0,0.0300000000000011,0.0,0.0100000000000051,0.0469999999999997,,0.0630000000000006,0.0590000000000001,0.04,-0.2065099813157649,-0.1885369532428356,0.0354609929078027,0.0,0.0,0.0,1.0,,,,-0.02172652313655343,0.011074934310343156,-0.028584064273405062,2.0
2006-06-01,2006,2,6,-0.04424467,0.54151,-0.04424467,-0.0,-0.05438658,0.01014191,-1.39262,-4.57019,0.21608,1.01321,1.0,-0.21227,-1.08197,0.08193,0.59521,1.0,-0.024359823374006,,-0.024945886632105,1.0,0.0,0.0,-0.03334865923123893,-0.03555059041703386,-0.105,0.018968168182142975,-0.04366353937979106,0.06,0.06994676455687365,0.09936265217391302,0.0,,,-0.0425,-0.0425,-0.04,-0.035,0.44944,0.44355,-0.04029453235155883,-0.029259654460008624,-0.01358195808181559,0.0,-0.03334890119829725,-0.03017627238828417,-105.0,1.896816818214297,-0.04366353937979106,0.009632020470703662,0.06994676455687365,0.09931054545454546,1.0,-0.0150000000000005,-0.03521739130434913,-0.0050000000000096,-0.0150000000000005,-0.0419999999999998,,-0.0460000000000002,-0.0270000000000001,-0.008,0.5485974536797331,0.5334914048606995,-0.7723342939481288,0.0,0.0,0.0,1.0,,,,-0.002319776098359824,0.006073057367107627,-6.957522507669963e-05,1.0
2006-07-01,2006,3,7,0.0,0.0,0.0,0.0,0.0,0.0,0.0,0.0,0.0,0.0,0.0,0.0,0.0,0.0,0.0,0.0,0.0,0.0,0.0,0.0,-0.0214149885517736,1.0,0.0,0.0,,,,,,,0.0,0.0,0.0,0.0,0.0,0.0,0.0,0.0,0.0,0.0,0.0,0.0,0.0,0.0,0.0,0.0,0.0,0.0,0.0,0.0,0.0,0.0,0.0,0.0,0.0,0.0,0.0,0.0,0.0,0.0,0.0,0.0,0.0,0.0,0.0,0.0,0.0,0.0,,,,-0.0001592669489888124,0.0030343283484073206,-0.003900505095688193,1.0
2006-08-01,2006,3,8,-0.04157032,-0.2469,-0.0,-0.04157032,-0.00607437,-0.03549595,-4.12902,-0.32615,1.28677,-1.23757,1.0,-0.62935,-0.07722,0.48789,-0.72702,1.0,-0.0130625687458593,,-0.0128834320372661,1.0,-0.0294264707893771,1.0,-0.024714664897767642,-0.027100511005835163,-0.033,0.016432008568799006,-0.028193303258497338,-0.44,0.019115426500184718,0.08483086956521739,0.0,,,-0.0325,-0.035,-0.03,-0.03,-0.24608,-0.26368,-0.03405910609857978,-0.020353157321720192,-0.00852952189126028,0.007004297865746744,-0.02471486984785438,-0.02579828283542424,-33.0,1.643200856879901,-0.02819330325849734,-0.3485801229294432,0.01911542650018472,0.08341827272727274,1.0,-0.04717391304349282,-0.01065217391300387,-0.0350000000000108,-0.0349999999999965,-0.0279999999999995,,-0.0290000000000008,-0.0179999999999997,0.0,-0.2422956633382022,-0.2341006632852126,-0.0825763831544098,0.0,0.0,0.0,1.0,,,,0.12180292574379414,0.01454294575553716,-0.003420975109855919,2.0
2006-09-01,2006,3,9,0.01849801,-0.26777,0.01849801,0.0,0.02520327,-0.00670526,-0.0548,2.40733,0.24769,-0.44934,1.0,-0.00835,0.56992,0.09391,-0.26396,1.0,0.0149670072639183,,0.0167854960785012,1.0,0.0,0.0,0.02794549767581994,0.028156862720971076,0.003,0.016173932779555145,0.05146746462261742,-0.43000000000000005,-0.025848468680855774,-0.025869173913043476,0.0,,,0.0125,0.0175,0.02,0.0225,-0.25802,-0.27109,0.01997702589807853,0.016846532296460878,0.01124052786226094,0.0034161848304720506,0.02794546750405681,0.02860316722128245,3.0,1.617393277955514,0.05146746462261742,-0.1230258524620702,-0.02584846868085577,-0.03062168181818181,1.0,0.0,0.0,0.0,-0.0049999999999954,0.0099999999999997,,0.0255,0.0179,0.0118999999999998,-0.2658993499401141,-0.2801643630930145,0.0933271115258962,0.0,0.0,0.0,1.0,,,,-0.008035622910603363,0.0024700899947590147,0.002434534583194377,1.0
2006-10-01,2006,4,10,-0.01078086,-0.07474,-0.0,-0.01078086,-0.00093727,-0.00984359,-0.52924,0.68302,-1.31255,-0.56206,1.0,-0.08067,0.1617,-0.49766,-0.33019,1.0,0.0006599777190342028,,0.0017368168919924,1.0,0.0522123509716426,1.0,-0.0014751933059558994,-0.011448518236427292,-0.074,0.016751995604849412,0.08834946140404742,-0.24,0.03522412722076318,-0.04302739130434783,0.0,,,-0.0025,-0.0125,-0.0125,-0.0125,-0.010835,-0.018059,-0.008009085213032582,-0.008457107870926779,-0.01413370135816641,-0.014919354838709677,-0.001475289380219464,-0.003963839960290805,-74.0,1.675199560484941,0.08834946140404742,-0.07596034645181815,0.03522412722076318,-0.04271063636363636,1.0,-0.0049999999999954,-0.0049999999999954,0.0049999999999954,-0.0049999999999954,-0.0100000000000006,,-0.0041999999999999,-0.0109000000000003,-0.0181000000000004,-0.0638337999970899,-0.0722412858948889,-0.1039861351819796,0.0,0.0,0.0,1.0,,,,-0.03715462520116115,-0.020792254168410015,-0.009258744381790515,1.0
2006-11-01,2006,4,11,0.0,0.0,0.0,0.0,0.0,0.0,0.0,0.0,0.0,0.0,0.0,0.0,0.0,0.0,0.0,0.0,0.0,0.0,0.0,0.0,0.0094937845299998,1.0,0.0,0.0,,,,,,,0.0,0.0,0.0,0.0,0.0,0.0,0.0,0.0,0.0,0.0,0.0,0.0,0.0,0.0,0.0,0.0,0.0,0.0,0.0,0.0,0.0,0.0,0.0,0.0,0.0,0.0,0.0,0.0,0.0,0.0,0.0,0.0,0.0,0.0,0.0,0.0,0.0,0.0,,,,-0.01227284475209052,-0.04640775248465123,-0.008098124416478378,2.0
2006-12-01,2006,4,12,-0.03341516,0.26109,-0.03341516,-0.0,-0.03226384,-0.00115132,-0.3698,-4.42189,-0.26974,-0.15065,1.0,-0.05637,-1.04686,-0.10227,-0.0885,1.0,-0.0104637469320969,,-0.0098104666804786,1.0,0.0,0.0,-0.025864477106458474,-0.04093697435784738,0.022,0.015194967233590262,0.08421026190833203,-0.27999999999999997,0.08960703375663126,-0.1384971304347826,0.0,,,-0.00375,-0.0125,-0.0575,-0.0625,0.30221,0.30749,-0.0517562911141276,-0.04170914610661773,-0.03042153181420709,-0.02537450173588788,-0.02585093460954916,-0.04041995585594996,22.0,1.519496723359026,0.08421026190833203,-0.1941816115470232,0.08960703375663126,-0.1426410454545455,1.0,0.0,-0.0024999999999977,0.0,0.0,-0.0270000000000001,,-0.0463000000000004,-0.0407000000000001,-0.0312999999999998,0.2532553794568368,0.1419950301739439,-0.3245192307692259,0.0,0.0,0.0,1.0,,,,9.208717145149694e-05,-0.0013032864270560293,0.0017053969101167878,1.0
2007-01-01,2007,1,1,-0.00834547,0.4816,-0.00834547,-0.0,-0.03286742,0.02452195,0.10736,-1.77644,-1.25595,1.24157,1.0,0.01636,-0.42056,-0.4762,0.72937,1.0,0.0013480261139729,,0.0024621305355389,1.0,-0.0101952394182984,1.0,-0.0006780750431251901,0.006929843504800205,0.052,0.015352104491507035,0.03666578488979777,0.21999999999999997,0.008473720047943445,-0.046006347826086987,0.0,,,-0.005,-0.0025,-0.015,-0.015,0.5184,0.52183,-0.00801639515455305,-0.011874617251468619,-0.011345704662476933,-0.013872522328503278,-0.0006781748705103508,-0.004185234447026401,52.0,1.535210449150703,0.03666578488979777,0.03735673467965039,0.008473720047943445,-0.04206990909090909,1.0,-0.0049999999999954,-0.0049999999999954,0.0,-0.0049999999999954,-0.0070000000000005,,-0.0083000000000001,-0.0106999999999999,-0.0133,0.5023543487234787,0.5578800557880056,-0.1298088270002353,0.0,0.0,0.0,1.0,,-1.19247260177508,-0.9393363939598203,0.16617669233035884,0.00759449249538657,0.018737096881079263,1.0
2007-02-01,2007,1,2,0.0,0.0,0.0,0.0,0.0,0.0,0.0,0.0,0.0,0.0,0.0,0.0,0.0,0.0,0.0,0.0,0.0,0.0,0.0,0.0,-0.0129255938667189,1.0,0.0,0.0,,,,,,,0.0,0.0,0.0,0.0,0.0,0.0,0.0,0.0,0.0,0.0,0.0,0.0,0.0,0.0,0.0,0.0,0.0,0.0,0.0,0.0,0.0,0.0,0.0,0.0,0.0,0.0,0.0,0.0,0.0,0.0,0.0,0.0,0.0,0.0,0.0,0.0,0.0,0.0,,,,-0.04851987164453984,-0.01014197696517504,0.011105278077702823,2.0
2007-03-01,2007,1,3,-0.08635326,0.81634,-0.08635326,-0.0,-0.09181579,0.00546253,-0.62158,-8.88066,-0.64312,0.91547,1.0,-0.09474,-2.10245,-0.24384,0.5378,1.0,-0.0417952390709845,,-0.0430448821572534,1.0,0.0,0.0,-0.08959510276921148,-0.06396057152026732,-0.003,0.013348753583628081,-0.00043932684497516306,-0.14,0.011682870134987589,-0.42945213043478253,0.0,,,-0.05,-0.0925,-0.115,-0.12,0.88023,0.87322,-0.08158183241973375,-0.06508087535680304,-0.04161905497220506,-0.034725294241108186,-0.08959540071858371,-0.07334617458600944,-3.0,1.334875358362808,-0.0004393268449751631,0.04257618205897007,0.01168287013498759,-0.4436380454545455,1.0,0.0,-0.01409090909091628,0.0,-0.0049999999999954,-0.0685000000000002,,-0.0849000000000002,-0.0673000000000003,-0.0473000000000007,0.8218344873435997,0.8419575513067883,-0.432692307692307,0.0,0.0,0.0,1.0,,,,-0.03842155337125435,0.012030042992031423,-0.002058861778731051,1.0
2007-04-01,2007,2,4,0.0,0.0,0.0,0.0,0.0,0.0,0.0,0.0,0.0,0.0,0.0,0.0,0.0,0.0,0.0,0.0,0.0,0.0,0.0,0.0,0.0272129508566026,1.0,0.0,0.0,,,,,,,0.0,0.0,0.0,0.0,0.0,0.0,0.0,0.0,0.0,0.0,0.0,0.0,0.0,0.0,0.0,0.0,0.0,0.0,0.0,0.0,0.0,0.0,0.0,0.0,0.0,0.0,0.0,0.0,0.0,0.0,0.0,0.0,0.0,0.0,0.0,0.0,0.0,0.0,,,,-0.048470034145781014,0.015657333227826056,-0.0053524241947373735,1.0
2007-05-01,2007,2,5,0.03788887,-0.13457,0.03788887,0.0,0.02696238,0.01092649,-0.01517,3.7014,-0.16542,0.33584,1.0,-0.00231,0.87629,-0.06272,0.19729,1.0,0.0294818132569053,,0.0320554733420211,1.0,0.0046938227694454,1.0,0.050274346372702304,0.048914644093704225,-0.018,0.011910289231481741,0.04014598123779933,0.09999999999999998,0.0761794441104735,-0.07767226086956523,0.0,,,0.01,0.03,0.055,0.065,-0.12555,-0.1239,0.0419067509006422,0.03856666893316108,0.021403454538428842,0.014738248512085508,0.05027431796450117,0.04595318636465364,-18.0,1.191028923148174,0.04014598123779933,-0.04740678253117281,0.0761794441104735,-0.07496922727272727,1.0,0.007045454545448064,0.0050000000000096,0.0049999999999954,0.0,0.0309999999999996,,0.0461999999999998,0.0337000000000005,0.0217999999999998,-0.1325047370443493,-0.1320567844172994,0.1245771095667939,0.0,0.0,0.0,1.0,,,,0.013439044505167919,0.02586442394129564,0.008719835882406725,2.0
2007-06-01,2007,2,6,0.01252807,-0.27362,0.01252807,0.0,0.02256686,-0.01003879,-0.05872,2.16742,0.11941,-0.57153,1.0,-0.00895,0.51313,0.04527,-0.33575,1.0,0.0135730186013501,,0.015313296733923,1.0,0.0,0.0,0.024376088335028894,0.011556125311214435,0.017,0.012733544280663978,0.046777373819781864,0.76,0.02623554106709669,0.5412880434782609,0.0,,,0.005,0.0075,0.02,0.0275,-0.3155,-0.31222,0.02204010234452509,0.011947123567457163,0.007677072148410717,0.004794764630050827,0.02437602927685786,0.008689827703031418,17.0,1.273354428066398,0.04677737381978186,0.3261975613285781,0.02623554106709669,0.5667387727272727,1.0,0.0,0.0,0.0,0.0,0.0149999999999996,,0.0167000000000001,0.0144000000000001,0.0104000000000006,-0.2673089138259557,-0.2625102543068088,0.0133720718201941,0.0,0.0,0.0,1.0,,,,-0.037118146997896805,0.017028665597336182,0.004052942459193903,1.0
2007-07-01,2007,3,7,0.0,0.0,0.0,0.0,0.0,0.0,0.0,0.0,0.0,0.0,0.0,0.0,0.0,0.0,0.0,0.0,0.0,0.0,0.0,0.0,-0.0029458322170108,1.0,0.0,0.0,,,,,,,0.0,0.0,0.0,0.0,0.0,0.0,0.0,0.0,0.0,0.0,0.0,0.0,0.0,0.0,0.0,0.0,0.0,0.0,0.0,0.0,0.0,0.0,0.0,0.0,0.0,0.0,0.0,0.0,0.0,0.0,0.0,0.0,0.0,0.0,0.0,0.0,0.0,0.0,,,,0.010975146268126885,0.010642395823131891,0.004962226785831789,1.0
2007-08-01,2007,3,8,-0.05483838,-1.25388,-0.02945129,-0.02538709,0.04728947,-0.10212785,4.79838,-3.2671099999999997,5.1338,-4.17197,3.0,0.73137,-0.7734599999999999,1.94652,-2.45083,3.0,-0.0055139625906802,,-0.0022342197136032997,3.0,-0.0064065173830757,1.0,-0.025450106445459624,0.0005480280880613524,-0.038,0.011072212879536636,-0.023381064151000608,0.09,-0.011899698982034579,-0.1677990869565217,2.0,,,-0.02875,-0.0625,-0.06,-0.0475,0.9579659999999999,0.9067139999999999,-0.05362518334159122,-0.028563732232116966,-0.0057693897369920505,0.011461500031387434,-0.02543682972731175,0.0624351625157073,-114.0,3.321663863860992,-0.12205543532634078,1.6405213084775145,-0.03247794337605292,-0.9597509999999999,3.0,-0.0009226190476313775,0.05138392857143682,0.0049999999999954005,0.0199999999999959,-0.0377499999999999,,-0.024899999999999797,-0.033749999999999496,-0.0065999999999997,-2.58570694463643,0.7227051497440187,-0.2168911357742639,0.0,2.0,0.0,3.0,,,,-0.004306621840791297,0.0062490845554530605,0.008291968813918823,2.0
2007-09-01,2007,3,9,-0.21077962,1.32029,-0.21077962,-0.0,-0.18405531,-0.02672431,-21.06773,-6.99158,3.26249,2.29395,1.0,-3.21118,-1.65522,1.237,1.34759,1.0,-0.1145939148315799,,-0.1214488086320966,1.0,0.0,0.0,-0.1727110471087089,-0.1294200982803273,-0.117,0.009675909566670526,-0.030886367110949386,-0.19,0.019648573334974273,-0.6901549565217392,0.0,,,-0.1775,-0.1825,-0.17,-0.1575,1.265,1.2584,-0.11643092019416461,-0.04959261271048344,-0.01556354300385109,0.01907476695803632,-0.1727118035008592,-0.1352613369036928,-117.0,0.9675909566670526,-0.03088636711094939,0.1140455297790388,0.01964857333497427,-0.7004602727272727,1.0,-0.2125000000000198,-0.1549999999999869,-0.0850000000000079,-0.1800000000000068,-0.1799999999999997,,-0.1306999999999996,-0.0637999999999996,0.0029500000000002,1.335934346831705,1.378614660390047,-0.4532898041185387,0.0,0.0,0.0,1.0,,,,0.006408481133967179,-0.05569121919804698,-0.002837657918360271,1.0
2007-10-01,2007,4,10,0.05529082,-0.41526,0.05529082,0.0,0.05238743,0.00290339,-2.5824,8.19167,-0.37946,-0.04431,1.0,-0.39361,1.93933,-0.14388,-0.02603,1.0,0.0422261498237791,,0.0457353192630616,1.0,0.0135175059312198,1.0,0.08634957476169826,0.10200672987531294,0.0,0.009297046538163656,0.0380154463891369,0.62,0.09189221312309304,-0.28354934782608693,0.0,,,0.025,0.075,0.0925,0.105,-0.44037,-0.43711,0.08459290187891441,0.07234846770177901,0.044581546442053366,0.036792125539553834,0.08634961976358908,0.09125807486711782,0.0,0.9297046538163656,0.0380154463891369,0.3812449194396461,0.09189221312309304,-0.276913,1.0,-0.019999999999996,0.03424999999999858,0.0,-0.019999999999996,0.0550000000000006,,0.0782000000000002,0.0693999999999999,0.0468999999999999,-0.4283023211327312,-0.3718073068218558,-0.0091303950852452,1.0,0.0,0.0,1.0,,,,0.0564218462981561,-0.030344026614432387,-0.010052459662596557,1.0
2007-11-01,2007,4,11,0.0,0.0,0.0,0.0,0.0,0.0,0.0,0.0,0.0,0.0,0.0,0.0,0.0,0.0,0.0,0.0,0.0,0.0,0.0,0.0,-0.0260763719277616,1.0,0.0,0.0,,,,,,,0.0,0.0,0.0,0.0,0.0,0.0,0.0,0.0,0.0,0.0,0.0,0.0,0.0,0.0,0.0,0.0,0.0,0.0,0.0,0.0,0.0,0.0,0.0,0.0,0.0,0.0,0.0,0.0,0.0,0.0,0.0,0.0,0.0,0.0,0.0,0.0,0.0,0.0,,,,-0.015669085164216487,-0.07703807261743502,-0.011428176709859468,2.0
2007-12-01,2007,4,12,0.03883779,-1.76769,0.03883779,0.0,0.12474138,-0.08590359,3.4115,-7.65845,2.76686,-8.27915,1.0,0.51999,-1.8131,1.04908,-4.86361,1.0,0.0282498259055511,,0.0319683464797296,1.0,0.0,0.0,0.08160040391686839,0.11825918169436053,0.029,0.008883007579282065,0.04204006149787087,0.7200000000000001,0.09278544353384088,-0.7199078260869566,0.0,,,0.1825,0.12,0.015,-0.0575,-1.651,-1.6543,-0.11841185370689204,-0.10577079382281225,-0.06702604080278653,-0.0527988186933791,0.08160096932210895,0.1012515266716567,29.0,0.8883007579282065,0.04204006149787087,0.7197441215312854,0.09278544353384088,-0.743084590909091,1.0,0.03100000000001581,0.0250000000000056,0.0200000000000102,0.0450000000000017,-0.004,,-0.1234999999999999,-0.1096500000000002,-0.0745000000000004,-1.737701685780936,-1.805054151624549,0.0853870001576345,0.0,0.0,0.0,1.0,,,,0.04724798860808632,-0.003245868359465488,-0.007570932576046617,1.0
2008-01-01,2008,1,1,-0.28655222,,-0.12412315,-0.0,-0.11061017,-0.01351298,-10.60892,-2.57077,2.23063,2.19445,1.0,-1.61703,-0.60862,0.84576,1.28914,1.0,-0.1711876326939811,,-0.1822673965980326,2.0,0.0059400618607744,1.0,-0.19037759760753892,-0.14276856279422034,-0.048,0.00830777469420596,-0.1492715697180138,0.38000000000000006,0.08426004811099386,-0.5021634782608695,1.0,,,-0.275,-0.22749999999999998,-0.165,-0.11250000000000002,1.8910399999999998,1.9064,-0.04015326593920096,0.006202596459853346,0.027109264556374787,0.04531397959740996,-0.19037876961162792,-0.11622565574565995,-96.0,1.661554938841192,-0.2560932503425164,1.891453700294388,0.16650382158910304,-0.9396506363636363,2.0,-0.575000000000017,-0.3230769230769417,-0.1325000000000074,-0.3350000000000079,-0.2327500000000002,,-0.0239000000000003,0.0721499999999997,0.0993999999999996,0.8828989436152741,2.235579886875897,-0.6519691957545919,1.0,1.0,0.0,2.0,,,,0.06083722119771437,-0.040747486935572445,0.004517481498412163,1.0
2008-02-01,2008,1,2,0.0,0.0,0.0,0.0,0.0,0.0,0.0,0.0,0.0,0.0,0.0,0.0,0.0,0.0,0.0,0.0,0.0,0.0,0.0,0.0,0.0359188736369923,1.0,0.0,0.0,,,,,,,0.0,0.0,0.0,0.0,0.0,0.0,0.0,0.0,0.0,0.0,0.0,0.0,0.0,0.0,0.0,0.0,0.0,0.0,0.0,0.0,0.0,0.0,0.0,0.0,0.0,0.0,0.0,0.0,0.0,0.0,0.0,0.0,0.0,0.0,0.0,0.0,0.0,0.0,,,,0.09921448968989824,0.010348452932007486,-0.006072248800340168,2.0
2008-03-01,2008,1,3,0.15809792,0.47764,0.05335058,0.10474734,0.05059022,0.1075077,15.98339,1.63132,-0.23539999999999994,4.17745,2.0,2.43621,0.38621,-0.08926000000000003,2.45406,2.0,0.095464042297081,,0.1037107200145419,2.0,0.0,0.0,0.12299196567953055,0.1397657041305686,-0.093,0.005582111188333627,-0.13867864171788202,1.0099999999999998,0.2127731765460732,-0.05440560869565216,1.0,,,0.07500000000000001,0.10250000000000001,0.1125,0.11,0.48950000000000005,0.4300999999999999,0.1101803967325743,0.09675929616812923,0.04946694698327696,0.026010710375292644,0.12299210627652266,0.16815744141214042,-186.0,1.1164222376667254,-0.284931335865723,2.262029562438669,0.3734584103651848,-0.15711404545454544,2.0,0.19255769230768494,0.09311538461538113,0.0999999999999943,0.16999999999998738,0.152,,0.1937999999999998,0.1582999999999997,0.0682000000000001,-0.4966336004629933,0.7663524362756691,0.6372967640491135,0.0,1.0,0.0,2.0,,,,0.009450702355814565,-0.013324872871726021,0.007182563977736377,1.0
2008-04-01,2008,2,4,-0.08189706,0.16293,-0.08189706,-0.0,-0.05065622,-0.03124084,-5.99467,0.00347,0.62485,0.18317,1.0,-0.91372,0.00082,0.23692,0.1076,1.0,-0.0406423159276032,,-0.0425528756872807,1.0,-0.0342886434659474,1.0,-0.065172174217217,-0.05266055737591842,-0.03,0.00343431314444409,0.044342293871338256,0.9800000000000002,0.11698553779663623,-0.10508021739130434,0.0,,,-0.0625,-0.0825,-0.08,-0.055,0.35727,0.36622,-0.01728040892968913,-0.002370113023665035,0.0,0.0010717645370621344,-0.0651725045966963,-0.06277227691133952,-30.0,0.343431314444409,0.04434229387133914,0.4215985489438996,0.1169855377966362,-0.1012538181818182,1.0,-0.0600000000000022,-0.0649999999999977,0.0,-0.0600000000000022,-0.0724999999999997,,-0.0161999999999999,-0.0051000000000001,-0.0019,0.266284896206158,0.1608291636883488,-0.1942600613669504,1.0,0.0,0.0,1.0,,,,0.053710354188987966,-0.047902010983675664,-0.01577694288913969,1.0
2008-05-01,2008,2,5,0.0,0.0,0.0,0.0,0.0,0.0,0.0,0.0,0.0,0.0,0.0,0.0,0.0,0.0,0.0,0.0,0.0,0.0,0.0,0.0,-0.0315207502430944,1.0,0.0,0.0,,,,,,,0.0,0.0,0.0,0.0,0.0,0.0,0.0,0.0,0.0,0.0,0.0,0.0,0.0,0.0,0.0,0.0,0.0,0.0,0.0,0.0,0.0,0.0,0.0,0.0,0.0,0.0,0.0,0.0,0.0,0.0,0.0,0.0,0.0,0.0,0.0,0.0,0.0,0.0,,,,0.02891356962017868,0.011467579869740743,-0.011323659878043353,2.0
2008-06-01,2008,2,6,-0.0548724,0.03392,-0.0548724,-0.0,-0.02945722,-0.02541518,-1.52448,-6.98797,2.38142,-1.16763,1.0,-0.23236,-1.65437,0.90293,-0.68593,1.0,-0.023144727648183,,-0.0236490000584388,1.0,0.0,0.0,-0.04977807164178981,-0.048221064198787335,0.001,-0.0010585847856283692,-0.026719103746668083,0.04999999999999982,0.1408970062141668,-0.03502569565217391,0.0,,,-0.07,-0.05,-0.0475,-0.055,0.052741,0.047083,-0.06595200834637453,-0.02983601373328515,-0.014202409268779253,-0.012141571299987141,-0.04977840580952502,-0.05562776042545482,1.0,-0.1058584785628369,-0.02671910374666808,-0.2921224085710477,0.1408970062141668,-0.03203095454545456,1.0,-0.0100000000000051,-0.03980769230768715,0.0,-0.0100000000000051,-0.0274999999999998,,-0.0689000000000001,-0.0348999999999999,-0.0217,0.085608366237887,0.0188288457917529,-0.3153583617747366,1.0,0.0,0.0,1.0,,,,0.005777850974330488,-0.004572577670098823,5.3947860998833485e-05,1.0
2008-07-01,2008,3,7,0.0,0.0,0.0,0.0,0.0,0.0,0.0,0.0,0.0,0.0,0.0,0.0,0.0,0.0,0.0,0.0,0.0,0.0,0.0,0.0,0.0339925513499861,1.0,0.0,0.0,,,,,,,0.0,0.0,0.0,0.0,0.0,0.0,0.0,0.0,0.0,0.0,0.0,0.0,0.0,0.0,0.0,0.0,0.0,0.0,0.0,0.0,0.0,0.0,0.0,0.0,0.0,0.0,0.0,0.0,0.0,0.0,0.0,0.0,0.0,0.0,0.0,0.0,0.0,0.0,,,,0.016067615801756002,0.0026853284449048407,0.016138446510868234,1.0
2008-08-01,2008,3,8,-0.03701864,0.13432,-0.03701864,-0.0,-0.02651237,-0.01050627,-0.41548,-2.15907,1.55984,0.39565,1.0,-0.06333,-0.51115,0.59143,0.23243,1.0,-0.0115193278650822,,-0.0111980557845695,1.0,0.0064749408075066,1.0,-0.019129785491142772,0.017769160160611596,0.014,-0.003992253083069386,-0.12077027218114811,-0.1200000000000001,-0.05104541330231349,0.12212682608695653,0.0,,,-0.0175,-0.0275,-0.0275,-0.035,0.16105,0.16694,-0.007692347817015283,0.007125284943688357,0.01041435512874469,0.017851852444971138,-0.0191299381958742,0.00472262221219209,14.0,-0.3992253083069386,-0.1207702721811481,-0.02863029525927407,-0.05104541330231349,0.1285143636363636,1.0,-0.005961538461549907,-0.01461538461538246,-0.0050000000000096,-0.0100000000000051,0.0049999999999998,,-0.0161999999999999,0.0051999999999998,0.0137,0.1344075456867782,0.1572636131315117,-0.0121748305669417,0.0,0.0,0.0,1.0,,,,-0.10944703518373064,-0.1562697577034655,-0.04347088333380472,2.0
2008-09-01,2008,3,9,0.10812096,-0.62947,0.10812096,0.0,0.09156555,0.01655541,10.3812,6.48531,-1.3652,-0.19311,1.0,1.58232,1.53536,-0.51763,-0.11344,1.0,0.0788975337792296,,0.085525084354664,1.0,0.0,0.0,0.1030268578436731,0.1864789411129545,-0.011,-0.005871555167942688,-0.11635294972870813,0.27,-0.25947306099135226,0.025036086956521736,0.0,,,0.1375,0.0925,0.065,0.0575,-0.55453,-0.59884,0.08351585314977054,0.06393512782971056,0.0317982400527477,0.02004792395019052,0.103027269644867,0.1607025843102677,-11.0,-0.5871555167942688,-0.1163529497287081,0.2611533554999461,-0.2594730609913523,0.02416104545454545,1.0,0.1124999999999889,0.1300000000000096,0.0524999999999948,0.1050000000000039,0.0868500000000001,,0.0769999999999999,0.0696999999999996,0.0525999999999999,-0.6299648528264717,-0.0419287211740041,0.1809347875597852,0.0,0.0,0.0,1.0,,,,0.012808208669399237,0.009896872773567732,-0.014106368170148605,1.0
2008-10-01,2008,4,10,-0.11750555,,-0.0,-0.08145338,0.02643651,-0.10788989,-5.07609,3.17593,-1.73746,-4.99498,1.0,-0.77371,0.75188,-0.65877,-2.93432,1.0,-0.0544273742280649,,-0.056012854350408606,2.0,0.0380687025560884,1.0,-0.0304042081799088,0.10134502292614667,-0.059,-0.009779530903333722,-0.22876697022453474,0.6300000000000003,-0.3733718657203413,-0.1131976956521739,1.0,,,0.0325,-0.0475,-0.0775,-0.0975,-0.3020999999999998,-0.2450000000000001,-0.030227231915678707,-0.03341237390765918,-0.027814736906137158,-0.004134343566103628,-0.030404295922409827,0.18162651841620914,-118.0,-1.9559061806667444,-0.5006606863461354,2.0364569008412694,-0.8014563724669541,-0.2936493181818182,2.0,-0.18141304347826748,-0.0853333333332974,-0.0974999999999965,-0.0750000000000027,0.006499999999999999,,0.004099999999999798,0.032399999999999596,0.007800000000000001,-2.268821143855406,1.243945715244809,0.20679723490559027,1.0,1.0,0.0,2.0,,,,0.0877624244654907,-0.09498487557992683,0.014460431530405257,1.0
2008-11-01,2008,4,11,-0.09597818,1.64061,-0.09597818,-0.0,-0.14573989,0.04976171,-0.12267,-5.54846,-2.66797,4.74813,1.0,-0.0187,-1.31357,-1.01158,2.7893,1.0,0.0,0.0,0.0,0.0,-0.0312747834788263,1.0,0.0,0.0,,,,,,,0.0,0.0,0.0,0.0,0.0,0.0,0.0,0.0,0.0,0.0,0.0,0.0,0.0,0.0,0.0,0.0,0.0,0.0,0.0,0.0,0.0,0.0,0.0,0.0,0.0,0.0,0.0,0.0,0.0,0.0,0.0,0.0,0.0,0.0,0.0,0.0,0.0,0.0,,,,-0.5160356272130696,-0.02240799024056353,0.06176090500633377,2.0
2008-12-01,2008,4,12,-0.25480673,1.59331,-0.25480673,-0.0,-0.22233594,-0.03247079,-13.72484,-6.2388,-8.00115,1.36094,1.0,-2.09196,-1.477,-3.0337,0.79949,1.0,-0.1485597391258255,,-0.1571896733720807,1.0,0.0,0.0,-0.24953991604324174,-0.10156501749451471,-0.238,-0.02004909452813486,-0.36540972516727255,0.04999999999999982,-0.3787017492892746,-0.0834054347826087,0.0,,,-0.2575,-0.24,-0.2425,-0.24,1.6009,1.6573,-0.12385866166353972,-0.1449021673353206,-0.11845437126648382,-0.035189468336000125,-0.2495409644351183,-0.1195047378879351,-238.0,-2.004909452813486,-0.3654097251672725,0.9057951303852052,-0.3787017492892746,-0.08211686363636365,1.0,-0.1498333333333439,-0.1699999999999875,-0.0725000000000051,-0.1850000000000022,-0.05815,,-0.1263999999999999,-0.1131999999999999,-0.0838999999999998,1.102872453112358,1.415227851684121,-0.7073679048669832,0.0,0.0,0.0,1.0,,,,0.21160913682264618,-0.06981381123054221,0.027369264136769156,1.0
2009-01-01,2009,1,1,-0.01090971,-0.1973,-0.0,-0.01090971,0.00630067,-0.01721038,-0.04188,-0.70167,1.89505,-0.49468,1.0,-0.00638,-0.16612,0.71852,-0.2906,1.0,-4.892612197699123e-05,,0.0009821779236423246,1.0,0.0023645439497308,1.0,-0.000632987722695271,0.03211536446347834,-0.044,-0.025970922850078182,-0.05863405875043437,-0.6600000000000001,-0.11343120209421631,0.41053447826086953,0.0,,,0.0,-0.01,-0.0075,-0.02,-0.14957,-0.1438,-0.009344766472060048,0.015490746563651066,0.014277252678008822,0.01766909147190837,-0.0006330734820798845,0.02758331527722269,-44.0,-2.597092285007818,-0.05863405875043437,-0.4816557064383873,-0.1134312020942172,0.4013353636363636,1.0,0.0049999999999954,-0.006923076923070554,0.0,0.0049999999999954,-0.0089999999999999,,-0.0078999999999999,0.0166999999999999,0.0172000000000003,-0.2177400870960322,-0.230017251293847,0.6863001641411116,1.0,0.0,0.0,1.0,,,,0.03534317608947787,0.038436910535325955,-0.02207907886602249,1.0
2009-02-01,2009,1,2,0.0,0.0,0.0,0.0,0.0,0.0,0.0,0.0,0.0,0.0,0.0,0.0,0.0,0.0,0.0,0.0,0.0,0.0,0.0,0.0,-0.0109234972078494,1.0,0.0,0.0,,,,,,,0.0,0.0,0.0,0.0,0.0,0.0,0.0,0.0,0.0,0.0,0.0,0.0,0.0,0.0,0.0,0.0,0.0,0.0,0.0,0.0,0.0,0.0,0.0,0.0,0.0,0.0,0.0,0.0,0.0,0.0,0.0,0.0,0.0,0.0,0.0,0.0,0.0,0.0,,,,-0.04368322092082644,0.018274621605271053,-0.13253884830559493,2.0
2009-03-01,2009,1,3,-0.06299928,1.80819,-0.06299928,-0.0,-0.13923519,0.07623591,-0.04651,0.35721,-29.86851,-0.52641,1.0,-0.00709,0.08457,-11.32488,-0.30924,1.0,-0.0223712792202558,,-0.0225434871177713,1.0,0.0,0.0,-0.058124258509896706,-0.006994907876027717,-0.021,-0.03690597018285047,-0.14466920820619222,0.44999999999999973,0.003799114651871882,0.35587682608695653,0.0,,,-0.05,-0.0675,-0.0725,-0.065,1.8065,1.7782,-0.07501563803169307,-0.17807555046798193,-0.29574281049855583,-0.31741161596694367,-0.05812454019834649,-0.02669843195218831,-21.0,-3.690597018285047,-0.1446692082061922,-0.08038984131464755,0.003799114651871882,0.3579088181818182,1.0,0.0,-0.0049999999999954,0.0,-0.0074999999999931,0.0025,,-0.0688999999999999,-0.2558,-0.4343000000000003,1.814499276643628,1.929260450160772,-1.9428148251004,0.0,0.0,0.0,1.0,,,,0.044272144954036856,0.08091431351075272,-0.09116405399432327,1.0
2009-04-01,2009,2,4,0.01747762,0.62292,0.0,0.01747762,-0.028376,0.04585362,-0.06423,-1.37719,4.08973,3.39676,1.0,-0.00979,-0.32604,1.55065,1.99544,1.0,0.0141584647883218,,0.0158852070809676,1.0,-0.0084332520447422,1.0,0.026115293700357787,0.04219868419391318,-0.013,-0.04256967771694242,0.027516243070691004,0.45999999999999996,0.051884466750364844,0.5616983043478261,0.0,,,0.0,0.0075,0.0225,0.0375,0.74817,0.69975,0.02997341396027733,0.06366518278699582,0.0642843594704298,0.06516973042583765,0.02611521858483146,0.03476349849040419,-13.0,-4.256967771694242,0.027516243070691,0.02269394025282301,0.05188446675036484,0.571389909090909,1.0,0.0,0.0,-0.0024999999999977,0.0,0.012,,0.0236999999999999,0.0595999999999998,0.0715999999999996,0.6260138454157073,0.6018916595012898,0.3454662012964017,1.0,0.0,0.0,1.0,,,,0.010359460176178354,-0.005970092590403502,0.013724145381572708,1.0
2009-05-01,2009,2,5,0.0,0.0,0.0,0.0,0.0,0.0,0.0,0.0,0.0,0.0,0.0,0.0,0.0,0.0,0.0,0.0,0.0,0.0,0.0,0.0,-0.0130875544731682,1.0,0.0,0.0,,,,,,,0.0,0.0,0.0,0.0,0.0,0.0,0.0,0.0,0.0,0.0,0.0,0.0,0.0,0.0,0.0,0.0,0.0,0.0,0.0,0.0,0.0,0.0,0.0,0.0,0.0,0.0,0.0,0.0,0.0,0.0,0.0,0.0,0.0,0.0,0.0,0.0,0.0,0.0,,,,-0.02529534215119207,0.04086049872181648,-0.13892710525678287,2.0
2009-06-01,2009,2,6,0.03981039,-0.6802,0.03981039,0.0,0.06043286,-0.02062247,0.39415,3.21149,6.80671,-0.12214,1.0,0.06008,0.7603,2.58082,-0.07175,1.0,0.0286211529445697,,0.0311661975880147,1.0,0.0,0.0,0.05491943807582038,0.07140589253839007,0.155,-0.047365685738844476,0.15244283280579296,0.98,0.12069321447188042,0.16999408695652174,0.0,,,0.0175,0.035,0.055,0.07,-0.58319,-0.58317,0.04905437105770735,0.09246217579250719,0.08447695758564437,0.07555115817022669,0.05491943584872819,0.06010650546473328,155.0,-4.736568573884448,0.152442832805793,1.227686673957185,0.1206932144718804,0.1563628181818182,1.0,0.0,0.0081578947368346,0.0,0.0,0.018,,0.0515999999999998,0.0910999999999999,0.0971000000000001,-0.6460254551668271,-0.6923289947382997,0.4938887503117817,1.0,0.0,0.0,1.0,,,,-0.0021563928531621694,-0.010174976775925515,0.015251107904826583,1.0
2009-07-01,2009,3,7,0.0,0.0,0.0,0.0,0.0,0.0,0.0,0.0,0.0,0.0,0.0,0.0,0.0,0.0,0.0,0.0,0.0,0.0,0.0,0.0,-0.01395776526302,1.0,0.0,0.0,,,,,,,0.0,0.0,0.0,0.0,0.0,0.0,0.0,0.0,0.0,0.0,0.0,0.0,0.0,0.0,0.0,0.0,0.0,0.0,0.0,0.0,0.0,0.0,0.0,0.0,0.0,0.0,0.0,0.0,0.0,0.0,0.0,0.0,0.0,0.0,0.0,0.0,0.0,0.0,,,,0.008943968439206453,-0.0879938058493661,0.10464832194946237,1.0
2009-08-01,2009,3,8,-0.01471372,-0.26438,-0.0,-0.01471372,0.00839543,-0.02310915,-0.05598,-1.1008,2.68156,-0.66485,1.0,-0.00853,-0.26061,1.01674,-0.39057,1.0,-0.0069192789630133,,-0.0061920366761031,1.0,0.0,0.0,-0.005978776311254621,0.020808341974345983,0.083,-0.05095955076079406,0.06773297114315291,0.5499999999999998,0.08431220112544846,0.2269741739130435,0.0,,,0.0,-0.015,-0.025,-0.0175,-0.21899,-0.21153,-0.005648297794692665,0.019181095625154798,0.023164057528318696,0.027225978250470392,-0.005978867369350781,0.005948560131932315,83.0,-5.095955076079406,0.06773297114315291,0.3962658966054127,0.08431220112544846,0.2262101363636363,1.0,0.0,0.0,0.0,0.0,-0.0165,,-0.0040999999999999,0.0152999999999998,0.0257,-0.2913252569568232,-0.3231419338801889,0.4793285590939074,0.0,0.0,0.0,1.0,,,,-0.05218426128439964,-0.1490512758970467,-0.15074826020061305,2.0
2009-09-01,2009,3,9,-0.09114292,0.52867,-0.09114292,-0.0,-0.07707067,-0.01407225,-0.67416,-8.06533,-1.50303,-0.33243,1.0,-0.10276,-1.90942,-0.56989,-0.19529,1.0,-0.0471432357111264,,-0.0486648051077101,1.0,-0.0058961029768883,1.0,-0.09863094798915456,-0.09214247362410292,0.009,-0.050285352495231805,0.1512543935102082,-0.10000000000000009,0.06933130805920751,0.2823945652173913,0.0,,,-0.0525,-0.1,-0.125,-0.135,0.49014,0.49003,-0.09207151793160967,-0.08449256785625942,-0.06272282574169366,-0.06334515067105595,-0.09863125845306203,-0.0963890124851424,9.0,-5.028535249523181,0.1512543935102091,-0.2802412540453902,0.06933130805920751,0.2874157272727272,1.0,-0.0099999999999909,-0.01576923076923275,0.0,-0.0099999999999909,-0.0075,,-0.087,-0.0837499999999997,-0.0764,0.5132982439796908,0.5146198830409356,-0.3283080317276882,0.0,0.0,0.0,1.0,,,,0.03764655454540156,-0.0021909702840320604,-0.01637424809348235,1.0
2009-10-01,2009,4,10,0.0,0.0,0.0,0.0,0.0,0.0,0.0,0.0,0.0,0.0,0.0,0.0,0.0,0.0,0.0,0.0,0.0,0.0,0.0,0.0,0.0031099577219155,1.0,0.0,0.0,,,,,,,0.0,0.0,0.0,0.0,0.0,0.0,0.0,0.0,0.0,0.0,0.0,0.0,0.0,0.0,0.0,0.0,0.0,0.0,0.0,0.0,0.0,0.0,0.0,0.0,0.0,0.0,0.0,0.0,0.0,0.0,0.0,0.0,0.0,0.0,0.0,0.0,0.0,0.0,,,,-0.002615838120031314,-0.00010122326022501134,0.005726337598135476,1.0
2009-11-01,2009,4,11,-0.02569162,0.08621,-0.02569162,-0.0,-0.01798237,-0.00770925,-0.2623,-4.61585,4.21678,0.31197,1.0,-0.03998,-1.09278,1.59882,0.18327,1.0,-0.0082527276931309,,-0.0076099189748527,1.0,0.0041834083632581,1.0,-0.012989928458868169,-0.009447981757015549,-0.09,-0.046810746020153005,0.04178260536552525,-0.08000000000000007,0.07790404421598929,0.5954817391304347,0.0,,,-0.0125,-0.0125,-0.025,-0.035,0.0,-0.023761,-0.037444091122347915,0.0007565634068974826,0.013469890534122368,0.025150585655027737,-0.01299005780397804,0.0007028995507070996,-90.0,-4.883367230737967,0.04178260536552525,0.06815590507848857,0.07790404421598929,0.6014234090909091,1.0,-0.005769230769241846,-0.00934615384615712,-0.0050000000000096,-0.0075000000000073,0.0072999999999999,,-0.0318,0.0050999999999996,0.0245999999999999,0.0843513946413265,0.0,-0.0514172709294492,1.0,0.0,0.0,1.0,,,,0.057434856069140006,-0.09194276735360879,0.032754071949306615,2.0
2009-12-01,2009,4,12,0.0017497,-0.05211,0.0017497,0.0,0.00397967,-0.00222997,-1.81241,0.39118,2.62286,0.39963,1.0,-0.27625,0.09261,0.99448,0.23476,1.0,0.0046514667395987,,0.0058491433709547,1.0,0.0,0.0,0.015129831506365925,0.011178630343264507,0.103,-0.04132287245072597,0.054332014327023614,0.20999999999999996,0.10877838243095006,0.5785194347826087,0.0,,,-0.005,0.0,0.01,0.02,-0.085723,-0.090232,0.009372426374771958,0.030353248038135498,0.029572033790811535,0.02950908124320593,0.01512973553388595,0.006268429902530792,103.0,-4.132287245072597,0.05433201432702361,0.2014044954961016,0.1087783824309501,0.5861117727272727,1.0,-0.02583333333333912,0.0,-0.0125000000000028,-0.0150000000000005,-0.0015,,0.0080999999999999,0.0253000000000001,0.0323999999999999,-0.0538885046838214,-0.0449034575662326,0.1821920304000424,0.0,0.0,0.0,1.0,,,,0.004362661326642781,-0.019848281240480978,0.03744596708040783,1.0
2010-01-01,2010,1,1,0.02866696,0.09656,0.0,0.02866696,0.00858024,0.02008672,0.04856,4.20438,-0.20374,1.43721,1.0,0.0074,0.99536,-0.07725,0.84429,1.0,0.0225857061435611,,0.0246965237299523,1.0,-0.0462274348938088,1.0,0.03805569533021249,0.06388555969284154,-0.085,-0.03809948624413195,0.009910044896114911,0.16999999999999993,0.014067707166802279,0.39121034782608693,0.0,0.0,-0.005,-0.005,0.0125,0.04,0.0675,0.087677,0.069212,0.052364072355731636,0.04840255591054313,0.03198480845442536,0.020922771490966843,0.03805560811759291,0.06618308554029795,-85.0,-3.809948624413195,0.009910044896114911,0.381087479862865,0.01406770716680317,0.3900796818181818,1.0,-0.0050000000000096,0.005333333333343574,0.0,-0.0050000000000096,0.0194999999999999,,0.05335,0.0453000000000001,0.0270999999999999,0.0814193649289317,0.2077082852527117,0.2239071802961706,1.0,0.0,0.0,1.0,,,,-0.0033146019450680493,0.006188355173821685,0.015344516602939628,1.0
2010-02-01,2010,1,2,0.0,0.0,0.0,0.0,0.0,0.0,0.0,0.0,0.0,0.0,0.0,0.0,0.0,0.0,0.0,0.0,0.0,0.0,0.0,0.0,-0.0062482125760534,1.0,0.0,0.0,,,,,,,0.0,0.0,0.0,0.0,0.0,0.0,0.0,0.0,0.0,0.0,0.0,0.0,0.0,0.0,0.0,0.0,0.0,0.0,0.0,0.0,0.0,0.0,0.0,0.0,0.0,0.0,0.0,0.0,0.0,0.0,0.0,0.0,0.0,0.0,0.0,0.0,0.0,0.0,,,,0.022437209026101287,-0.11160693496303685,-0.028728609747866923,2.0
2010-03-01,2010,1,3,-0.03710515,0.19305,-0.03710515,-0.0,-0.03005488,-0.00705027,-0.49433,-3.5136,-0.54522,-0.29453,1.0,-0.07535,-0.83183,-0.20673,-0.17302,1.0,-0.0172261303882274,,-0.0171159117232955,1.0,0.0,0.0,-0.030617730510968087,-0.01350922878505036,0.014,-0.027467736522385877,0.052249391570374115,0.020000000000000018,-0.008371254542022477,0.3150455217391304,0.0,-0.005,-0.01,-0.0125,-0.035,-0.05,-0.055,0.19994,0.20644,-0.04315366972477064,-0.03803440908579781,-0.025373210050353236,-0.002108491014547875,-0.0306178735055526,-0.01845404861211512,14.0,-2.746773652238588,0.05224939157037412,0.1100628374292012,-0.008371254542022477,0.3193107727272727,1.0,-0.01033333333332383,-0.0100000000000051,-0.0049999999999954,-0.0074999999999931,-0.0399999999999999,,-0.0404999999999999,-0.0369999999999999,-0.0190000000000001,0.1936674638660815,0.1733102253032929,-0.1488663017982796,0.0,0.0,0.0,1.0,,,,-0.00291563168178413,0.011194434450931762,-0.007841549502746476,1.0
2010-04-01,2010,2,4,-0.0069417,0.16698,-0.0069417,-0.0,-0.01341985,0.00647815,0.044,-1.27793,0.96944,0.64891,1.0,0.00671,-0.30254,0.36757,0.38121,1.0,-0.00044921465033948254,,0.0005068929303068582,1.0,-0.0024976287268344,1.0,0.0010952543855276618,-0.001781526380352354,-0.038,-0.0200419120397477,0.08086250108081305,-0.03000000000000025,0.02683669842938574,0.43706065217391316,0.0,-0.003,0.0,-0.005,-0.0075,-0.01,-0.0075,0.17672,0.16831,-0.007501303305181941,0.006866642654540543,0.0059362048361260135,0.009503875722221337,0.001095152784477755,0.0006589837417751872,-38.0,-2.00419120397477,0.08086250108081305,-0.1762508562212508,0.02683669842938574,0.4308968181818182,1.0,0.0,-0.0100000000000051,-0.0024999999999977,0.0,-0.01,,-0.0038999999999997,0.0101999999999997,0.0135,0.1587174954547065,0.1684565171615077,-0.1684542204447625,1.0,0.0,0.0,1.0,,,,-0.0008917266957360974,-0.01051486635143268,0.0012115597337035487,1.0
2010-05-01,2010,2,5,-0.01678896,,-0.0,-0.0,0.0,0.0,0.0,0.0,0.0,0.0,0.0,0.0,0.0,0.0,0.0,0.0,-0.0024978370741494,,-0.0016651936455478,1.0,-0.0021073809416656,1.0,0.0,0.0,,,,,,,0.0,0.0,0.0,0.0,0.0,0.0,0.0,0.0,0.0,0.0,0.0,0.0,0.0,0.0,0.0,0.0,0.0,0.0,0.0,0.0,0.0,0.0,0.0,-0.0049999999999954,0.0,0.0,0.02,,0.0119999999999999,0.0215999999999998,0.0264999999999999,0.0,0.1989829759009507,-0.2472834486530166,0.0,1.0,0.0,1.0,,,,-0.009669558285380943,-0.11451892676507269,0.027432598033081332,2.0
2010-06-01,2010,2,6,0.00393575,0.34692,0.0,0.00393575,-0.01870231,0.02263806,0.58142,-1.8083,-0.42444,0.94809,1.0,0.08862,-0.4281,-0.16093,0.55696,1.0,0.0067886062259294,,0.008162007359017,1.0,0.0,0.0,0.015590951974509893,0.028184493137223623,-0.069,-0.006294967661737871,-0.05729636628106416,-0.5,-0.005526396158393787,0.23887204347826085,0.0,0.0,0.0,0.005,0.0075,0.0075,0.005,0.36655,0.38942,-0.007451266548524966,-0.0059697167119717835,-0.006517331175890578,-0.003896232598788938,0.01559089176787364,0.02876572274298416,-69.0,-0.6294967661737871,-0.05729636628106416,-0.374882206668063,-0.005526396158393787,0.2600231818181818,1.0,0.0050000000000096,-0.002380952380956953,0.0,0.0050000000000096,0.02,,-0.004,-0.0050000000000001,-0.0017999999999998,0.3374547316823403,0.3443526170798898,-0.3086993930656035,1.0,0.0,0.0,1.0,,,,0.001341199861650568,-0.005417701162147598,-0.008704947162794177,1.0
2010-07-01,2010,3,7,0.0,0.0,0.0,0.0,0.0,0.0,0.0,0.0,0.0,0.0,0.0,0.0,0.0,0.0,0.0,0.0,0.0,0.0,0.0,0.0,-0.0052129001207145,1.0,0.0,0.0,,,,,,,0.0,0.0,0.0,0.0,0.0,0.0,0.0,0.0,0.0,0.0,0.0,0.0,0.0,0.0,0.0,0.0,0.0,0.0,0.0,0.0,0.0,0.0,0.0,0.0,0.0,0.0,0.0,0.0,0.0,0.0,0.0,0.0,0.0,0.0,0.0,0.0,0.0,0.0,,,,0.00022987271668989428,-0.002362930105740962,0.0033265403971470086,1.0
2010-08-01,2010,3,8,-0.01867519,0.68052,-0.01867519,-0.0,-0.04988433,0.03120914,0.49993,-0.80787,-6.17471,1.01671,1.0,0.0762,-0.19126,-2.34119,0.59727,1.0,-0.0079226506959919,,-0.0072707996565757,1.0,0.0008428898182118363,1.0,-0.016183601902649374,-0.012853703690024938,-0.076,-0.0018461708699657464,-0.00031915742710886263,-0.7000000000000002,0.04736821157378923,-0.03456947826086959,0.0,0.003,0.0,-0.01,-0.015,-0.0325,-0.04,0.72969,0.69383,-0.011145567311200293,-0.046658737994794,-0.06064309086332746,-0.054689889549702636,-0.01618372540262027,-0.01058775061792081,-76.0,-0.1846170869965746,-0.0003191574271088626,-0.6457485166698929,0.04736821157378923,-0.04148454545454548,1.0,0.003690476190493757,-0.008611111111152099,0.0025000000000119,0.0,-0.0279999999999999,,-0.0159,-0.0552999999999999,-0.0621999999999998,0.726819737950577,0.7186166629238715,-0.7194952464117579,0.0,0.0,0.0,1.0,,,,-0.008847195993619064,-0.02438103346848611,-0.02511552450287871,2.0
2010-09-01,2010,3,9,-0.00588948,0.59361,-0.00588948,-0.0,-0.0383132,0.03242372,0.96782,-2.97512,-1.39161,1.46613,1.0,0.14752,-0.70434,-0.52764,0.86128,1.0,0.0015891237804681,,0.0028053974999464,1.0,0.0,0.0,-0.0021575930040542146,-0.020916355889779192,0.044,-0.000436944005295814,0.023615928724823654,-0.5900000000000003,0.08646986004461255,0.22091721739130432,0.0,0.0,0.0,-0.005,-0.0125,-0.0125,-0.0125,0.52771,0.56066,-0.01299718574108818,-0.021853205660081178,-0.014951214605441835,-0.0027411058393600196,-0.002157697108913052,-0.0197857854098245,44.0,-0.0436944005295814,0.02361592872482365,-0.5213574347831766,0.08646986004461255,0.2197955454545454,1.0,0.0,0.005555555555550444,0.0,0.0,0.006,,-0.0039999999999999,-0.0213999999999998,-0.0072,0.5931500173422736,0.5952380952380952,-0.6123607990320863,0.0,0.0,0.0,1.0,,,,0.0011401475731224412,-0.016064207970311408,0.016961969237130774,1.0
2010-10-01,2010,4,10,0.0,0.0,0.0,0.0,0.0,0.0,0.0,0.0,0.0,0.0,0.0,0.0,0.0,0.0,0.0,0.0,0.0,0.0,0.0,0.0,0.0041834083632581,1.0,0.0,0.0,,,,,,,0.0,0.0,0.0,0.0,0.0,0.0,0.0,0.0,0.0,0.0,0.0,0.0,0.0,0.0,0.0,0.0,0.0,0.0,0.0,0.0,0.0,0.0,0.0,0.0,0.0,0.0,0.0,0.0,0.0,0.0,0.0,0.0,0.0,0.0,0.0,0.0,0.0,0.0,,,,0.0009382604580414891,-0.009577140158844236,0.013753509316255715,1.0
2010-11-01,2010,4,11,-0.00198515,-0.30103,-0.0,-0.00198515,0.01694339,-0.01892854,0.77006,-0.24943,1.60611,-0.8042,1.0,0.11737,-0.05905,0.60897,-0.47243,1.0,0.0083415672775909,,0.0100096267385255,1.0,0.0019163404595544,1.0,0.005789717520197201,-0.022724906744251344,-0.1,0.004288773304029547,0.05840162804124116,-0.2799999999999998,0.1225740359727574,0.29347834782608695,0.0,0.008,0.01,0.005,-0.0075,-0.0025,-0.0075,-0.38784,-0.42159,-0.005552428601209089,-0.038112319246721225,0.01548926014319809,0.11988674062987024,0.005789649284985735,-0.007698665997225885,-100.0,0.07598405468023373,0.05840162804124116,-0.3475413669418019,0.1225740359727574,0.3068775909090909,1.0,0.008333333333325667,0.0204901960784386,0.0074999999999931,0.0150000000000005,0.0025,,-0.0117999999999999,-0.0402,0.0669999999999997,-0.3304001746460852,-0.3787878787878788,0.1904240195119231,1.0,0.0,0.0,1.0,,,,-0.005502884539468449,-0.00318575430612404,0.09455862661229059,2.0
2010-12-01,2010,4,12,-0.00483497,0.01285,-0.00483497,-0.0,-0.00318311,-0.00165186,0.001,-1.6145,0.93036,-0.10374,1.0,0.00015,-0.38222,0.35275,-0.06094,1.0,0.0068087909708576,,0.0083137028538224,1.0,0.0,0.0,0.005170775879021104,-0.026736036725538866,-0.111,0.0053295015588972205,0.11152775084751099,0.5500000000000003,0.1573411323291829,0.3781284347826087,0.0,0.003,0.0,0.0025,-0.0025,-0.0075,-0.0075,0.0,0.0,-0.011177421036172207,0.0007471520053926525,0.003301523819166709,0.009213628442790346,0.00517070107889121,-0.006553881205525279,-111.0,0.532950155889722,0.111527750847511,0.7643061520118692,0.1573411323291829,0.3946870454545454,1.0,0.00455882352940757,0.0049999999999954,0.0024999999999977,0.0050000000000096,0.008,,-0.0161,-0.0034,0.0154999999999998,0.002007346889605,0.0,0.0707195716414484,0.0,0.0,0.0,1.0,,,,0.0019923484296372643,-0.009690801337254758,-0.0014713170724673034,1.0
2011-01-01,2011,1,1,-0.00826078,-0.08019,-0.0,-0.00826078,0.00064749,-0.00890827,-0.02088,-2.66407,2.09688,-0.44661,1.0,-0.00318,-0.63071,0.79505,-0.26237,1.0,7.453153206215773e-05,,0.0011649065449473,1.0,0.0118756851786823,1.0,-0.0025191466398218126,-0.01908444790104826,-0.042,0.007895898574652449,0.08982177575686645,0.6600000000000001,0.08652018760952185,0.3410259565217391,0.0,0.0,-0.005,-0.0025,-0.005,-0.015,-0.0225,-0.065704,-0.067636,-0.03162774940060461,-0.01637573033707865,0.0016444078739160707,0.017455134793264288,-0.002519239275948007,-0.007124744323667906,-42.0,0.7895898574652449,0.08982177575686645,0.9520413086203465,0.08652018760952185,0.3360624545454545,1.0,-0.0049999999999954,-0.0049999999999954,0.0,-0.0049999999999954,-0.0142499999999999,,-0.0275999999999999,-0.0083999999999997,0.0147500000000002,-0.0558771165866508,-0.077264825188333,-0.005771598604565,1.0,0.0,0.0,1.0,,,,-0.0094114720506484,0.005396892981625311,0.01370606254015924,1.0
2011-02-01,2011,1,2,0.0,0.0,0.0,0.0,0.0,0.0,0.0,0.0,0.0,0.0,0.0,0.0,0.0,0.0,0.0,0.0,0.0,0.0,0.0,0.0,0.00039468632803539,1.0,0.0,0.0,,,,,,,0.0,0.0,0.0,0.0,0.0,0.0,0.0,0.0,0.0,0.0,0.0,0.0,0.0,0.0,0.0,0.0,0.0,0.0,0.0,0.0,0.0,0.0,0.0,0.0,0.0,0.0,0.0,0.0,0.0,0.0,0.0,0.0,0.0,0.0,0.0,0.0,0.0,0.0,,,,-0.04725060094907804,0.033571911041638904,-0.01012414980292951,2.0
2011-03-01,2011,1,3,0.00702101,0.27359,0.0,0.00702101,-0.01279053,0.01981154,0.0839,1.1501,0.64411,1.63752,1.0,0.01279,0.27228,0.24422,0.96197,1.0,0.0088656172101192,,0.0103175229687333,1.0,0.0,0.0,0.015773823030018723,0.0005626981977835087,0.017,0.010369940600895688,0.05396866182363702,0.1299999999999999,0.06934437873587207,0.23156117391304348,0.0,0.0,0.0,-0.005,0.0025,0.0075,0.0225,0.32568,0.32374,0.029771199249491846,0.0408881601114131,0.025389543920840127,0.014142619399001475,0.01577372768771453,0.003165068702968454,17.0,1.036994060089569,0.05396866182363702,0.1759046493002243,0.06934437873587207,0.2291813181818181,1.0,-0.004843749999995543,0.0,-0.0024999999999977,0.0,0.008,,0.0281,0.0396,0.0219999999999997,0.2829557328866579,0.2935420743639921,0.0078524781112175,0.0,0.0,0.0,1.0,,,,-0.027144828101383967,0.007541948194153413,-0.0031042623970001654,1.0
2011-04-01,2011,2,4,-0.01072061,0.1752,-0.01072061,-0.0,-0.01579907,0.00507846,0.02862,-2.07081,-0.73425,0.00785,1.0,0.00436,-0.49025,-0.2784,0.00461,1.0,-0.0051889879275753,0.0061043057193238,-0.0047790204241314,1.0,-0.0006787643133071782,1.0,-0.0025465915571613713,-0.027472027580296186,0.031,0.01082176271039259,0.04858420871631175,0.08000000000000007,0.12108273875392417,0.24150556521739128,0.0,0.0,0.0,-0.005,-0.005,-0.0125,-0.0225,0.13399,0.15818,-0.02046440112582091,-0.02606741573033708,-0.015597630739634485,-0.00910466224894219,-0.002546691809397052,-0.02592868204445226,31.0,1.082176271039259,0.04858420871631175,-0.07889711557252888,0.1210827387539242,0.2467256818181818,1.0,-0.0049999999999954,-0.0049999999999954,0.0,-0.0049999999999954,0.0015,,-0.0277,-0.0266999999999999,0.0036999999999998,0.4487603367188459,0.4470106165021419,-0.544813443694719,1.0,0.0,1.0,1.0,,,,-0.01817984556764707,-0.005798424370930596,0.004747798585528327,1.0
2011-05-01,2011,2,5,0.0,0.0,0.0,0.0,0.0,0.0,0.0,0.0,0.0,0.0,0.0,0.0,0.0,0.0,0.0,0.0,0.0,0.0,0.0,0.0,0.0035214517776568,1.0,0.0,0.0,,,,,,,0.0,0.0,0.0,0.0,0.0,0.0,0.0,0.0,0.0,0.0,0.0,0.0,0.0,0.0,0.0,0.0,0.0,0.0,0.0,0.0,0.0,0.0,0.0,0.0,0.0,0.0,0.0,0.0,0.0,0.0,0.0,0.0,0.0,0.0,0.0,0.0,0.0,0.0,,,,0.0018291368153519941,0.012636390401697745,0.04795412043986615,2.0
2011-06-01,2011,2,6,0.0035105,0.10646,0.0,0.0035105,-0.00458785,0.00809835,0.03942,0.71128,0.94118,0.89635,1.0,0.00601,0.16839,0.35686,0.52656,1.0,0.0080841488004438,0.00021949298975042808,0.0077077738189969,1.0,0.0,0.0,0.013960196350661659,0.011407280057308863,-0.144,0.008073259298946311,0.01266945906274941,-0.28000000000000025,-0.03368504784071291,0.37715399999999993,0.0,0.0,-0.005,0.0,0.0,0.005,0.015,0.085235,0.077482,0.016679174484052532,0.02770724923739458,0.02144405788332577,0.014545653157722258,0.01396011581572592,0.02178954219682964,-144.0,0.8073259298946311,0.01266945906274941,-0.2694200745168174,-0.03368504784071291,0.3796235454545455,1.0,-0.009374999999991375,0.003835227272723745,-0.0024999999999977,-0.0049999999999954,0.0179999999999999,,0.0201999999999999,0.05325,0.0474000000000001,-0.184088146189897,-0.174384809145514,0.2842089740324203,1.0,0.0,1.0,1.0,,,,-6.683378414037632e-05,0.002336475717649129,-0.0027392480645241795,1.0
2011-07-01,2011,3,7,0.0,0.0,0.0,0.0,0.0,0.0,0.0,0.0,0.0,0.0,0.0,0.0,0.0,0.0,0.0,0.0,0.0,0.0,0.0,0.0,0.0119690690037728,1.0,0.0,0.0,,,,,,,0.0,0.0,0.0,0.0,0.0,0.0,0.0,0.0,0.0,0.0,0.0,0.0,0.0,0.0,0.0,0.0,0.0,0.0,0.0,0.0,0.0,0.0,0.0,0.0,0.0,0.0,0.0,0.0,0.0,0.0,0.0,0.0,0.0,0.0,0.0,0.0,0.0,0.0,,,,-0.0020129335247805477,0.004326236584280498,-0.005699921277168344,1.0
2011-08-01,2011,3,8,-0.02730958,-0.87788,-0.0,-0.02730958,0.03865104,-0.06596062,-0.25578,-4.40522,0.2586,-4.7947,1.0,-0.03899,-1.04291,0.09805,-2.81666,1.0,-0.0109612437590778,,-0.0101124130367999,1.0,0.0065782348555977,1.0,-0.01154499807377274,-0.0014068977473904176,0.007,0.011981302724086262,-0.17615976923229226,-0.79,-0.05737958552713529,0.41401878260869557,0.0,-0.005,-0.005,0.025,0.005,-0.0325,-0.0825,-1.0016,-0.99735,-0.09418447107868683,-0.12193575844458382,-0.056948702867082986,0.029007952800206804,-0.0115449982215514,-0.008492975482646273,7.0,1.198130272408626,-0.1761597692322923,-0.893797198564116,-0.05737958552713529,0.4112326818181817,1.0,-0.007045454545468073,-0.000227272727273163,-0.0050000000000096,-0.0050000000000096,-0.009,-0.089,-0.0952,-0.1343,-0.0242,-0.9507977553784672,-1.060070671378092,-0.1876172607879932,0.0,0.0,0.0,1.0,,,,0.01907109477520154,0.05846307148837066,-0.030027885447116612,2.0
2011-09-01,2011,3,9,0.05609827,-0.609,0.05609827,0.0,0.06433457,-0.0082363,1.53462,5.96221,-2.3919,-1.52486,1.0,0.23391,1.41152,-0.90691,-0.89578,1.0,0.0499029317182328,,0.0538283490137654,1.0,0.0,0.0,0.06993543007874725,0.05284389892264023,-0.12,0.012950292587669665,-0.056135597362043654,-1.02,-0.024350220817581203,0.5072008260869565,0.0,0.003,0.015,0.04,0.06,0.065,0.0675,-0.18945,-0.16831,0.03876595966439105,0.037697061984951624,0.000747246159610341,-0.06603400731841098,0.06993551336086035,0.0637589553476803,-120.0,1.295029258766967,-0.05613559736204277,-1.11016567098505,-0.0243502208175812,0.5075428181818181,1.0,0.008333333333325666,0.02083333333334481,0.0024999999999977,0.0150000000000005,0.0365,0.033,0.0443999999999999,0.0273999999999999,-0.0499,-0.2500669075337891,-0.6935687263556116,0.5401817093171665,0.0,0.0,0.0,1.0,,,,0.0033021521949820457,0.008129821099732091,0.016697332891969667,1.0
2011-10-01,2011,4,10,0.0,0.0,0.0,0.0,0.0,0.0,0.0,0.0,0.0,0.0,0.0,0.0,0.0,0.0,0.0,0.0,0.0,0.0,0.0,0.0,-0.0079281715145947,1.0,0.0,0.0,,,,,,,0.0,0.0,0.0,0.0,0.0,0.0,0.0,0.0,0.0,0.0,0.0,0.0,0.0,0.0,0.0,0.0,0.0,0.0,0.0,0.0,0.0,0.0,0.0,0.0,0.0,0.0,0.0,0.0,0.0,0.0,0.0,0.0,0.0,0.0,0.0,0.0,0.0,0.0,,,,-0.027143647626924217,0.05150972853654513,-0.06615705069549481,1.0
2011-11-01,2011,4,11,0.00987466,-0.13996,0.00987466,0.0,0.01327642,-0.00340176,-0.02464,1.441,0.5173,-0.0804,1.0,-0.00376,0.34115,0.19614,-0.04723,1.0,0.0095294385669936,0.0090116227446877,0.0161575796507266,1.0,8.461003174850583e-05,1.0,0.02330831941069237,0.031229976369786604,0.047,0.01472039712639095,-0.054827279554966246,-0.6000000000000001,-0.08600963841055886,0.256443652173913,0.0,-0.005,0.0,0.0125,0.01,0.0125,0.02,-0.17052,-0.14207,0.016622544165928396,0.020616752917982838,0.012752970606629142,0.0016633763337151124,0.0233082846561619,0.01891459902409567,47.0,1.527328441831344,-0.05482727955496625,-0.9064925678890994,-0.08600963841055886,0.2488659999999999,1.0,0.0,0.008611111111103189,0.0,0.0049999999999954,0.028,0.011,0.0078999999999999,0.0078999999999999,-0.0176000000000002,0.0068715187673149,0.0,0.1566012969966246,1.0,0.0,1.0,1.0,,,,0.011748392331716342,0.04431002601036959,-0.050734740980990393,2.0
2011-12-01,2011,4,12,0.00977435,-0.81154,0.00977435,0.0,0.05324034,-0.04346599,-0.19489,3.40878,-0.05013,-2.58503,1.0,-0.02971,0.80701,-0.01901,-1.51859,1.0,0.0098641875541596,,0.0114353647853733,1.0,0.0,0.0,0.017474715856773584,0.02135773054394301,-0.005,0.014780781893483308,0.06882709066903026,0.09000000000000008,-0.1084890016554203,0.3502,0.0,0.002,0.0,0.0025,0.01,0.01,0.01,-0.73756,-0.67859,0.001845119599770702,0.0021311398302237554,-0.005987581054236061,-0.017263085151132746,0.01747464897602678,0.01758106446185165,-5.0,1.478078189348331,0.06882709066903026,-0.06193468288371484,-0.1084890016554203,0.3582727272727272,1.0,0.004305555555551594,-0.0049999999999954,0.0024999999999977,0.0,0.005,0.006,0.0,-0.0015999999999999,-0.0156,-0.7010256266044174,-0.8035355564483728,0.2752718309330449,0.0,0.0,0.0,1.0,,,,0.007884350829276764,-0.004237937623126263,-0.010806035823615227,1.0
2012-01-01,2012,1,1,-0.01870518,0.30319,-0.01870518,-0.0,-0.02741725,0.00871207,0.03929,-0.82453,-4.75189,-0.23946,1.0,0.00599,-0.1952,-1.80172,-0.14067,1.0,-0.003933487244296,0.0020820066842393,0.0010724697251375,1.0,0.0062680987299323,1.0,-0.011629413173793086,-0.037411775452046894,0.05,0.015667384002675533,0.08304928937022282,-0.08999999999999986,-0.021983819221340184,0.550181347826087,0.0,0.0,-0.005,-0.005,-0.015,-0.025,-0.035,0.35528,0.34384,-0.020289734236581553,-0.05949026897493897,-0.04928304434248853,-0.02816983122362869,-0.01162951957444135,-0.03493277817520037,50.0,1.566738400267553,0.08304928937022282,-0.1679245006338004,-0.02198381922134018,0.5570812727272727,1.0,-0.0050000000000096,0.003611111111118045,-0.0024999999999977,-0.0050000000000096,0.005,-0.0085,-0.0156,-0.0549999999999999,-0.0246999999999997,0.8777484474418941,0.9186602870813396,-0.655144443751177,1.0,0.0,1.0,1.0,,,,-0.009984840857187826,0.014610243862154215,0.00616171386820685,1.0
2012-02-01,2012,1,2,0.0,0.0,0.0,0.0,0.0,0.0,0.0,0.0,0.0,0.0,0.0,0.0,0.0,0.0,0.0,0.0,0.0,0.0,0.0,0.0,0.0010378940520725,1.0,0.0,0.0,,,,,,,0.0,0.0,0.0,0.0,0.0,0.0,0.0,0.0,0.0,0.0,0.0,0.0,0.0,0.0,0.0,0.0,0.0,0.0,0.0,0.0,0.0,0.0,0.0,0.0,0.0,0.0,0.0,0.0,0.0,0.0,0.0,0.0,0.0,0.0,0.0,0.0,0.0,0.0,,,,0.007941217175439077,0.0021539832730789964,0.0013918216872594964,2.0
2012-03-01,2012,1,3,0.00834547,0.02241,0.0,0.00834547,0.0028375,0.00550797,0.02389,-0.70373,2.91449,0.72092,1.0,0.00364,-0.1666,1.10505,0.4235,1.0,0.0128849702064114,,0.0145879830903765,1.0,0.0,0.0,0.02151838603916236,-0.01769353686562182,0.017,0.018649316835347207,0.08570934653298679,-0.07000000000000006,0.04672526381355979,0.5605637391304349,0.0,0.003,-0.005,0.00125,0.01,0.015,0.0225,-0.0072598,-0.018152,0.009249048934285267,0.030667712301142725,0.03675687167045995,0.03637619770312819,0.02150466746481436,-0.009290356601912141,17.0,1.864931683534721,0.08570934653298679,-0.1991220296007254,0.04672526381355979,0.560686409090909,1.0,0.0,0.0,0.0,-0.0049999999999954,0.005,0.009,0.008,0.0276,0.0352000000000001,-0.0018076448917664,-0.0180766449746926,0.2537753775377397,0.0,0.0,0.0,1.0,,,,-0.0014236407502253698,0.00011322314454650112,0.009376335875689385,1.0
2012-04-01,2012,2,4,0.0,-0.0166,0.0,0.0,0.00098906,-0.00098906,0.00346,-0.55153,1.462,0.19215,1.0,0.00053,-0.13057,0.55433,0.11288,1.0,0.0035430588776208,0.0006207808292843136,0.0016385431862499,1.0,0.0045736561484219,1.0,0.012982096108580818,-0.010678071120173807,-0.09,0.01861778984703122,0.042122065906426975,-0.13000000000000012,-0.01907464192390318,0.589461347826087,0.0,0.0,0.0,0.005,0.005,0.0025,0.0025,-0.1013,-0.054274,0.0,0.007083314669652856,0.010377035667898892,0.013264637425711252,0.01298203402831142,0.00144703561831885,-90.0,1.861778984703122,0.04212206590642698,-0.2293909813197144,-0.01907464192390318,0.5900523636363636,1.0,-0.0050000000000096,-0.004999999999966999,-0.0024999999999977,-0.0050000000000096,-0.003,-0.0079999999999999,-0.0078,-0.0064,0.0079499999999999,0.2604129095551988,0.2532561505065123,-0.115614240136458,1.0,0.0,1.0,1.0,,,,-0.0016784944976859246,0.0013191434956691564,0.0073508961312291595,1.0
2012-05-01,2012,2,5,0.0,0.0,0.0,0.0,0.0,0.0,0.0,0.0,0.0,0.0,0.0,0.0,0.0,0.0,0.0,0.0,0.0,0.0,0.0,0.0,-0.0082157927095748,1.0,0.0,0.0,,,,,,,0.0,0.0,0.0,0.0,0.0,0.0,0.0,0.0,0.0,0.0,0.0,0.0,0.0,0.0,0.0,0.0,0.0,0.0,0.0,0.0,0.0,0.0,0.0,0.0,0.0,0.0,0.0,0.0,0.0,0.0,0.0,0.0,0.0,0.0,0.0,0.0,0.0,0.0,,,,-0.002996646004036929,0.01629274247273945,-0.013539609563168568,2.0
2012-06-01,2012,2,6,0.01683378,-0.02733,0.01683378,0.0,0.01004527,0.00678851,0.36529,2.93351,-2.94275,-0.13248,1.0,0.05568,0.69449,-1.11577,-0.07782,1.0,0.0167461675905552,0.0078800881984007,0.0153241099926824,1.0,0.0,0.0,0.02865962640237936,0.03455470311876301,-0.089,0.016797627291568418,-0.033448079407240705,-0.7299999999999998,-0.09295476242322565,0.234138347826087,0.0,0.003,0.01,0.015,0.02,0.0175,0.0225,-0.08166,-0.055674,0.024030434102871437,0.010591119768925909,-0.013879442430584104,-0.0430311452628137,0.02865960499404993,0.03419656427628288,-89.0,1.679762729156842,-0.03344807940724071,-0.9315395679982554,-0.09295476242322565,0.2310289545454545,1.0,0.0150000000000288,0.004666666666660954,0.0050000000000096,0.0100000000000051,0.0115,0.005,0.0201999999999999,0.0080999999999999,-0.0307000000000001,-0.339398684506933,-0.371126368528483,0.2026454441619592,1.0,0.0,1.0,1.0,,,,0.009862052881437712,-0.022706457550729902,0.04547034859943883,1.0
2012-07-01,2012,3,7,0.0,0.0,0.0,0.0,0.0,0.0,0.0,0.0,0.0,0.0,0.0,0.0,0.0,0.0,0.0,0.0,0.0,0.0,0.0,0.0,0.00010113184544902896,1.0,0.0,0.0,,,,,,,0.0,0.0,0.0,0.0,0.0,0.0,0.0,0.0,0.0,0.0,0.0,0.0,0.0,0.0,0.0,0.0,0.0,0.0,0.0,0.0,0.0,0.0,0.0,0.0,0.0,0.0,0.0,0.0,0.0,0.0,0.0,0.0,0.0,0.0,0.0,0.0,0.0,0.0,,,,0.021691230782064738,-0.03219105381853708,0.04960908116937085,1.0
2012-08-01,2012,3,8,0.01308696,-0.1668,0.01308696,0.0,0.01648176,-0.0033948,1.01675,1.18209,1.79462,0.21012,1.0,0.15497,0.27985,0.68045,0.12343,1.0,0.0156997531641876,,0.0177371295220398,1.0,-0.0121015989162602,1.0,0.02274303331218929,0.0071923144697645675,-0.01,0.01623962495890474,-0.01727873711797212,-0.49,0.010162047757387604,0.3511801304347826,0.0,0.015,0.015,0.01,0.0125,0.015,0.015,-0.20012,-0.22743,0.018456407316691854,0.03994941129068362,0.026042224574951735,0.008452229913711874,0.02274299229419881,0.01051198305885582,-10.0,1.558254313689567,-0.01727873711797212,-0.533077221757353,0.0101620477573876,0.346598,1.0,0.01550000000000052,0.01461764705882402,0.0150000000000005,0.0150000000000005,0.0125,0.021,0.0196,0.0399,0.0255,-0.1478228734157926,-0.163576881134133,0.4226987409745557,0.0,0.0,0.0,1.0,,,,0.051986570310183555,0.04783491059186558,-0.01814108325234558,2.0
2012-09-01,2012,3,9,0.01619423,0.61107,0.0,0.01619423,-0.02831165,0.04450588,1.51251,-2.28023,4.09065,3.29323,1.0,0.23054,-0.53983,1.551,1.93462,1.0,0.0175992773806213,0.0006255872061580955,0.0096642053649215,1.0,0.0,0.0,0.023967558302572675,-0.024825953279406315,-0.039,0.01655870779862134,0.09304135718945972,0.15999999999999992,0.16639832608089922,0.44347060869565214,0.0,0.005,0.01,0.01,0.0125,0.015,0.02,0.65864,0.62435,0.027693991349210485,0.06896752389265651,0.06540507543385367,0.07755891401093157,0.02396751707925693,-0.006768331510817065,-39.0,1.655870779862134,0.09304135718945972,0.2385745654862026,0.1663983260808992,0.4381892727272726,1.0,0.01323529411763488,0.0049999999999954,0.0074999999999931,0.0100000000000051,0.004,-0.004,0.014,-0.0103999999999999,0.0121,1.5565149928506,1.583159359777314,-0.539550291106194,1.0,0.0,1.0,1.0,,,,0.008313467344367241,-0.009712104175149032,0.0017131942641600238,1.0
2012-10-01,2012,4,10,0.0,-0.00141,0.0,0.0,8.401e-05,-8.401e-05,-0.00495,-0.05505,-0.56135,-0.1756,1.0,-0.00075,-0.01303,-0.21284,-0.10316,1.0,0.0043756701291965,,0.0056135763741796,1.0,0.0008428898182118363,1.0,0.008949266900654443,-0.013560489119978885,-0.006,0.016233709070393232,0.04530324575078115,0.33999999999999986,0.03798046996993332,0.5231103913043479,0.0,-0.002,0.0,-0.0025,0.0,0.0025,0.0,-0.042577,-0.035477,-0.0036961279899942676,-0.011283641574492858,-0.006628812459441921,0.002369164697022793,0.008949178536613452,-0.006970015570224778,-6.0,1.623370907039323,0.04530324575078115,0.3100480018453455,0.03798046996993332,0.5308952727272728,1.0,0.0,-0.0081578947368346,0.0,0.0,0.0005,-0.002,0.0,-0.0113999999999999,-0.0018,0.0031805941349895,-0.017733640716439,-0.0206323502747772,0.0,0.0,0.0,1.0,,,,-0.0008768327823694583,0.00202680485319125,0.0019806672883038836,1.0
2012-11-01,2012,4,11,0.0,0.0,0.0,0.0,0.0,0.0,0.0,0.0,0.0,0.0,0.0,0.0,0.0,0.0,0.0,0.0,0.0,0.0,0.0,0.0,0.0046316118534345,1.0,0.0,0.0,,,,,,,0.0,0.0,0.0,0.0,0.0,0.0,0.0,0.0,0.0,0.0,0.0,0.0,0.0,0.0,0.0,0.0,0.0,0.0,0.0,0.0,0.0,0.0,0.0,0.0,0.0,0.0,0.0,0.0,0.0,0.0,0.0,0.0,0.0,0.0,0.0,0.0,0.0,0.0,,,,0.004697873132893061,-0.006385965124096242,0.017087406673563958,2.0
2012-12-01,2012,4,12,-0.0036996,0.39349,-0.0036996,-0.0,-0.02529472,0.02159512,0.10272,-1.90036,1.30079,1.54306,1.0,0.01566,-0.4499,0.49321,0.90647,1.0,0.0044549065953382,0.0050650839019953,0.0057655965097832,1.0,0.0,0.0,0.004082118900685867,-0.016225919270104548,0.036,0.01592366526070066,-0.002993051088228782,-0.020000000000000018,-0.035016192002299995,0.7338376956521742,0.0,0.003,0.0,0.00125,-0.0075,-0.0075,-0.005,0.42913,0.39252,0.0,-0.002806016249244611,0.013877464542984622,0.03436712858045101,0.004068389693985323,-0.0120752441515516,36.0,1.592366526070066,-0.002993051088228782,0.03224642847010539,-0.0350161920023,0.742811,1.0,0.0040789473684173,0.0,0.0024999999999977,0.0049999999999954,-0.0025,0.004,0.004,0.0127999999999999,0.0482,0.0325061167424079,0.0349589232651634,-0.141918462529151,1.0,0.0,1.0,1.0,,,,-0.00028585612512372255,0.003305225120802404,-0.004662099966091867,1.0
2013-01-01,2013,1,1,-0.0035105,-0.07702,-0.0,-0.0035105,0.00283375,-0.00634425,-0.02518,-0.08146,-0.57434,-0.50738,1.0,-0.00384,-0.01929,-0.21776,-0.29806,1.0,0.0037423463365056,,0.0049664918511301,1.0,0.0040632417422395,1.0,0.005787322485334345,-0.021803262239376835,0.0,0.0162107618933387,0.05033595187471729,0.3599999999999999,0.0014671638020438138,0.7568146521739131,0.0,0.0,0.005,0.0,0.0,-0.0075,-0.005,-0.099917,-0.058263,-0.005542758872270571,-0.0127364342821311,-0.008937621832358675,-0.00904526390162505,0.005787240699270753,-0.01352328429286074,0.0,1.62107618933387,0.05033595187471729,0.2704994642029239,0.001467163802043814,0.7534365909090909,1.0,0.0050000000000096,-0.009090909090926545,0.0,0.0050000000000096,-0.001,-0.007,-0.0058499999999999,-0.0144,-0.0108000000000001,-0.0713484525682305,-0.0998502246630054,-0.020186727226855,0.0,0.0,0.0,1.0,,,,-0.00010251947981770312,0.0010307156698623348,-0.0015024311476863092,1.0
2013-02-01,2013,1,2,0.0,0.0,0.0,0.0,0.0,0.0,0.0,0.0,0.0,0.0,0.0,0.0,0.0,0.0,0.0,0.0,0.0,0.0,0.0,0.0,0.0019163404595544,1.0,0.0,0.0,,,,,,,0.0,0.0,0.0,0.0,0.0,0.0,0.0,0.0,0.0,0.0,0.0,0.0,0.0,0.0,0.0,0.0,0.0,0.0,0.0,0.0,0.0,0.0,0.0,0.0,0.0,0.0,0.0,0.0,0.0,0.0,0.0,0.0,0.0,0.0,0.0,0.0,0.0,0.0,,,,-0.001494917261767757,-0.023125662486362948,0.05450468931624962,2.0
2013-03-01,2013,1,3,0.00189215,0.10916,0.0,0.00189215,-0.00555789,0.00745004,0.02303,-0.51563,-0.37021,0.22862,1.0,0.00351,-0.12207,-0.14037,0.13431,1.0,0.008456406204878,0.0026145688629539,0.0092259848444517,1.0,0.0,0.0,0.011659988997951252,-0.01792008054711721,0.084,0.015067052292547345,0.08057244740283664,0.07000000000000006,-0.009510230959053345,0.6482260434782608,0.0,0.0,0.005,0.0,0.005,0.005,0.0,0.096727,0.10478,-0.0018472562405544843,-0.0028246804128327398,-0.004458311470904231,-0.006566610049752739,0.01165991137363973,-0.01230136156500715,84.0,1.506705229254734,0.08057244740283664,0.2815993047561145,-0.009510230959053345,0.6470969545454545,1.0,0.0,0.005166666666661913,0.0,0.0049999999999954,-0.0005,0.0,0.0,0.0,0.0086999999999999,0.1361977694403118,0.1451612903225806,0.0652646845540271,1.0,0.0,1.0,1.0,,,,0.0173823445026602,-0.023664949447638924,0.03726918078267232,1.0
2013-04-01,2013,2,4,0.0,0.0,0.0,0.0,0.0,0.0,0.0,0.0,0.0,0.0,0.0,0.0,0.0,0.0,0.0,0.0,0.0,0.0,0.0,0.0,0.0019163404595544,1.0,0.0,0.0,,,,,,,0.0,0.0,0.0,0.0,0.0,0.0,0.0,0.0,0.0,0.0,0.0,0.0,0.0,0.0,0.0,0.0,0.0,0.0,0.0,0.0,0.0,0.0,0.0,0.0,0.0,0.0,0.0,0.0,0.0,0.0,0.0,0.0,0.0,0.0,0.0,0.0,0.0,0.0,,,,-0.0002840816510694854,0.0038155982718110766,0.003292496399191078,1.0
2013-05-01,2013,2,5,0.00113764,0.14053,0.0,0.00113764,-0.00780424,0.00894188,0.29845,-0.98478,0.95689,0.63792,1.0,0.04549,-0.23314,0.36281,0.37475,1.0,0.0046773160570466,,0.0059729064918696,1.0,0.0019163404595544,1.0,0.007611912421797369,-0.012631415407516937,-0.097,0.015187311755648025,0.061047227798999515,-0.31000000000000005,-0.04020334681432214,0.5288537391304348,0.0,0.0,0.0,-0.005,0.0,0.0,0.0,0.19904,0.11065,0.003690151120375195,0.004904655326768129,0.010196415663401381,0.01399513794410866,0.007611815612675321,0.0005124822930320828,-97.0,1.443787025808341,0.06104722779899951,-0.2967483215753486,-0.04020334681432214,0.5277594090909091,1.0,0.0,0.0,0.0,0.0,-0.0035,0.001,0.0038999999999999,0.008,0.0153,0.1750402119405867,0.2689447872172125,-0.0925914570584187,0.0,0.0,0.0,1.0,,,,0.008080674520507506,-0.023652472973053063,0.035690068971649364,2.0
2013-06-01,2013,2,6,0.00484687,-0.06366,0.00484687,0.0,0.00621642,-0.00136955,0.70371,-0.20642,4.60764,1.02967,1.0,0.10726,-0.04887,1.74702,0.60489,1.0,0.0089439977824393,0.0115304296114735,0.0169091961965134,1.0,0.0,0.0,0.01085619158913614,-0.005822239522470695,0.005,0.01596182393493706,0.056737217811478224,0.2999999999999998,-0.06352724836023871,0.7190176956521739,0.0,0.0,0.005,0.0,0.0,0.0025,0.005,-0.04868,-0.053242,0.02032727083224764,0.06016675632060248,0.05544279403851689,0.03915532365396249,0.01085611105036515,-2.811761798215441e-05,5.0,1.596182393493706,0.05673721781147822,0.2991331978866465,-0.06352724836023871,0.7090605,1.0,0.0,0.0050000000000096,0.0,0.0030000000000001,0.005,0.034,0.0403,0.1571,0.1162,-0.622463853760389,-0.636460069707531,1.049142062526382,1.0,0.0,1.0,1.0,,,,0.0018358873318000868,-0.002836270313396139,-0.005031279914704791,1.0
2013-07-01,2013,3,7,-0.00426729,-0.03255,-0.0,-0.00426729,-0.00019425,-0.00407304,-0.02264,0.43858,-2.19181,-0.63223,1.0,-0.00345,0.10383,-0.83104,-0.37141,1.0,0.0041610628467584,,0.0054992698505708,1.0,-0.0067345542522335,1.0,0.005830014770901414,-0.0010364400549549273,0.03,0.01673137370107014,0.06349356996627531,0.94,-0.08504610548099212,0.7715453043478261,0.0,-0.003,0.0,0.0,0.0,-0.005,-0.0075,-0.077167,-0.074212,-0.005545364531762988,-0.029635360602798706,-0.0256956920486953,-0.019726813590449956,0.005829933501986241,0.004908152801415045,30.0,1.673137370107014,0.06349356996627531,1.268663191181321,-0.08504610548099212,0.7741250000000001,1.0,0.0,0.0,0.0,0.0,-0.003,-0.011,-0.0078999999999999,-0.0358,-0.0342000000000002,-0.0408352887913082,-0.059347181008902,0.0097815056182468,0.0,0.0,0.0,1.0,,,,-0.015129842334237456,-0.04150226220790308,-0.0653249167256484,1.0
2013-08-01,2013,3,8,0.0,0.0,0.0,0.0,0.0,0.0,0.0,0.0,0.0,0.0,0.0,0.0,0.0,0.0,0.0,0.0,0.0,0.0,0.0,0.0,0.0100966962385679,1.0,0.0,0.0,,,,,,,0.0,0.0,0.0,0.0,0.0,0.0,0.0,0.0,0.0,0.0,0.0,0.0,0.0,0.0,0.0,0.0,0.0,0.0,0.0,0.0,0.0,0.0,0.0,0.0,0.0,0.0,0.0,0.0,0.0,0.0,0.0,0.0,0.0,0.0,0.0,0.0,0.0,0.0,,,,0.02210430563173467,-0.018802547240580378,0.049851796325815115,2.0
2013-09-01,2013,3,9,-0.01574468,1.00779,-0.01574468,-0.0,-0.06791847,0.05217379,0.17056,-2.13712,-10.9872,0.69076,1.0,0.026,-0.50595,-4.16588,0.40579,1.0,-0.0035816445987129,0.0005223831231211362,-0.0056335672655628,1.0,0.0,0.0,-0.003919959175601108,-0.019343486063158465,-0.008,0.017013803375363068,0.0468524734989213,0.7000000000000002,-0.021202122605456175,0.6944683043478261,0.0,0.0,0.0,-0.005,-0.01,-0.0125,-0.0225,1.0148,0.97547,-0.037025379123456145,-0.1380359705776821,-0.11267177490265042,-0.06958816994215224,-0.003920061722485202,-0.00964338726904775,-8.0,1.701380337536307,0.04685247349892041,0.9398453773148505,-0.02120212260545618,0.6881728181818182,1.0,0.0,-0.0049999999999954,0.0,0.0,-0.0119999999999999,-0.0519999999999999,-0.0524,-0.2205,-0.185799999999999,1.265451128923336,1.262663338716782,-0.906005060791204,1.0,0.0,1.0,1.0,,,,-0.0013120342568463058,0.007014404867245182,0.028280433638079916,1.0
2013-10-01,2013,4,10,0.00227073,-0.29372,0.00227073,0.0,0.01863579,-0.01636506,-0.04627,0.25196,3.94214,-0.09201,1.0,-0.00705,0.05965,1.49469,-0.05405,1.0,0.0074474015094905,,0.0088957331235391,1.0,-0.0029458322170108,1.0,0.008827869189937648,-0.023641799477278933,-0.032,0.01700547004023001,0.05011924475411167,-0.09999999999999964,0.02172082181101498,0.6274901739130435,0.0,0.0,0.0,0.0,-0.005,0.0,0.005,-0.3413,-0.36982,0.005541716608473604,0.03307399103139014,0.036825727442689186,0.030884913845777833,0.008827785942032457,-0.01138816765403852,-32.0,1.700547004023001,0.05011924475411167,-0.08001733734895433,0.02172082181101498,0.6254725909090909,1.0,0.0,0.0,0.0,0.0,0.0,0.0109999999999999,0.0058499999999999,0.0404999999999999,0.0434000000000001,-0.2932783766645565,-0.3264726756564939,0.3319460336221043,0.0,0.0,0.0,1.0,,,,-0.0005897384087770977,0.005635154325125289,-0.008158409787784758,1.0
2013-11-01,2013,4,11,0.0,0.0,0.0,0.0,0.0,0.0,0.0,0.0,0.0,0.0,0.0,0.0,0.0,0.0,0.0,0.0,0.0,0.0,0.0,0.0,-0.0052129001207145,1.0,0.0,0.0,,,,,,,0.0,0.0,0.0,0.0,0.0,0.0,0.0,0.0,0.0,0.0,0.0,0.0,0.0,0.0,0.0,0.0,0.0,0.0,0.0,0.0,0.0,0.0,0.0,0.0,0.0,0.0,0.0,0.0,0.0,0.0,0.0,0.0,0.0,0.0,0.0,0.0,0.0,0.0,,,,-0.0015635473838197876,-0.02554355730415832,0.029881659633800014,2.0
2013-12-01,2013,4,12,0.00142887,0.7595,0.0,0.00142887,-0.04453808,0.04596695,0.17281,-3.33691,-1.10523,2.06246,1.0,0.02634,-0.79,-0.41906,1.2116,1.0,0.0057781532003684,0.0051815187623848,0.0072665125373234,1.0,0.0,0.0,0.01185515323844362,-0.02464005119340537,0.023,0.01823356644361951,0.04795951542994281,-0.07000000000000028,-0.0030039192821131877,0.7861597826086957,0.0,0.0,0.0,0.01,0.005,0.0,-0.005,0.93961,0.739,-0.011100109437698681,-0.013131181734586314,-0.004744129890709695,0.009297826422074919,0.01185510711286688,-0.01395830649083465,23.0,1.823356644361951,0.04795951542994281,-0.008518265391208146,-0.003003919282113188,0.7799988636363636,1.0,0.005961538461532977,0.0049999999999954,0.0024999999999977,0.0050000000000096,-0.001,-0.014,-0.0236,-0.0199,0.0074,1.557757819758424,1.562719977474307,0.3059325949327629,1.0,0.0,1.0,1.0,,,,0.003353652609930119,-0.019174210278887466,0.018162243827274965,1.0
2014-01-01,2014,1,1,0.00336602,-0.40308,0.00336602,0.0,0.02569932,-0.0223333,0.40119,1.42483,-0.5497,-1.44143,1.0,0.06115,0.33732,-0.20842,-0.84677,1.0,0.0070003412758823,,0.0085203701879826,1.0,-0.0003815540312989361,1.0,0.00836444932280231,-0.0011024215334201806,-0.122,0.01683339986094623,0.026066219433713123,0.22999999999999998,0.005785662245427758,0.3962725652173913,0.0,-0.002,0.0,0.0,0.0,0.0,-0.0025,-0.52278,-0.48741,-0.0018496977277465082,-0.003638464472414799,-0.007050087398297306,-0.018880818853237717,0.00836436867753344,0.011259099734993,-122.0,1.683339986094623,0.02606621943371312,0.3103618159300128,0.005785662245427758,0.3924670909090909,1.0,0.0,0.0,-0.0025000000000119,0.0,0.003,0.0055499999999999,-0.0039,-0.0082999999999999,-0.0146000000000001,-0.389685554381782,-0.3945885005636979,0.0832494626060899,0.0,0.0,0.0,1.0,,,,0.0004176639086243831,-0.01585218057454119,-0.007129131529574115,1.0
2014-02-01,2014,1,2,0.0,0.0,0.0,0.0,0.0,0.0,0.0,0.0,0.0,0.0,0.0,0.0,0.0,0.0,0.0,0.0,0.0,0.0,0.0,0.0,0.0029897911008969,1.0,0.0,0.0,,,,,,,0.0,0.0,0.0,0.0,0.0,0.0,0.0,0.0,0.0,0.0,0.0,0.0,0.0,0.0,0.0,0.0,0.0,0.0,0.0,0.0,0.0,0.0,0.0,0.0,0.0,0.0,0.0,0.0,0.0,0.0,0.0,0.0,0.0,0.0,0.0,0.0,0.0,0.0,,,,-0.0006372792164892397,-0.01201812947664067,0.029457775631258516,2.0
2014-03-01,2014,1,3,0.01669094,-0.20472,0.01669094,0.0,0.02054309,-0.00385215,-0.00881,4.31266,2.64797,0.97413,1.0,-0.00134,1.021,1.004,0.57226,1.0,0.0147952120792734,0.0081267400871771,0.0213042079880678,1.0,0.0,0.0,0.02548778383693859,0.0019522647413446718,0.03,0.015824203606273457,0.04928113792876143,-0.1499999999999999,0.06427043944779598,0.26356739130434786,0.0,0.0,0.0,0.0025,0.0075,0.0175,0.0375,-0.18784,-0.19457,0.06117886178861788,0.10065984379208187,0.06108447531679817,0.032571021421347796,0.02548771592303596,0.004323255199339258,30.0,1.582420360627346,0.04928113792876143,-0.2202177638053144,0.06427043944779598,0.2553234545454545,1.0,0.0,0.0,0.0,0.0,0.0149999999999999,0.0,0.0768999999999999,0.1475999999999999,0.0670000000000001,-0.794044930020458,-0.774365821094793,0.7166451694088841,1.0,0.0,1.0,1.0,,,,0.0019292832770634993,-0.00544851533196735,-0.0017288696289732377,1.0
2014-04-01,2014,2,4,0.00113536,0.01755,0.0,0.00113536,-0.00047798,0.00161334,0.00859,-0.40936,0.83748,0.20101,1.0,0.00131,-0.09691,0.31754,0.11808,1.0,0.0067593531145536,,0.0081704194799945,1.0,-0.0134155913423261,1.0,0.011585567683923076,-0.01162970531880856,-0.003,0.016786605663421383,0.04800546629570679,-0.03000000000000025,0.08856548852847901,0.210647,0.0,0.0,0.0,0.0,0.0025,0.005,0.0025,-0.026677,0.0066709,0.0037037731915780694,0.005878628679194449,0.006333148628567111,0.006202413687748242,0.01158548880962471,-0.006480305573418414,-3.0,1.678660566342138,0.04800546629570679,-0.04452079100549522,0.08856548852847901,0.2089540454545454,1.0,0.0,0.0,-0.0024999999999977,0.0,0.0064999999999999,0.0035,0.0039,0.0049999999999998,0.0064000000000001,0.0164921250103046,0.0133422281521014,0.0188660260602713,0.0,0.0,0.0,1.0,,,,0.0008404021053397537,-0.008182197176791485,0.011890408037301148,1.0
2014-05-01,2014,2,5,0.0,0.0,0.0,0.0,0.0,0.0,0.0,0.0,0.0,0.0,0.0,0.0,0.0,0.0,0.0,0.0,0.0,0.0,0.0,0.0,-0.0003507274441492974,1.0,0.0,0.0,,,,,,,0.0,0.0,0.0,0.0,0.0,0.0,0.0,0.0,0.0,0.0,0.0,0.0,0.0,0.0,0.0,0.0,0.0,0.0,0.0,0.0,0.0,0.0,0.0,0.0,0.0,0.0,0.0,0.0,0.0,0.0,0.0,0.0,0.0,0.0,0.0,0.0,0.0,0.0,,,,0.0018327253173569256,-0.039697535694979844,-0.002205516556337081,2.0
2014-06-01,2014,2,6,0.00721011,0.31782,0.0,0.00721011,-0.01533129,0.0225414,0.07993,0.01431,-0.54617,1.20333,1.0,0.01218,0.00339,-0.20708,0.7069,1.0,0.0108542342528857,-0.0032063477169563,0.0065745200174024,1.0,0.0,0.0,0.016713610733525536,0.01273731631414942,-0.003,0.017553894055167163,0.05333370697053397,-0.009999999999999787,-0.013569747173270308,0.1445576521739131,0.0,0.0,0.0,0.0025,0.005,0.01,0.0125,0.3695,0.33583,0.016710444027517198,0.0236188124368616,0.008706807600352334,-0.012279379292490901,0.01671354145546769,0.01169381582373922,-3.0,1.755389405516716,0.05333370697053397,-0.0576679057117877,-0.01356974717327031,0.1374238181818181,1.0,0.0,-0.0049999999999954,0.0,0.0,0.001,-0.0055,0.0,-0.0032999999999998,-0.0181,0.6665481463159585,0.6439979392065945,-0.0937713469539902,1.0,0.0,1.0,1.0,,,,-0.00044834855552704743,0.001184662737167992,-0.007547618059050135,1.0
2014-07-01,2014,3,7,-0.00607474,0.39686,-0.00607474,-0.0,-0.02668308,0.02060834,0.08653,-1.40305,-1.33751,0.95501,1.0,0.01319,-0.33216,-0.50713,0.56102,1.0,0.0020969176619515,,0.003323328919941,1.0,-0.0003507274441492974,1.0,0.0025344750957524715,0.008198685053013344,0.073,0.01864089861306617,0.05560538568295392,-0.23999999999999977,-0.09160607416721334,0.09272834782608695,0.0,0.0,-0.005,0.0,-0.005,-0.01,-0.01,0.38173,0.388,-0.007427424818887789,-0.010343867214698021,-0.011049994334562944,-0.013799208260833225,0.002534390805879948,-0.002773696290569921,73.0,1.864089861306617,0.05560538568295392,-0.3560661771612117,-0.09160607416721334,0.08566818181818178,1.0,0.0,0.0,0.0,0.0,-0.003,-0.009,-0.0079,-0.0147999999999999,-0.0181999999999997,0.4027111818454466,0.4079031230082855,-0.088364158515468,0.0,0.0,0.0,1.0,,,,0.00013556543696989907,-0.00014787594431125273,0.0005843944868188888,1.0
2014-08-01,2014,3,8,0.0,0.0,0.0,0.0,0.0,0.0,0.0,0.0,0.0,0.0,0.0,0.0,0.0,0.0,0.0,0.0,0.0,0.0,0.0,0.0,0.011880845834639,1.0,0.0,0.0,,,,,,,0.0,0.0,0.0,0.0,0.0,0.0,0.0,0.0,0.0,0.0,0.0,0.0,0.0,0.0,0.0,0.0,0.0,0.0,0.0,0.0,0.0,0.0,0.0,0.0,0.0,0.0,0.0,0.0,0.0,0.0,0.0,0.0,0.0,0.0,0.0,0.0,0.0,0.0,,,,-0.026850827698450364,-0.06306177894697187,-0.03104493952761259,2.0
2014-09-01,2014,3,9,0.01423112,0.24878,0.0,0.01423112,-0.00770725,0.02193837,0.08118,1.83746,0.61925,1.70228,1.0,0.01237,0.43501,0.2348,1.00001,1.0,0.0149491207936314,0.0067285674204295,0.020907272995014,1.0,0.0,0.0,0.024777939221500712,0.03790672755586011,-0.078,0.019015328774637297,0.03193042039810656,-0.040000000000000036,-0.08940647195275897,0.0964744347826087,0.0,0.0,0.0,-0.0025,0.0075,0.02,0.0375,0.40141,0.24454,0.037216865586073906,0.047515102517460536,0.028508114777835134,0.014815771873289961,0.02477785566089332,0.03728890836242925,-78.0,1.90153287746373,0.03193042039810656,-0.05653162445727666,-0.08940647195275897,0.09591049999999997,1.0,0.0,0.0,0.0,-0.0049999999999954,0.0075,0.035,0.0363,0.0548999999999999,0.0500000000000002,0.3331324201370085,0.3001125422033262,0.567965553335227,1.0,0.0,1.0,1.0,,,,-0.01296022867712204,0.006736953028749307,0.012133831516603818,1.0
2014-10-01,2014,4,10,0.02259222,-0.29393,0.02259222,0.0,0.02880904,-0.00621682,-0.04576,4.11408,1.03595,0.09745,1.0,-0.00698,0.97399,0.39279,0.05725,1.0,0.0175753919910638,,0.0193605379960418,1.0,-0.0282424426140591,1.0,0.033059358464180164,0.06277834845391567,0.033,0.0198643929822655,0.0030979146663954182,-0.17000000000000037,-0.07525167179000825,-0.3272626956521739,0.0,0.003,0.0,0.0025,0.005,0.035,0.0525,-0.1929,-0.35535,0.04077552509511649,0.05722817179677151,0.034939320083419184,0.005856036556399255,0.03305929168837803,0.04773308619697925,33.0,1.98643929822655,0.003097914666395418,-0.1494363328278556,-0.07525167179000825,-0.3431439545454546,1.0,0.0,0.01107142857141839,0.0,0.0,0.0164999999999999,0.041,0.0393999999999999,0.0527999999999999,0.0215,-0.3096812001283122,-0.3167764825139381,0.730632668127533,0.0,0.0,0.0,1.0,,,,-0.0041386715640256986,0.010869126601854996,-0.014322086694053358,1.0
2014-11-01,2014,4,11,0.0,0.0,0.0,0.0,0.0,0.0,0.0,0.0,0.0,0.0,0.0,0.0,0.0,0.0,0.0,0.0,0.0,0.0,0.0,0.0,-0.0035902352799178,1.0,0.0,0.0,,,,,,,0.0,0.0,0.0,0.0,0.0,0.0,0.0,0.0,0.0,0.0,0.0,0.0,0.0,0.0,0.0,0.0,0.0,0.0,0.0,0.0,0.0,0.0,0.0,0.0,0.0,0.0,0.0,0.0,0.0,0.0,0.0,0.0,0.0,0.0,0.0,0.0,0.0,0.0,,,,-0.016455566987913072,-0.03566496175237417,-0.03624584668849184,2.0
2014-12-01,2014,4,12,-0.05153667,0.74124,-0.05153667,-0.0,-0.06993289,0.01839622,0.15149,-8.44424,0.65947,1.15762,1.0,0.02309,-1.99913,0.25004,0.68005,1.0,-0.025978945347076,0.0360795582685496,0.0044240054990381,1.0,0.0,0.0,-0.05302891395986913,-0.014613193617536942,0.096,0.020015087760485883,-0.0057570915694791225,-0.54,-0.11333611703516855,-0.5047946521739131,0.0,-0.002,-0.005,-0.0175,-0.0475,-0.0775,-0.0975,0.81469,0.78953,-0.07254390993902123,-0.0683361020069142,-0.02846153846153846,0.0024112134166392636,-0.05302908156634407,-0.04034868037016188,96.0,2.001508776048588,-0.005757091569479122,-0.6689338985995028,-0.1133361170351685,-0.5124958636363637,1.0,0.0,0.0,0.0,0.0,-0.004,0.0,0.0,0.0239499999999999,0.0261,0.78985454536333,0.802709143358836,0.5359886137719048,1.0,0.0,1.0,1.0,,,,-0.00014007929036657072,0.001242157152746492,-0.0018465031100118221,1.0
2015-01-01,2015,1,1,-0.00620359,-0.25168,-0.0,-0.00620359,0.0118938,-0.01809739,0.4296,-0.14142,-0.8725,-1.29082,1.0,0.06548,-0.03348,-0.33082,-0.7583,1.0,0.0020790257892496,,0.0033017568624441,1.0,0.0017961738385358,1.0,-0.0013964878808061679,0.039328127268730924,0.009,0.02159712075360254,0.051792622250757425,-0.46999999999999975,-0.1433883424095601,-0.5720837391304346,0.0,0.0,0.0,-0.005,-0.0075,-0.0125,-0.015,-0.13341,-0.2223,-0.0129853546672226,-0.015953166004979476,-0.014270171577209745,-0.013859442481350608,-0.001396589588353958,0.01882919882907142,9.0,2.159712075360254,0.05179262225075743,-0.6204118113282806,-0.1433883424095601,-0.5720498636363637,1.0,0.0,0.0,0.0,0.0,-0.0045,-0.014,-0.0162999999999999,-0.0227999999999999,-0.0203999999999999,-0.2427554589234237,-0.2590673575129533,-0.0042419164978638,0.0,0.0,0.0,1.0,,,,0.00018033207447048035,-0.005241637402043871,0.0017404876894443766,1.0
2015-02-01,2015,1,2,0.0,0.0,0.0,0.0,0.0,0.0,0.0,0.0,0.0,0.0,0.0,0.0,0.0,0.0,0.0,0.0,0.0,0.0,0.0,0.0,-0.032431385569675,1.0,0.0,0.0,,,,,,,0.0,0.0,0.0,0.0,0.0,0.0,0.0,0.0,0.0,0.0,0.0,0.0,0.0,0.0,0.0,0.0,0.0,0.0,0.0,0.0,0.0,0.0,0.0,0.0,0.0,0.0,0.0,0.0,0.0,0.0,0.0,0.0,0.0,0.0,0.0,0.0,0.0,0.0,,,,-0.008683367022412722,-0.04039626129408693,0.038100789959648454,2.0
2015-03-01,2015,1,3,-0.06566218,1.42474,-0.06566218,-0.0,-0.11771993,0.05205775,-0.0024,-10.71879,-2.12447,2.67201,1.0,-0.00037,-2.53762,-0.80551,1.56968,1.0,-0.0347832672625549,-0.012781930883993,-0.0490294200125344,1.0,0.0,0.0,-0.06477252709386506,-0.03542217666548615,0.055,0.02241056520549556,0.023481600399341218,-0.03000000000000025,-0.09004641810598724,-0.3141328695652174,0.0,-0.003,-0.01,-0.045,-0.065,-0.08,-0.0925,1.5942,1.5641,-0.08195747342088806,-0.07708375401045524,-0.05277718636893058,-0.0416635017090771,-0.0647727916879685,-0.05536050118368419,55.0,2.241056520549556,0.02348160039934122,-0.2417677869686132,-0.09004641810598724,-0.3075665909090909,1.0,-0.005961538461532977,-0.0150000000000005,-0.0024999999999977,-0.0100000000000051,0.001,-0.0092999999999999,-0.123399999999999,-0.1466,-0.1168,1.909827441587612,1.927039146770088,-1.22540254952227,1.0,0.0,1.0,1.0,,,,-0.0001137894857808739,0.0010902083158400649,-0.001550590387083156,1.0
2015-04-01,2015,2,4,0.0,0.09256,0.0,0.0,-0.00551491,0.00551491,0.02206,-0.27667,-0.10306,0.2936,1.0,0.00336,-0.0655,-0.03908,0.17248,1.0,0.0047548588573663,,0.0060335691624981,1.0,0.0062154769009644,1.0,0.0056537272255055,0.01644376288803203,-0.122,0.021068356146356493,0.030214126719426027,0.16999999999999993,0.03586165805215913,-0.2425839130434783,0.0,0.0,-0.005,-0.0025,-0.005,-0.0025,-0.0025,0.15232,0.089288,-0.0018568301454109555,-0.0007294780306090392,-0.0015250222461742845,-0.005721589996055688,0.005653635840507159,0.01830849215075929,-122.0,2.106835614635649,0.03021412671942603,0.1408086185080153,0.03586165805215913,-0.2426099545454546,1.0,-0.0049999999999954,-0.0049999999999954,0.0,-0.0049999999999954,0.0,-0.001,0.0,-0.0032,-0.0017999999999998,0.0840555621512516,0.0833631058711444,0.5742883359876653,0.0,0.0,0.0,1.0,,,,0.0002596399573976696,-0.0024240220235831164,0.0035547978659325363,1.0
2015-05-01,2015,2,5,0.0,0.0,0.0,0.0,0.0,0.0,0.0,0.0,0.0,0.0,0.0,0.0,0.0,0.0,0.0,0.0,0.0,0.0,0.0,0.0,-0.0003507274441492974,1.0,0.0,0.0,,,,,,,0.0,0.0,0.0,0.0,0.0,0.0,0.0,0.0,0.0,0.0,0.0,0.0,0.0,0.0,0.0,0.0,0.0,0.0,0.0,0.0,0.0,0.0,0.0,0.0,0.0,0.0,0.0,0.0,0.0,0.0,0.0,0.0,0.0,0.0,0.0,0.0,0.0,0.0,,,,0.00039179764824027807,-0.016465554647366473,-0.028401535627516544,2.0
2015-06-01,2015,2,6,-0.04321305,0.33272,-0.04321305,-0.0,-0.04143064,-0.00178241,-0.53525,-4.49225,-2.08724,-0.3868,1.0,-0.08158,-1.06352,-0.79139,-0.22722,1.0,-0.018105788197075,-0.0097212773699537,-0.0305550727966254,1.0,0.0,0.0,-0.03806684232050759,-0.047092292600603394,0.06,0.02170497185469067,0.0206721597840005,0.30000000000000027,0.05038023697664595,0.14121882608695654,0.0,-0.003,-0.005,-0.03,-0.0425,-0.05,-0.0575,0.17749,0.37748,-0.05033199562203576,-0.07016835016835017,-0.05311209050614633,-0.04304497246960571,-0.03806704486856898,-0.05107212023630499,60.0,2.170497185469067,0.0206721597840005,0.2517783973210177,0.05038023697664595,0.1297554999999999,1.0,-0.01153846153848369,-0.0150000000000005,-0.0050000000000096,-0.0049999999999954,-0.022,-0.018,-0.0807999999999999,-0.1128,-0.0772999999999997,0.6254752033511664,0.6457013033600383,-0.72830872285298,1.0,0.0,1.0,1.0,,,,0.002549036126185277,0.012188048723018697,-0.0169200997394016,1.0
2015-07-01,2015,3,7,-0.00964549,0.12738,-0.00964549,-0.0,-0.0124123,0.00276681,-0.48108,-1.19322,-0.55672,0.02291,1.0,-0.07333,-0.28249,-0.21109,0.01346,1.0,0.0007112788230136155,,0.001813518540239,1.0,-0.0139839614535211,1.0,-0.003377833883316043,0.03344243659039711,-0.007,0.02040508828345189,-0.011607989869675706,0.22999999999999998,-0.09092928172030312,-0.24090352173913043,0.0,-0.002,-0.005,-0.0075,-0.01,-0.0125,-0.0175,0.095365,0.16687,-0.014880120921505265,-0.024212558651190985,-0.016247237291541088,-0.017165025937278942,-0.003377944666120677,0.02025825937948116,-7.0,2.040508828345189,-0.01160798986967571,0.2842510112557828,-0.09092928172030312,-0.2456566363636364,1.0,-0.0049999999999954,-0.0049999999999954,-0.0024999999999977,-0.0049999999999954,-0.006,-0.015,-0.0119,-0.0165999999999999,-0.0143999999999997,0.1284130524733694,0.1312179410712155,0.1116636855219802,0.0,0.0,0.0,1.0,,,,8.757331805480265e-05,-0.00020900521862058944,0.0004432882869235811,1.0
2015-08-01,2015,3,8,0.0,0.0,0.0,0.0,0.0,0.0,0.0,0.0,0.0,0.0,0.0,0.0,0.0,0.0,0.0,0.0,0.0,0.0,0.0,0.0,0.0013232098621084,1.0,0.0,0.0,,,,,,,0.0,0.0,0.0,0.0,0.0,0.0,0.0,0.0,0.0,0.0,0.0,0.0,0.0,0.0,0.0,0.0,0.0,0.0,0.0,0.0,0.0,0.0,0.0,0.0,0.0,0.0,0.0,0.0,0.0,0.0,0.0,0.0,0.0,0.0,0.0,0.0,0.0,0.0,,,,-0.018887288805553258,-0.005639455177218052,-0.019646172190645177,2.0
2015-09-01,2015,3,9,-0.07205381,0.14133,-0.07205381,-0.0,-0.04444763,-0.02760618,-5.79152,-2.38826,-0.66713,-0.85626,1.0,-0.88275,-0.56541,-0.25295,-0.50301,1.0,-0.0354027271005604,-0.0091406914740831,-0.0469470147965891,1.0,0.0,0.0,-0.05824500143636089,-0.02325367889327737,-0.042,0.02042098490716704,-0.04369600983885569,-0.06999999999999984,-0.10786621335728963,-0.14902291304347828,0.0,-0.025,-0.05,-0.06,-0.065,-0.0675,-0.0625,0.25336,0.21953,-0.05404982799958303,-0.05497856870357488,-0.03779458428967403,-0.012815828631200553,-0.05824531337355863,-0.03665455670911526,-42.0,2.042098490716704,-0.04369600983885569,-0.2613870042224651,-0.1078662133572896,-0.1476932272727274,1.0,-0.0634615384615463,-0.0549999999999926,-0.0275000000000034,-0.0499999999999971,-0.006,-0.0105,-0.0848999999999999,-0.0777000000000001,-0.0581,-0.273148252276023,-0.274896913657378,-0.632771687145909,1.0,0.0,1.0,1.0,,,,-0.00014585047161680653,0.0013338137077430502,-0.002004207478849402,1.0
2015-10-01,2015,4,10,0.04094315,-0.6055,0.04094315,0.0,0.05654847,-0.01560532,-0.11878,6.26789,0.60305,-0.79181,1.0,-0.0181,1.48389,0.22865,-0.46515,1.0,0.0278260265303428,,0.0305108302955992,1.0,-0.0165790662263827,1.0,0.05324369076741372,0.06733097708778372,-0.058,0.01916823818639557,-0.0008467339559921072,-0.18999999999999995,-0.043671845620188776,-0.06217013043478262,0.0,0.0,-0.005,0.0225,0.04,0.0475,0.06,-0.56567,-0.72578,0.0595121442718649,0.05613483852144444,0.03050902708124373,-0.004356675675477723,0.05324370606335366,0.06299781216505018,-58.0,1.916823818639557,-0.0008467339559921072,-0.2668990604064061,-0.04367184562018878,-0.05675881818181823,1.0,-0.0050000000000096,0.02599999999999144,0.0,-0.0050000000000096,0.0279999999999999,0.025,0.0595499999999999,0.0495000000000001,0.0177999999999998,-0.7084171394654086,-0.7111861137897783,0.9547379648134504,0.0,0.0,0.0,1.0,,,,0.0011643977121608053,-0.021298312268774232,0.0011916167237253764,1.0
2015-11-01,2015,4,11,0.0,0.0,0.0,0.0,0.0,0.0,0.0,0.0,0.0,0.0,0.0,0.0,0.0,0.0,0.0,0.0,0.0,0.0,0.0,0.0,-0.0130802428743244,1.0,0.0,0.0,,,,,,,0.0,0.0,0.0,0.0,0.0,0.0,0.0,0.0,0.0,0.0,0.0,0.0,0.0,0.0,0.0,0.0,0.0,0.0,0.0,0.0,0.0,0.0,0.0,0.0,0.0,0.0,0.0,0.0,0.0,0.0,0.0,0.0,0.0,0.0,0.0,0.0,0.0,0.0,,,,-0.007920034002519357,-0.03342312504890852,-0.047619011600626246,2.0
2015-12-01,2015,4,12,0.025213,0.13922,0.0,0.025213,0.0043115,0.0209015,2.62227,-0.04309,-2.05279,0.3064,1.0,0.39969,-0.0102,-0.77833,0.17999,1.0,0.0189578120807476,0.0121384858118552,0.0260790557664721,1.0,0.0,0.0,0.028674873770606873,0.05082602673601627,0.011,0.019244278895241607,0.04523796820798953,-0.18000000000000016,-0.09539065297029925,-0.1916554347826087,0.0,0.01,0.0175,0.0125,0.02,0.0225,0.02,0.048912,0.21388,-0.005616659716430358,-0.011106319902978034,-0.019496689407359945,-0.037166944748660426,0.02867484526331637,0.03898968066254326,11.0,1.924427889524161,0.04523796820798953,-0.2423159110662074,-0.09539065297029925,-0.1955252272727273,1.0,0.03100000000000104,0.0150000000000005,0.0150000000000005,0.019999999999996,0.0244999999999999,0.0299999999999999,0.0283999999999999,0.0182999999999999,0.0036,0.9210269901588328,0.9255876263548898,0.4161736504957375,1.0,0.0,1.0,1.0,,,,0.0013352315236389476,-0.001471530366430627,-0.012903473921334013,1.0
2016-01-01,2016,1,1,-0.02840394,-0.36597,-0.0,-0.02840394,0.00760325,-0.03600719,-0.10678,-1.68746,-0.02686,-1.99771,1.0,-0.01628,-0.3995,-0.01019,-1.17356,1.0,-0.0100819390314038,,-0.0096595744882221,1.0,-0.0031808315830082,1.0,-0.022958882236333675,0.015165819948479424,0.091,0.019171584439224176,-0.05881003145309904,-0.32000000000000006,-0.11407305163290626,-0.2636337826086957,0.0,-0.002,-0.005,-0.02,-0.0275,-0.0325,-0.0425,-0.42183,-0.4218,-0.03732082356007298,-0.0350545307661236,-0.02283888749686795,-0.01430418017702217,-0.02295904349264405,-0.007820052269825304,91.0,1.917158443922418,-0.05881003145309904,-0.385705682524903,-0.1140730516329063,-0.2803504090909091,1.0,-0.0050000000000096,-0.01533333333333364,-0.0024999999999977,-0.0050000000000096,-0.021,-0.0339999999999999,-0.0336999999999999,-0.0376,-0.0209999999999999,-0.3653231301430906,-0.3683241252302026,-0.0191824248604281,0.0,0.0,0.0,1.0,,,,0.00032303677326781427,0.0033303313165602127,0.01895704928903683,1.0
2016-02-01,2016,1,2,0.0,0.0,0.0,0.0,0.0,0.0,0.0,0.0,0.0,0.0,0.0,0.0,0.0,0.0,0.0,0.0,0.0,0.0,0.0,0.0,0.0084203338886572,1.0,0.0,0.0,,,,,,,0.0,0.0,0.0,0.0,0.0,0.0,0.0,0.0,0.0,0.0,0.0,0.0,0.0,0.0,0.0,0.0,0.0,0.0,0.0,0.0,0.0,0.0,0.0,0.0,0.0,0.0,0.0,0.0,0.0,0.0,0.0,0.0,0.0,0.0,0.0,0.0,0.0,0.0,,,,0.00918875471496029,-0.0056046996057798545,-0.01892199932697924,2.0
2016-03-01,2016,1,3,-0.08784511,0.26709,-0.08784511,-0.0,-0.05983631,-0.0280088,-1.54596,-6.90219,-2.00564,-1.37485,1.0,-0.23564,-1.63406,-0.76046,-0.80766,1.0,-0.0447954869750618,-0.0134262594670239,-0.0606608020577845,1.0,0.0,0.0,-0.082446650758401,-0.07488360368128272,0.047,0.018154043786713814,-0.01559751570224055,-0.3999999999999999,0.04764149293049513,-0.3014294347826088,0.0,-0.007,-0.0225,-0.055,-0.0825,-0.1,-0.1125,0.33888,0.24321,-0.09351055512118844,-0.10614172874966339,-0.06850198474811857,-0.028828422675314852,-0.08244695800074016,-0.08486062367759448,47.0,1.815404378671381,-0.01559751570224055,-0.3096736119784131,0.04764149293049513,-0.278599,1.0,-0.01550000000001509,-0.0600000000000022,-0.0075000000000073,-0.0250000000000056,-0.007,-0.005,-0.1216,-0.1143,-0.0584999999999999,0.8305912059727032,0.8201814340748105,-1.20291590946637,1.0,0.0,1.0,1.0,,,,0.0018404011852030052,-0.003930551521850295,-0.0037691712915107383,1.0
2016-04-01,2016,2,4,0.01111444,0.24476,0.0,0.01111444,-0.00902607,0.02014051,0.06208,0.71049,-0.89167,0.97649,1.0,0.00946,0.16821,-0.33809,0.57364,1.0,0.0129950761913122,,0.0148663570032417,1.0,0.0034379945910734,1.0,0.01805096521238261,0.0031118604677556755,0.015,0.0192633270860032,0.09249824561929287,0.0,0.14865345599695434,-0.3341198695652174,0.0,0.0,-0.005,0.005,0.005,0.0125,0.0125,0.25422,0.22174,0.014923638259056555,0.009455724317411885,0.00453011776779345,-0.004206935676257528,0.01805090437940582,0.0007382747196882644,15.0,1.92633270860032,0.09249824561929287,-0.112377992227239,0.1486534559969543,-0.3299865909090909,1.0,-0.0050000000000096,0.0150000000000288,0.0,-0.0050000000000096,0.014,0.0139999999999999,0.0119,0.0080999999999999,-0.0017999999999998,0.2354754258419956,0.2279817614590832,0.1669741110616361,0.0,0.0,0.0,1.0,,,,0.003186194967157282,0.010593989528947221,0.002084681648796138,1.0
2016-05-01,2016,2,5,0.0,0.0,0.0,0.0,0.0,0.0,0.0,0.0,0.0,0.0,0.0,0.0,0.0,0.0,0.0,0.0,0.0,0.0,0.0,0.0,0.048701661044352,1.0,0.0,0.0,,,,,,,0.0,0.0,0.0,0.0,0.0,0.0,0.0,0.0,0.0,0.0,0.0,0.0,0.0,0.0,0.0,0.0,0.0,0.0,0.0,0.0,0.0,0.0,0.0,0.0,0.0,0.0,0.0,0.0,0.0,0.0,0.0,0.0,0.0,0.0,0.0,0.0,0.0,0.0,,,,0.005135380826704618,0.024607154438243996,-0.01402728671662861,2.0
2016-06-01,2016,2,6,-0.04416522,-0.04467,-0.0,-0.04416522,-0.01942108,-0.02474414,-0.28605,-4.33862,0.38247,-1.23023,1.0,-0.0436,-1.02715,0.14501,-0.7227,1.0,-0.0197363645627681,0.0074217937793083,-0.017939534212217,1.0,0.0,0.0,-0.03957620023363903,-0.0495439243003383,-0.117,0.01655026565741835,0.025934276106285736,-0.2799999999999998,0.14330619032391567,-0.26429708695652177,0.0,0.0,-0.005,-0.0375,-0.045,-0.05,-0.0525,0.089289,-0.024115,-0.05024809757114563,-0.04322639944403345,-0.027337761242477963,-0.006633326622181316,-0.03957642822613571,-0.04198971187714604,-117.0,1.655026565741835,0.02593427610628574,-0.2784567713864932,0.1433061903239157,-0.2692354545454546,1.0,0.0,-0.0300000000000011,0.0,-0.0100000000000051,-0.01,-0.0429999999999999,-0.0442,-0.0338,-0.0084999999999999,0.0139267739828635,-0.0120062432464881,-0.153051261617378,1.0,0.0,1.0,1.0,,,,0.00042948648847200875,-0.0037272710941713633,0.00562955844472941,1.0
2016-07-01,2016,3,7,0.00535765,0.21188,0.0,0.00535765,-0.00994541,0.01530306,-0.45557,0.29544,-1.28685,0.56345,1.0,-0.06944,0.06994,-0.48792,0.331,1.0,0.0083353122219522,,0.0099004687194175,1.0,0.00015968696203806293,1.0,0.015516530660481715,0.014976373146883423,0.107,0.017191438165539807,0.03642945472496084,-0.43999999999999995,0.007122628885472437,-0.13740886956521736,0.0,-0.005,-0.01,0.005,0.005,0.0075,0.0075,0.28932,0.20244,0.005585322631085166,-0.006482141656016681,-0.006625575505009546,-0.01294453162507076,0.01551646920385862,0.003364526510143054,107.0,1.719143816553981,0.03642945472496084,-0.4035205441078469,0.007122628885472437,-0.1246456363636364,1.0,-0.0100000000000051,0.0066666666666939,-0.0049999999999954,-0.0100000000000051,0.011,0.002,0.004,-0.0065000000000001,-0.012,0.2130181342661004,0.2084539664157498,0.0318746401250369,0.0,0.0,0.0,1.0,,,,0.03629427792060983,0.0015317202496921095,0.015944324338452477,1.0
2016-08-01,2016,3,8,0.0,0.0,0.0,0.0,0.0,0.0,0.0,0.0,0.0,0.0,0.0,0.0,0.0,0.0,0.0,0.0,0.0,0.0,0.0,0.0,-0.0198394731119255,1.0,0.0,0.0,,,,,,,0.0,0.0,0.0,0.0,0.0,0.0,0.0,0.0,0.0,0.0,0.0,0.0,0.0,0.0,0.0,0.0,0.0,0.0,0.0,0.0,0.0,0.0,0.0,0.0,0.0,0.0,0.0,0.0,0.0,0.0,0.0,0.0,0.0,0.0,0.0,0.0,0.0,0.0,,,,-0.03530636558238732,0.02142285602817351,-0.0686268478311854,2.0
2016-09-01,2016,3,9,-0.03626121,0.29354,-0.03626121,-0.0,-0.0356203,-0.00064091,-4.14094,-2.10719,-1.27857,-0.12376,1.0,-0.63117,-0.49887,-0.48478,-0.0727,1.0,-0.0141725956851905,-0.0029306713064663,-0.0173258257386347,1.0,0.0,0.0,-0.023141848927713995,-0.018173489061898418,-0.038,0.017671680331757145,0.03255586756532214,-0.050000000000000044,-0.034653241464810414,0.07744252173913044,0.0,-0.013,-0.04,-0.025,-0.0275,-0.035,-0.035,0.103,0.28052,-0.04478186082877248,-0.04337938458778147,-0.032159812103343156,-0.02990702815161563,-0.0231420269676886,-0.01897479624846609,-38.0,1.767168033175714,0.03255586756532214,-0.03256473727689535,-0.03465324146481041,0.0757735454545454,1.0,-0.05000000000000167,-0.03392857142856755,-0.0150000000000005,-0.0450000000000017,-0.026,-0.0294999999999999,-0.0324999999999999,-0.0376999999999998,-0.0433999999999998,0.7526304738352476,0.7727432384966632,-0.271279814695024,1.0,0.0,1.0,1.0,,,,-0.005079955790123085,0.009564514714049253,-0.030876202765054872,1.0
2016-10-01,2016,4,10,0.0,0.0,0.0,0.0,0.0,0.0,0.0,0.0,0.0,0.0,0.0,0.0,0.0,0.0,0.0,0.0,0.0,0.0,0.0,0.0,-0.0025608930606461,1.0,0.0,0.0,,,,,,,0.0,0.0,0.0,0.0,0.0,0.0,0.0,0.0,0.0,0.0,0.0,0.0,0.0,0.0,0.0,0.0,0.0,0.0,0.0,0.0,0.0,0.0,0.0,0.0,0.0,0.0,0.0,0.0,0.0,0.0,0.0,0.0,0.0,0.0,0.0,0.0,0.0,0.0,,,,0.0,0.0,0.0,0.0
2016-11-01,2016,4,11,0.00332983,0.06189,0.0,0.00332983,-0.00202261,0.00535244,-0.25272,0.64565,-0.38956,0.29102,1.0,-0.03852,0.15285,-0.14771,0.17096,1.0,0.0084191567476499,,0.0099755721540528,1.0,0.0051196497785547,1.0,0.011542875398356009,0.016207584487727,-0.018,0.017278191581542757,-0.02761140812643781,0.21999999999999997,0.050443263948985795,0.03193143478260871,0.0,-0.003,0.005,0.0,0.0025,0.0025,0.005,0.023873,0.02985,0.005596038571800887,0.0021709133321370895,0.0030058179543321867,0.010419528076333326,0.01154279600690923,0.01294176310893675,-18.0,1.877322512378932,-0.02761140812643781,0.3016165036523448,0.05044326394898579,0.07011172727272721,1.0,-0.005357142857137928,0.004411764705878294,-0.0049999999999954,0.0,0.006,0.004,0.004,0.0015999999999998,0.0035,0.0419083540493782,0.0477554918815663,0.0339064900104301,0.0,0.0,0.0,1.0,,,,0.011840282501894724,-0.0019617885989845307,0.0411842008068259,2.0
2016-12-01,2016,4,12,0.03838522,-0.24159,0.03838522,0.0,0.03358702,0.0047982,-0.46937,5.06193,3.18061,1.10601,1.0,-0.07154,1.19839,1.20595,0.64973,1.0,0.0277997555502131,0.010547846867462,0.0387055517786199,1.0,0.0,0.0,0.046861570815314564,0.03043415152964129,0.001,0.016514378882499514,0.05087357537075832,0.5699999999999998,0.08583280041183627,0.27832308695652175,0.0,-0.002,-0.005,0.00125,0.02,0.0475,0.08,-0.18097,-0.21529,0.06770409759149203,0.08520058433531856,0.06354795228077247,0.03651692901692902,0.04684785985733802,0.03802928969860147,1.0,1.651437888249951,0.05087357537075832,0.7799296371910625,0.08583280041183627,0.2481969545454545,1.0,-0.00455882352940757,0.005354030501099124,-0.0024999999999977,-0.0050000000000096,-0.01,-0.01,0.0974000000000001,0.1202,0.0878999999999998,-0.711958436069021,-0.605260261912622,1.019902960689178,1.0,0.0,1.0,1.0,,,,-0.0017081969043536694,0.012276624283117345,-0.03243952267041166,1.0
2017-01-01,2017,1,1,0.0,0.0,0.0,0.0,0.0,0.0,0.0,0.0,0.0,0.0,0.0,0.0,0.0,0.0,0.0,0.0,0.0,0.0,0.0,0.0,0.0019163404595544,1.0,0.0,0.0,,,,,,,0.0,0.0,0.0,0.0,0.0,0.0,0.0,0.0,0.0,0.0,0.0,0.0,0.0,0.0,0.0,0.0,0.0,0.0,0.0,0.0,0.0,0.0,0.0,0.0,0.0,0.0,0.0,0.0,0.0,0.0,0.0,0.0,0.0,0.0,0.0,0.0,0.0,0.0,,,,0.0,0.0,0.0,0.0
2017-02-01,2017,1,2,-0.02109351,0.16147,-0.02109351,-0.0,-0.02016746,-0.00092605,-0.23302,-2.98652,0.3449,-0.01712,1.0,-0.03552,-0.70704,0.13077,-0.01006,1.0,-0.0074617136611844,,-0.006964703306238,1.0,-0.0101380704036715,1.0,-0.013961445190836093,-0.012532213945937992,-0.019,0.016896036772395817,0.06314026765928826,0.44999999999999996,0.05718640719389789,-0.0789376956521739,0.0,-0.005,-0.0125,-0.02,-0.0175,-0.025,-0.025,0.0087974,0.17581,-0.028195610239299305,-0.02238858298685245,-0.009510938700454677,0.003852601284694922,-0.01396160133303073,-0.01082978533163694,-19.0,1.613245706336208,0.06314026765928826,0.6325655107952406,0.05718640719389789,-0.09295363636363642,1.0,-0.005185185185180415,-0.02420138888889433,-0.0049999999999954,-0.0150000000000005,-0.0169999999999999,-0.0230000000000001,-0.0239,-0.0230999999999999,-0.0074,0.150621588508839,0.1429671175629605,-0.1195514071050431,0.0,0.0,0.0,1.0,,,,-0.012460478575265646,0.009448606765750212,-0.05144477181968214,2.0
2017-03-01,2017,1,3,-0.04850021,0.28177,-0.04850021,-0.0,-0.04103852,-0.00746169,0.51524,-6.32179,-1.27722,-0.72961,1.0,0.07853,-1.49665,-0.48427,-0.42861,1.0,-0.0199456463910477,0.0026979301941427,-0.0219684195130833,1.0,0.0,0.0,-0.05097447657120866,-0.034887033078505214,0.039,0.016850349769919504,0.05388991578478919,-0.11999999999999988,-0.023609454422402365,-0.296005652173913,0.0,0.0,0.0025,-0.035,-0.05,-0.0675,-0.0775,0.22322,0.24741,-0.06981387831708462,-0.07364741846299085,-0.051878392504061566,-0.01964287040682171,-0.05097470070253263,-0.0447768683037415,39.0,1.68503497699195,0.05388991578479008,-0.008756569172683193,-0.02360945442240237,-0.3120883636363637,1.0,0.004843749999995543,-0.0005189732142852367,0.0024999999999977,0.0049999999999954,-0.0170000000000001,-0.028,-0.0772999999999999,-0.1005,-0.0708000000000002,0.5158850481773466,0.5895357406042742,-0.611138491867919,1.0,0.0,1.0,1.0,,,,0.005954878739068777,-0.01477554840360716,0.04410491002652181,1.0
2017-04-01,2017,2,4,0.0,0.0,0.0,0.0,0.0,0.0,0.0,0.0,0.0,0.0,0.0,0.0,0.0,0.0,0.0,0.0,0.0,0.0,0.0,0.0,0.0045114452324159,1.0,0.0,0.0,,,,,,,0.0,0.0,0.0,0.0,0.0,0.0,0.0,0.0,0.0,0.0,0.0,0.0,0.0,0.0,0.0,0.0,0.0,0.0,0.0,0.0,0.0,0.0,0.0,0.0,0.0,0.0,0.0,0.0,0.0,0.0,0.0,0.0,0.0,0.0,0.0,0.0,0.0,0.0,,,,0.0,0.0,0.0,0.0
2017-05-01,2017,2,5,0.01424431,0.03859,0.0,0.01424431,0.00482289,0.00942142,0.02085,0.70107,0.86514,0.58419,1.0,0.00318,0.16597,0.32803,0.34318,1.0,0.0141162653753066,,0.0160498978796964,1.0,-0.004139449479372,1.0,0.020820861255480088,0.044746436246271,-0.08,0.015978052495510653,0.04118502777071509,-0.45999999999999996,-0.017031881786325087,-0.526179,0.0,-0.002,0.0075,0.01,0.0125,0.01,0.0125,0.13015,0.010507,0.013167196705072728,0.018546104071178213,0.01486297838089369,0.0113230546464639,0.02082081951118068,0.03870623611876857,-80.0,1.595106358059262,0.04118502777071509,-0.4414401457424082,-0.01703188178632509,-0.5393351818181819,1.0,-0.002767857142854597,0.01179687499998915,-0.0024999999999977,0.0049999999999954,0.0109999999999998,0.0164999999999999,0.018,0.0229999999999999,0.0179999999999997,0.0404895671182818,0.0315159155373463,0.1211044727918663,0.0,0.0,0.0,1.0,,,,-0.0021550506698946835,-0.02678609085583484,0.014856055322721405,2.0
2017-06-01,2017,2,6,0.01965268,-0.0406,0.01965268,0.0,0.01224537,0.00740731,1.88517,1.58743,-0.21843,0.38945,1.0,0.28734,0.37582,-0.08282,0.22879,1.0,0.0181776770688988,0.0063621316018332,0.024181801640214,1.0,0.0,0.0,0.02853031525367207,0.03831556702124499,-0.044,0.017141898952790058,0.028155071396286147,-0.6100000000000001,-0.012221247670984425,-0.282386304347826,0.0,0.01,0.02,0.01,0.0175,0.0225,0.025,-0.059526,-0.051316,0.030108440644387675,0.022194672775457034,0.013120927955409936,0.00294329598074397,0.02853027736313682,0.033922699169138,-44.0,1.714189895279006,0.02815507139628615,-0.6042274054881254,-0.01222124767098443,-0.2790014090909091,1.0,0.01875000000000956,0.0100000000000051,0.0100000000000051,0.0200000000000102,-0.012,0.0,0.0486999999999999,0.0444999999999999,0.0303499999999998,-0.239455157511457,-0.235800697149887,0.6124796617371293,1.0,0.0,1.0,1.0,,,,0.010940550186547294,-0.0020820251119005803,0.05689014591702458,1.0
2017-07-01,2017,3,7,-0.01358989,0.02098,-0.01358989,-0.0,-0.00804498,-0.00554491,-0.00716,-1.28138,-0.68794,-0.43143,1.0,-0.00109,-0.30336,-0.26084,-0.25345,1.0,-0.0018352765126295,,-0.0009216266236560846,1.0,0.0108022345373397,1.0,-0.003393081251543552,-0.016629949319995212,0.042,0.016757632288889823,0.053242906055874784,-0.3800000000000001,-0.0076219740379706025,0.19219052173913043,0.0,-0.002,0.0,-0.005,-0.01,-0.0175,-0.015,0.10906,0.030294,-0.020718978102189776,-0.02453826450366243,-0.015617733197581607,-0.0015111600056113821,-0.003393184935387119,-0.01496316236373322,42.0,1.675763228888982,0.05324290605587478,-0.1246047853948511,-0.007621974037970602,0.194213409090909,1.0,-0.0049999999999954,-0.005000000000038002,-0.0024999999999977,-0.0049999999999954,-0.0109999999999998,0.0,-0.0159,-0.0249999999999999,-0.0161000000000002,0.0185605113017388,0.0100989699050696,-0.3794360538650391,0.0,0.0,0.0,1.0,,,,0.0,0.0,0.0,0.0
2017-08-01,2017,3,8,0.0,0.0,0.0,0.0,0.0,0.0,0.0,0.0,0.0,0.0,0.0,0.0,0.0,0.0,0.0,0.0,0.0,0.0,0.0,0.0,-0.0029458322170108,1.0,0.0,0.0,,,,,,,0.0,0.0,0.0,0.0,0.0,0.0,0.0,0.0,0.0,0.0,0.0,0.0,0.0,0.0,0.0,0.0,0.0,0.0,0.0,0.0,0.0,0.0,0.0,0.0,0.0,0.0,0.0,0.0,0.0,0.0,0.0,0.0,0.0,0.0,0.0,0.0,0.0,0.0,,,,-0.025352942836751373,0.018286127929011783,-0.05855771285865784,2.0
2017-09-01,2017,3,9,0.04340708,-0.14615,0.04340708,0.0,0.03041145,0.01299563,-0.00775,3.53825,1.34396,0.66251,1.0,-0.00118,0.83766,0.50957,0.38919,1.0,0.0281472780038974,0.002224782464418,0.0325249450706406,1.0,0.0,0.0,0.058040020133451,0.06875555110131036,-0.027,0.015385921425439264,0.029760486153268317,0.050000000000000044,0.0638071134826923,-0.3305664347826087,0.0,0.0,0.005,0.035,0.0425,0.0525,0.0575,-0.14993,-0.14487,0.04716214807090719,0.054381825535930975,0.03743906116499975,0.02017332833064807,0.0580400776613257,0.0633097970209989,-27.0,1.538592142543926,0.02976048615326832,0.03527143490728113,0.0638071134826923,-0.3290503636363637,1.0,-0.007499999999993161,-0.004913793103458443,-0.00249999999999772,-0.0049999999999954,0.0170000000000001,0.0010000000000001,0.0532999999999999,0.0652000000000001,0.0407000000000001,-0.0796073502124814,-0.0499201277955271,0.9984613873702732,1.0,0.0,1.0,1.0,,,,-0.010681893029867611,0.06642106095490273,0.02765914994277981,1.0
2017-10-01,2017,4,10,0.0,0.0,0.0,0.0,0.0,0.0,0.0,0.0,0.0,0.0,0.0,0.0,0.0,0.0,0.0,0.0,0.0,0.0,0.0,0.0,-0.0021679552002006,1.0,0.0,0.0,,,,,,,0.0,0.0,0.0,0.0,0.0,0.0,0.0,0.0,0.0,0.0,0.0,0.0,0.0,0.0,0.0,0.0,0.0,0.0,0.0,0.0,0.0,0.0,0.0,0.0,0.0,0.0,0.0,0.0,0.0,0.0,0.0,0.0,0.0,0.0,0.0,0.0,0.0,0.0,,,,0.0,0.0,0.0,0.0
2017-11-01,2017,4,11,0.00190573,0.08571,0.0,0.00190573,-0.00415391,0.00605964,-0.23584,-0.03433,0.33589,0.41897,1.0,-0.03595,-0.00813,0.12735,0.24612,1.0,0.0075750965852978,,0.0090680764179783,1.0,-0.0059711799071865,1.0,0.013637050889339577,0.01966832746306673,-0.12,0.014215799860471279,0.04161089913786942,0.050000000000000044,0.04901308429698403,-0.16306386956521743,0.0,-0.002,0.0,0.005,0.005,0.005,0.0025,0.1242,0.077655,0.0037841276462613413,0.0037468804100996016,0.004718320495393446,0.004524444575794069,0.01363698922355597,0.02030527831291965,-120.0,1.396104330888903,0.04161089913786942,-0.1737153675047711,0.04901308429698492,-0.1430190454545455,1.0,-0.002586206896549345,0.001867816091952305,-0.0024999999999977,0.0,0.0009999999999998,0.0004999999999999,0.0038999999999997,0.0049999999999998,0.0081500000000001,0.0880705184909284,0.0874040982810527,0.0728608990401396,0.0,0.0,0.0,1.0,,,,-0.006051388905811755,-0.009513332165848123,-0.0857720646527248,2.0
2017-12-01,2017,4,12,-0.00607474,0.07573,-0.00607474,-0.0,-0.00754951,0.00147477,0.00891,-1.2652,-0.48885,-0.13943,1.0,0.00136,-0.29953,-0.18535,-0.08191,1.0,0.00369460501426,-0.0012273383579907,0.0003198371452157748,1.0,0.0,0.0,0.0008105437454231637,0.006671882825931381,0.03,0.014950904510193652,0.06834665699872033,-0.07999999999999985,0.003819553515792329,-0.16872478260869564,0.0,0.002,0.005,-0.00375,-0.0075,-0.01,-0.01,0.2171,0.10295,-0.015208322469625071,-0.018871747588099043,-0.015024230599786016,-0.009001546277888225,0.0008240942562954919,-0.00164149079603168,30.0,1.495090451019365,0.06834665699872033,-0.1424094144006043,0.003819553515792329,-0.162620090909091,1.0,0.004305555555551594,0.0049999999999954,0.0024999999999977,0.0,-0.0155,-0.02,-0.0345999999999999,-0.0384999999999999,-0.0214000000000003,0.0397521863702483,0.0374953130858642,-0.374156548805591,1.0,0.0,1.0,1.0,,,,-0.005832610357725407,-0.006359791412809496,-0.022933679161509138,1.0
2018-01-01,2018,1,1,0.00526886,-0.10361,0.00526886,0.0,0.00880772,-0.00353886,-0.51889,0.7352,1.02014,-0.02545,1.0,-0.07909,0.17405,0.3868,-0.01495,1.0,0.0093940788264058,,0.0110682623631704,1.0,0.0193382965041489,1.0,0.01624590675526865,0.0010807459882868735,-0.042,0.014413200001779813,0.09870485894196168,0.06000000000000005,0.05912714144926934,0.08379430434782609,0.0,0.003,-0.005,0.005,0.0075,0.01,0.005,-0.10618,-0.066279,0.00955512673411912,0.016112862547288775,0.013823172581134366,0.018175721492388282,0.01624584696311818,0.003413748163650423,-42.0,1.441320000177981,0.09870485894196168,-0.1857516351894215,0.05912714144926845,0.08897318181818176,1.0,-0.0074999999999931,0.01574999999998551,0.0025,-0.0074999999999931,0.006,0.0049999999999998,0.0080999999999997,0.0150999999999998,0.0169000000000001,-0.0917202585132925,-0.1590106007067137,0.1520336605890687,0.0,0.0,0.0,1.0,,,,0.0,0.0,0.0,0.0
2018-02-01,2018,1,2,0.0,0.0,0.0,0.0,0.0,0.0,0.0,0.0,0.0,0.0,0.0,0.0,0.0,0.0,0.0,0.0,0.0,0.0,0.0,0.0,-0.0029458322170108,1.0,0.0,0.0,,,,,,,0.0,0.0,0.0,0.0,0.0,0.0,0.0,0.0,0.0,0.0,0.0,0.0,0.0,0.0,0.0,0.0,0.0,0.0,0.0,0.0,0.0,0.0,0.0,0.0,0.0,0.0,0.0,0.0,0.0,0.0,0.0,0.0,0.0,0.0,0.0,0.0,0.0,0.0,,,,0.013068087761791053,0.011727806743235956,0.041329849373024995,2.0
2018-03-01,2018,1,3,-0.00152919,0.3479,-0.00152919,-0.0,-0.02149317,0.01996398,0.09103,-2.59584,1.885,1.33186,1.0,0.01388,-0.61455,0.71471,0.7824,1.0,0.0030009257736415,-0.0044329229687559,-0.0038297630980878,1.0,0.0,0.0,0.0035552676234003816,0.013882929123771679,0.108,0.015012088580819594,0.0201092692252951,-0.010000000000000009,0.03499831445927448,-0.2486419565217391,0.0,0.0,0.0,-0.005,-0.01,-0.005,0.0,0.12819,0.38862,-0.007675376832003338,0.01469790493354359,0.01897549547267777,0.026164834174477285,0.003555165396009934,0.0003591184391523046,108.0,1.501208858081959,0.0201092692252951,0.09623891656982941,0.03499831445927448,-0.2497612727272728,1.0,0.0,-0.005344827586217158,0.0,0.0,-0.006,-0.0194999999999998,-0.0288999999999997,-0.0136000000000002,-0.0036,-0.122722795071269,-0.137412971784536,-0.431622746185848,1.0,0.0,1.0,1.0,,,,-0.008836388569979575,0.00842096614739542,-0.02613796523459506,1.0
2018-04-01,2018,2,4,0.0,0.0,0.0,0.0,0.0,0.0,0.0,0.0,0.0,0.0,0.0,0.0,0.0,0.0,0.0,0.0,0.0,0.0,0.0,0.0,0.0057050624947771,1.0,0.0,0.0,,,,,,,0.0,0.0,0.0,0.0,0.0,0.0,0.0,0.0,0.0,0.0,0.0,0.0,0.0,0.0,0.0,0.0,0.0,0.0,0.0,0.0,0.0,0.0,0.0,0.0,0.0,0.0,0.0,0.0,0.0,0.0,0.0,0.0,0.0,0.0,0.0,0.0,0.0,0.0,,,,0.0,0.0,0.0,0.0
2018-05-01,2018,2,5,-0.00542329,0.1428,-0.00542329,-0.0,-0.01121995,0.00579666,-0.24288,-1.42224,-0.4491,0.08579,1.0,-0.03702,-0.33671,-0.17028,0.05039,1.0,0.0020385082826697,,0.0032248299352101,1.0,-0.0220902744721377,1.0,0.0018203463691930455,0.02027604875637953,-0.075,0.015295665805581393,-0.07894220781497996,-0.16999999999999993,0.006147726449056812,-0.0606578260869565,0.0,-0.003,0.0,-0.0025,-0.0075,-0.0075,-0.01,0.011319,0.1367,-0.009611913828177977,-0.019409524238804626,-0.011601241763811453,-0.0016383773264507212,0.001820253315886828,0.01765145357524915,-75.0,1.566015364829632,-0.07894220781497996,-0.05392072595813935,0.006147726449056812,-0.03865336363636369,1.0,-0.002672413793100989,0.002043610547665462,-0.0024999999999977,0.0,-0.0070000000000001,-0.0099999999999997,-0.0160999999999997,-0.0185999999999997,-0.0112,0.159868485547747,0.1603924898575337,-0.3518238722210159,0.0,0.0,0.0,1.0,,,,-0.025431680461834145,0.002790536936624675,-0.046927715492235844,2.0
2018-06-01,2018,2,6,0.01862021,-0.13533,0.01862021,0.0,0.01737334,0.00124687,-0.89525,3.82467,0.84336,0.54324,1.0,-0.13646,0.90547,0.31977,0.31913,1.0,0.0149804367308065,0.0007911400947672054,0.0149286587538719,1.0,0.0,0.0,0.028872992194343215,0.036533645357336775,0.033,0.01603319521390567,0.00010047690654424457,-0.07000000000000006,0.031560990054124716,-0.1379501739130435,0.0,-0.002,-0.01,0.0,0.015,0.0275,0.035,-0.14698,-0.13889,0.04236607375723749,0.039693021997836274,0.02987455651292448,0.025488222569402717,0.02887292145242371,0.02668415018402907,33.0,1.603319521390567,0.0001004769065442446,-0.2229928372358021,0.03156099005412472,-0.1482879090909091,1.0,-0.004411764705903353,-0.01018627450979382,-0.0025000000000119,-0.0050000000000096,0.0029999999999996,0.0209999999999999,0.0328999999999997,0.0374000000000003,0.0311999999999996,-0.175781600330042,-0.179388285944927,0.0929725570659178,1.0,0.0,1.0,1.0,,,,0.03566062226232372,-0.01298748177367694,0.039127377185122714,1.0
2018-07-01,2018,3,7,0.0,0.0,0.0,0.0,0.0,0.0,0.0,0.0,0.0,0.0,0.0,0.0,0.0,0.0,0.0,0.0,0.0,0.0,0.0,0.0,0.0045114452324159,1.0,0.0,0.0,,,,,,,0.0,0.0,0.0,0.0,0.0,0.0,0.0,0.0,0.0,0.0,0.0,0.0,0.0,0.0,0.0,0.0,0.0,0.0,0.0,0.0,0.0,0.0,0.0,0.0,0.0,0.0,0.0,0.0,0.0,0.0,0.0,0.0,0.0,0.0,0.0,0.0,0.0,0.0,,,,0.0,0.0,0.0,0.0
2018-08-01,2018,3,8,-0.00307972,0.02134,-0.00307972,-0.0,-0.00281134,-0.00026838,0.00324,0.08582,-0.38302,0.00676,1.0,0.00049,0.02032,-0.14522,0.00397,1.0,0.0037781548075688,,0.005044803221542,1.0,-0.0006787643133071782,1.0,0.004456647152461679,0.014920535550053484,0.018,0.015220294155687597,0.053375651969093774,-0.19000000000000006,-0.04567378148123069,-0.088449347826087,0.0,-0.002,-0.005,0.0,-0.005,-0.005,-0.0075,0.060458,0.026681,0.0,-0.00545290590197935,-0.004152627242187996,-0.004129909433791811,0.00445656358889809,0.005908842107191347,18.0,1.610558706605936,0.05337565196909466,-0.2224171706717286,-0.04567378148123069,-0.07028295454545458,1.0,-0.002583333333330957,0.0,-0.0024999999999977,-0.0049999999999954,-0.0075000000000002,-0.0070000000000001,0.0,-0.0034,-0.0056000000000002,0.0174309609439677,0.026683269589967,-0.07501875468867,0.0,0.0,0.0,1.0,,,,0.008789891257537808,-0.017333956339109752,-0.009954060080189791,2.0
2018-09-01,2018,3,9,0.00098207,0.22624,0.0,0.00098207,-0.01298879,0.01397086,1.05744,-1.41761,-0.14996,0.66874,1.0,0.16118,-0.33561,-0.05686,0.39285,1.0,0.0061393154076074,0.0034341093824295,0.0076521591456878,1.0,0.0,0.0,0.004526784355368302,0.017333023697619174,0.009,0.01598380985711323,0.05668802664129835,-0.05999999999999994,-0.014076611208614587,-0.22462430434782601,0.0,0.003,0.01,0.0025,-0.005,-0.005,-0.01,0.1705,0.24733,-0.005803119620220147,-0.008620518602029314,-0.003341577879249112,0.005055399883686679,0.004526708925062622,0.008590342533933978,9.0,1.598380985711323,0.05668802664129835,-0.09045004851049909,-0.01407661120861459,-0.2163567727272728,1.0,0.0100000000000051,0.0100000000000051,0.0,0.0100000000000051,0.0069999999999996,-0.004,-0.0121999999999999,-0.0151999999999996,-0.0186999999999999,-0.0340422328967678,-0.0597728631201434,0.0700942023598257,1.0,0.0,1.0,1.0,,,,-0.005092886786336938,-0.007576042733886156,0.0024419240889425216,1.0
2018-10-01,2018,4,10,0.0,0.0,0.0,0.0,0.0,0.0,0.0,0.0,0.0,0.0,0.0,0.0,0.0,0.0,0.0,0.0,0.0,0.0,0.0,0.0,0.0019163404595544,1.0,0.0,0.0,,,,,,,0.0,0.0,0.0,0.0,0.0,0.0,0.0,0.0,0.0,0.0,0.0,0.0,0.0,0.0,0.0,0.0,0.0,0.0,0.0,0.0,0.0,0.0,0.0,0.0,0.0,0.0,0.0,0.0,0.0,0.0,0.0,0.0,0.0,0.0,0.0,0.0,0.0,0.0,,,,0.0,0.0,0.0,0.0
2018-11-01,2018,4,11,0.00431763,0.09441,0.0,0.00431763,-0.00346632,0.00778395,0.36908,0.17113,-0.0373,0.47388,1.0,0.05626,0.04052,-0.01414,0.27838,1.0,0.0087441552929178,,0.0101974202840514,1.0,0.0041834083632581,1.0,0.016811192853771723,0.03102613089841087,0.062,0.016038311767056612,-0.015711652212278437,-0.050000000000000044,-0.008018838682257723,-0.09653573913043478,0.0,0.005,0.0025,0.0075,0.005,0.0075,0.01,-0.33859,0.066808,0.0077518651849533046,0.0062989283699943594,0.005895403919178064,0.005195094506029226,0.01681113932508126,0.01999799437100521,62.0,1.603831176705661,-0.01571165221227844,0.003993069391219128,-0.008018838682256835,-0.1109513636363637,1.0,0.006818181818175544,-0.01079545454544461,0.0049999999999954,0.0,0.004,0.0044999999999997,0.0041999999999999,0.0068999999999999,0.0073999999999996,0.0985646632314548,0.0980130089993762,0.1794940964080448,0.0,0.0,0.0,1.0,,,,0.0036887573130271654,-0.016742530004316247,0.009967041009948828,2.0
2018-12-01,2018,4,12,0.02378951,-0.94125,0.02378951,0.0,0.0679763,-0.04418679,2.36388,2.83174,-0.69145,-3.16845,1.0,0.36031,0.6704,-0.26217,-1.86132,1.0,0.0203253559383877,-0.0039870296723259,0.015217565194858,1.0,0.0,0.0,0.0296543039405653,0.0735439468425439,-0.043,0.015131754694282407,-0.1318401637616029,-0.45,-0.03288613513849725,-0.43398621739130444,0.0,0.01,0.025,0.0275,0.0225,0.015,0.0125,-0.56635,-0.77992,0.0038510693792383932,-0.012367863740819177,-0.015529387956439801,-0.02591629899849437,0.02965432382870117,0.06176948451975296,-43.0,1.513175469428241,-0.1318401637616029,-0.1878669996103455,-0.03288613513849725,-0.4423612272727273,1.0,0.02583333333334651,0.019999999999996,0.0100000000000051,0.0250000000000056,0.0089999999999998,-0.0309999999999996,-0.0228000000000001,-0.0455,-0.0589000000000003,-2.53925541098606,-2.53668966857809,0.3972893280223479,1.0,0.0,1.0,1.0,,,,-0.009142347637676301,0.0038938682439599464,-0.013635495948167266,1.0
2019-01-01,2019,1,1,-0.02580844,0.77383,-0.02580844,-0.0,-0.05901055,0.03320211,0.16856,-5.30067,-0.65029,1.7434,1.0,0.02569,-1.2549,-0.24656,1.02416,1.0,-0.0069371708357133,-0.0041702475816246,-0.0139283963345674,1.0,-0.004139449479372,1.0,-0.019632268316976224,0.019439099260844334,0.136,0.015357234469139058,-0.03743079635672508,-0.49000000000000005,-0.03286338253683674,-0.6531243913043479,0.0,-0.002,0.0,-0.0075,-0.0275,-0.0375,-0.0375,0.91007,0.80115,-0.04325804600698972,-0.036906584992343026,-0.024316028798787418,-0.007231281322462413,-0.01963239045460708,-0.007441497044599557,136.0,1.535723446913906,-0.03743079635672508,-0.3620456263053993,-0.03286338253683674,-0.6368023181818182,1.0,0.0,0.0,-0.0024999999999977,0.0,-0.0325000000000001,-0.0580000000000002,-0.0644999999999997,-0.0636000000000001,-0.0339999999999998,0.7593147179970073,0.76177936612433,-0.53904140296733,0.0,0.0,1.0,1.0,,,,0.0,0.0,0.0,0.0
2019-02-01,2019,1,2,0.0,0.0,0.0,0.0,0.0,0.0,0.0,0.0,0.0,0.0,0.0,0.0,0.0,0.0,0.0,0.0,0.0,0.0,0.0,0.0,0.0078519637774622,1.0,0.0,0.0,,,,,,,0.0,0.0,0.0,0.0,0.0,0.0,0.0,0.0,0.0,0.0,0.0,0.0,0.0,0.0,0.0,0.0,0.0,0.0,0.0,0.0,0.0,0.0,0.0,0.0,0.0,0.0,0.0,0.0,0.0,0.0,0.0,0.0,0.0,0.0,0.0,0.0,0.0,0.0,,,,-0.02084140747106561,-0.006151412797037431,0.015079767276707253,2.0
2019-03-01,2019,1,3,-0.03398453,0.50599,-0.03398453,-0.0,-0.04714015,0.01315562,0.08566,-5.63446,-1.99282,0.14724,1.0,0.01306,-1.33393,-0.75559,0.0865,1.0,-0.011497004080354,0.0057889705093914,-0.0085348076550398,1.0,0.0,0.0,-0.027033073801949532,-0.01118873590172378,-0.16,0.013504788955080116,0.06622109467716797,-0.28,0.04607046168437812,-0.5239085217391303,0.0,0.0,0.0,-0.0075,-0.025,-0.045,-0.0625,0.51223,0.44152,-0.06038493636553307,-0.0648808049884069,-0.0480375577374492,-0.033430111058036775,-0.0270331950090872,-0.006658895019254148,-160.0,1.350478895508012,0.06622109467716797,-0.07359435956007021,0.04607046168437812,-0.5180091818181819,1.0,0.0,0.0,0.0,0.0049999999999954,-0.012,-0.04,-0.0495999999999998,-0.0673000000000003,-0.0518999999999998,0.5251843732374073,0.3806320262016464,-0.574146811619738,1.0,0.0,1.0,1.0,,,,0.0007280877018895453,-0.007142448989683495,-0.006410468745420501,1.0
2019-04-01,2019,2,4,0.0,0.0,0.0,0.0,0.0,0.0,0.0,0.0,0.0,0.0,0.0,0.0,0.0,0.0,0.0,0.0,0.0,0.0,0.0,0.0,0.0108607896539236,1.0,0.0,0.0,,,,,,,0.0,0.0,0.0,0.0,0.0,0.0,0.0,0.0,0.0,0.0,0.0,0.0,0.0,0.0,0.0,0.0,0.0,0.0,0.0,0.0,0.0,0.0,0.0,0.0,0.0,0.0,0.0,0.0,0.0,0.0,0.0,0.0,0.0,0.0,0.0,0.0,0.0,0.0,,,,0.0,0.0,0.0,0.0
2019-05-01,2019,2,5,-0.04850947,0.20476,-0.04850947,-0.0,-0.03645474,-0.01205473,-2.56578,-3.41208,0.17852,-0.25348,1.0,-0.39108,-0.80779,0.06769,-0.14891,1.0,-0.0168773442516382,0.0545660515488151,0.0303641880058838,1.0,0.0025131490907349,1.0,-0.037380158511287724,-0.02557400262020844,0.021,0.014554077946586474,0.10027661373489671,-0.21999999999999997,0.0207668302586983,-0.4845008260869566,0.0,-0.025,-0.02,-0.03,-0.04,-0.05,-0.0575,0.16943,0.19906,-0.05066291138580295,-0.04174243788260713,-0.02462527576426095,-0.0062866663187947725,-0.03738035991202492,-0.03294661528547486,21.0,1.349099751988625,0.1002766137348958,0.02289808217197331,0.0207668302586983,-0.4469955454545456,1.0,-0.02583333333333912,0.01734848484848094,-0.0250000000000056,-0.0100000000000051,0.0289999999999999,0.0470000000000001,0.0564,0.0499999999999998,0.0304999999999999,-0.335280084430859,-0.339126748622297,0.401849948612544,0.0,0.0,1.0,1.0,,,,-0.01795041139816937,0.004529541559402807,0.013839042093608003,2.0
2019-06-01,2019,2,6,-0.07065362,0.23767,-0.07065362,-0.0,-0.04948766,-0.02116596,6.18908,-9.75742,0.51438,-0.66251,1.0,0.94335,-2.31002,0.19503,-0.38919,1.0,-0.0348263427978654,-0.0457188556274207,-0.0747801976864092,1.0,0.0,0.0,-0.07928775616219637,-0.03436265663298747,-0.105,0.012592227042699022,0.03319684021049163,-0.31,-0.037776980240443514,-0.7765854347826088,0.0,0.023,0.0525,-0.05,-0.0825,-0.1025,-0.1025,0.25599,0.33336,-0.07487615372581738,-0.059620657108184635,-0.04156150726384651,-0.030459105932234578,-0.07928804816848131,-0.04348478099501456,-105.0,1.259222704269902,0.03319684021049163,-0.08561066807069506,-0.03777698024044351,-0.770768090909091,1.0,0.05454545454544363,-0.0775000000000005,0.019999999999996,0.0499999999999971,-0.1185,-0.141999999999999,-0.133,-0.0924,-0.0586999999999999,0.44145188620351,0.3856041131105398,-0.170410216400454,1.0,0.0,1.0,1.0,,,,-0.022177645486553117,-0.022863761011111403,-0.0058685312570045025,1.0
2019-07-01,2019,3,7,0.04928542,-0.13745,0.04928542,0.0,0.03283225,0.01645317,3.98834,1.12887,-1.35374,-0.21271,1.0,0.60791,0.26725,-0.51328,-0.12495,1.0,0.0336647555242973,0.031827458217802,0.0615218721969497,1.0,0.0068986797571382,1.0,0.005759877567994788,0.01733114622096879,0.064,0.012514672424037698,0.024627235294488514,-0.1,-0.016763263372000736,-0.0838568695652174,0.0,0.003,-0.003,-0.0025,0.0,-0.005,-0.005,0.039855,0.17827,-0.000949363788068419,-0.0007466789543482659,-0.0007700908543318944,-0.0014860790398729244,0.005759788165821709,0.00543711837625302,64.0,1.25146724240377,0.02462723529448851,-0.1355946223709572,-0.01676326337200074,-0.07806354545454551,1.0,0.0400000000000062,0.06499999999998346,0.0,0.0400000000000062,0.0765,0.072,0.0741,0.0262999999999999,-0.0051999999999998,-0.65265923392568,-0.638527241064764,0.4179153160866928,0.0,0.0,1.0,1.0,,,,0.0,0.0,0.0,0.0
2019-08-01,2019,3,8,0.0,0.0,0.0,0.0,0.0,0.0,0.0,0.0,0.0,0.0,0.0,0.0,0.0,0.0,0.0,0.0,0.0,0.0,0.0,0.0,-0.012319805258398,1.0,0.0,0.0,,,,,,,0.0,0.0,0.0,0.0,0.0,0.0,0.0,0.0,0.0,0.0,0.0,0.0,0.0,0.0,0.0,0.0,0.0,0.0,0.0,0.0,0.0,0.0,0.0,0.0,0.0,0.0,0.0,0.0,0.0,0.0,0.0,0.0,0.0,0.0,0.0,0.0,0.0,0.0,,,,0.011596819194830231,-0.002180290007382347,-0.005860113996022674,2.0
2019-09-01,2019,3,9,0.0324489,-0.37358,0.0324489,0.0,0.03848309,-0.00603419,3.38476,2.63154,0.75886,-0.30827,1.0,0.51591,0.623,0.28773,-0.18109,1.0,0.026768210813788,0.0329893642327678,0.0514870416111227,1.0,0.0,0.0,0.04444570207353005,0.06222195842186035,-0.03,0.012522257035245232,0.040299512900899614,-0.01999999999999999,0.025298918126948955,-0.3556948695652174,0.0,0.0135,0.0175,0.03,0.0325,0.035,0.0375,-0.62868,-0.37168,0.0350075611409501,0.03028961736356079,0.023403828806254384,0.012075793711572544,0.04444573687081797,0.05202630179024741,-30.0,1.252225703524523,0.04029951290089961,-0.2185369659167616,0.02529891812694895,-0.3372237272727273,1.0,0.04687499999999275,0.039999999999992,0.0187499999999971,0.0300000000000011,0.048,0.0549999999999999,0.0925,0.0750999999999999,0.0530499999999998,0.0233680738698137,0.0333750521485189,0.3265480513931679,1.0,0.0,1.0,1.0,,,,-0.01438803892988735,-0.0022545587021166355,-0.014511195897560046,1.0
2019-10-01,2019,4,10,0.01192213,0.34921,-0.00206683,0.01398896,-0.01484556,0.02676769,-1.95022,0.31421999999999994,-0.66065,1.15172,2.0,-0.29726,0.07438999999999998,-0.25049,0.67658,2.0,0.0251817737139451,-0.0130423194026528,0.015245435101917601,2.0,0.0072267166262961,1.0,0.028312030750813268,0.05712101863120787,-0.009,0.013281697241565027,-0.018526291941789452,0.03,-0.02307587319086668,-0.26224686956521737,1.0,-0.003,-0.0185,-0.005000000000000001,0.015,0.015,0.015,0.68938,0.34131,0.0018980081343205769,0.002969639678905252,-0.002260219936551816,-0.00646404856924406,0.02831186194864386,0.051111728146776836,-18.0,2.656339448313006,-0.013270298356671258,-0.1564036614448572,-0.0028484576646068405,-0.4669217272727274,2.0,-0.0125000000000028,0.006875000000001541,0.0024999999999977,-0.0125000000000028,0.0064999999999999,-0.014499999999999699,0.0,-0.01,-0.0229999999999999,0.678794583928418,0.6590908409857492,-0.2698721910373018,0.0,1.0,1.0,2.0,,,,0.0,0.0,0.0,0.0
2019-11-01,2019,4,11,0.0,0.0,0.0,0.0,0.0,0.0,0.0,0.0,0.0,0.0,0.0,0.0,0.0,0.0,0.0,0.0,0.0,0.0,0.0,0.0,0.0046391533807047,1.0,0.0,0.0,,,,,,,0.0,0.0,0.0,0.0,0.0,0.0,0.0,0.0,0.0,0.0,0.0,0.0,0.0,0.0,0.0,0.0,0.0,0.0,0.0,0.0,0.0,0.0,0.0,0.0,0.0,0.0,0.0,0.0,0.0,0.0,0.0,0.0,0.0,0.0,0.0,0.0,0.0,0.0,,,,-0.023633435693247475,-0.009895678972151158,-0.0297497367861439,2.0
2019-12-01,2019,4,12,-0.00371523,0.16766,-0.00371523,-0.0,-0.01184713,0.0081319,0.03638,-1.09686,-0.1991,0.37491,1.0,0.00555,-0.25968,-0.07549,0.22024,1.0,0.0040405687660951,0.0008093614638826557,0.0026531448671504,1.0,0.0,0.0,0.00506890964765337,0.024156260229669893,0.086,0.013568621116966995,0.05044147639667784,0.52,0.014422493099190525,-0.23281291304347818,0.0,0.0,0.0,0.0,-0.005,-0.005,-0.005,0.2629,0.17131,-0.007565439566169569,-0.00665356276395004,-0.0045457619053581935,0.0,0.005068825981427146,0.00803695015798992,86.0,1.356862111696699,0.05044147639667784,0.3398648799723366,0.01442249309919053,-0.2723861818181819,1.0,0.0,0.0,0.0,-0.0049999999999954,-0.0169999999999999,-0.0189999999999999,-0.0242999999999999,-0.0281,-0.0155999999999998,0.21948924087986,0.2232854864433811,-0.289581236778881,1.0,0.0,1.0,1.0,,,,0.019906348152115026,-0.010322327234295124,0.01894876406599038,1.0
2020-01-01,2020,1,1,0.00909837,0.02827,0.0,0.00909837,0.0028648,0.00623357,1.51281,-0.36116,-0.41781,0.08224,1.0,0.23059,-0.0855,-0.15842,0.04831,1.0,0.010080287831585,-0.009314242637637,0.0005135444732855632,1.0,0.0154469478787276,1.0,0.013637050889339577,0.03133520179465259,-0.015,0.013183389654209066,0.08657860192936084,-0.13,-0.03196518635650847,-0.32352886956521737,0.0,0.0,0.01,0.005,0.005,0.005,0.0025,,0.011403,0.0028292492179353493,-0.0014638969317442147,-0.003730643770387312,-0.004914411726175748,0.01363698922355597,0.02509770456303355,-15.0,1.318338965420907,0.08657860192936084,-0.01243330066977155,-0.03196518635650847,-0.3377062272727274,1.0,0.0100000000000051,-0.0050000000000096,0.0024999999999977,0.0100000000000051,-0.014,-0.03,-0.0238,-0.0293000000000001,-0.024,-0.229544680644054,-0.228119534636149,-0.0570735535421247,0.0,0.0,1.0,1.0,,,,0.10240910872326384,-0.04016610469149609,0.05177212853117823,2.0
2020-02-01,2020,1,2,0.0,0.0,0.0,0.0,0.0,0.0,0.0,0.0,0.0,0.0,0.0,0.0,0.0,0.0,0.0,0.0,0.0,0.0,0.0,0.0,0.0092183694898148,1.0,0.0,0.0,,,,,,,0.0,0.0,0.0,0.0,0.0,0.0,0.0,0.0,0.0,0.0,0.0,0.0,0.0,0.0,0.0,0.0,0.0,0.0,0.0,0.0,0.0,0.0,0.0,0.0,0.0,0.0,0.0,0.0,0.0,0.0,0.0,0.0,0.0,0.0,0.0,0.0,0.0,0.0,,,,0.0,0.0,0.0,0.0
2020-03-01,2020,1,3,-0.26317731,,-0.19130331,-0.0087393,-0.12387972,-0.07616289,-25.60297,2.77168,-0.94675,0.30715,1.0,-3.90245,0.65618,-0.35897,0.18043,1.0,-0.1947343061016348,-0.005053847315200501,-0.1879111858874597,5.0,0.0,0.0,-0.4189830256554514,-0.3779554215971662,0.06,0.014829491011708384,-0.013949746362523996,-0.26,-0.04953362804063044,-0.5874561739130435,5.0,-0.33949999999999997,-0.2805,-0.56875,-0.4425,-0.3775,-0.36,,5.39566,-0.286007885643638,-0.32853475523796943,-0.26007536465228814,-0.23912824239210356,-0.4189718592418902,,452.0,7.244595167885668,-1.0602905950334582,0.7601109340430059,-1.0036809110903828,-3.1966374545454546,5.0,-0.48433779761903933,-0.2199999999999698,-0.3624999999999968,-0.3024999999999802,-0.207499999999999,-0.2514999999999989,-0.3813,-0.5838999999999998,-0.5225,-8.790149670807846,2.9209772273017864,-2.4771577265924796,0.0,5.0,2.0,5.0,,,,-0.015478694419429954,0.0865772503457874,-0.16816735893939566,2.0
2020-04-01,2020,2,4,-0.01449715,-0.18878,-0.0,-0.01449715,0.00399931,-0.01849646,-3.054,1.73697,0.91939,-0.44195,1.0,-0.4655,0.41122,0.34859,-0.25963,1.0,-0.0036846820339265,0.0048121273248196,-0.002227252323323,1.0,0.0068986797571382,1.0,0.0029003128426416235,0.09779436262557828,-0.601,0.004010736073082555,-0.14054256056024705,0.43,-0.19359537611551847,-0.302440347826087,0.0,-0.005,-0.03,-0.005,-0.01,-0.0075,0.0,,-0.26436,0.0046184272239303764,0.012543404331483803,0.012541830891648696,0.018309839180871885,0.002900210200765392,,-601.0,0.4010736073082555,-0.1405425605602471,0.1633829346504446,-0.1935953761155185,-0.3102751818181819,1.0,-0.0275000000000034,-0.0237500000000067,-0.0024999999999977,-0.0275000000000034,-0.0129999999999999,-0.0069999999999999,-0.0018999999999999,0.0015999999999999,0.0095,0.3447274037048575,0.3406864832637765,-0.128416068060516,0.0,0.0,1.0,1.0,,,,0.0,0.0,0.0,0.0
2020-05-01,2020,2,5,0.0,0.0,0.0,0.0,0.0,0.0,0.0,0.0,0.0,0.0,0.0,0.0,0.0,0.0,0.0,0.0,0.0,0.0,0.0,0.0,-0.0071423420682248,1.0,0.0,0.0,,,,,,,0.0,0.0,0.0,0.0,0.0,0.0,0.0,0.0,0.0,0.0,0.0,0.0,0.0,0.0,0.0,0.0,0.0,0.0,0.0,0.0,0.0,0.0,0.0,0.0,0.0,0.0,0.0,0.0,0.0,0.0,0.0,0.0,0.0,0.0,0.0,0.0,0.0,0.0,,,,-0.000877919106068583,-0.008950411747995567,0.011660827406563691,1.0
2020-06-01,2020,2,6,-0.00237514,0.59258,-0.00237514,-0.0,-0.03649466,0.03411952,0.13294,-2.17832,-1.43979,1.55884,1.0,0.02026,-0.51571,-0.54591,0.91575,1.0,0.004040568766093,0.0034341093824295,0.0053242944965756,1.0,0.0,0.0,0.00506890964765337,-0.02312862838408264,10.009,-0.1242430494642246,0.07603243196166254,0.33,-0.010013473098775982,-0.2825714782608695,0.0,0.0,-0.005,0.0,-0.005,-0.005,-0.005,,0.63084,-0.01106884152378967,-0.0202149743865065,-0.014711059325185315,0.0025385470402143244,0.005068825981427146,,10009.0,-12.42430494642246,0.07603243196166254,0.4204600290926487,-0.01001347309877598,-0.2600784090909091,1.0,0.0,0.0,0.0,0.0,0.0,-0.028,-0.0118999999999999,-0.0349999999999999,-0.0345999999999999,0.2261192747942669,0.2187670911789983,-0.260118614088024,1.0,0.0,1.0,1.0,,,,0.006935329185630241,-0.022784545510562654,0.053025150030030485,1.0
2020-07-01,2020,3,7,-0.00430697,0.06893,-0.00430697,-0.0,-0.00626047,0.0019535,0.51455,-0.48769,-0.57404,0.06533,1.0,0.07843,-0.11546,-0.21765,0.03838,1.0,0.0032833273944725,0.0063784364368067,0.0051653581202071,1.0,0.0019163404595544,1.0,0.001569637509768956,0.015614276849743241,1.57,-0.09149563526441362,0.126241264590214,-0.030000000000000027,0.16974734122669943,-0.03695369565217392,0.0,0.0,0.005,-0.005,-0.015,-0.005,-0.0025,,0.061697,-0.0027645127670661803,-0.009020331476883848,-0.007619141979589814,-0.007951096360593424,0.001569533090392728,,1570.0,-9.149563526441362,0.126241264590214,-0.03316917993118329,0.1697473412266994,-0.01072050000000004,1.0,0.0049999999999954,0.005000000000025828,0.0,0.0049999999999954,-0.0049999999999999,-0.0055,-0.0038999999999999,-0.0134,-0.0146999999999999,0.3598345807496071,0.3703417946146131,-0.0289248008741728,0.0,0.0,1.0,1.0,,,,0.0,0.0,0.0,0.0
2020-08-01,2020,3,8,0.0,0.0,0.0,0.0,0.0,0.0,0.0,0.0,0.0,0.0,0.0,0.0,0.0,0.0,0.0,0.0,0.0053653644519835,,0.0066982201354142,1.0,0.0057050624947771,1.0,0.007924216908657052,0.018323456522269,0.283,-0.08064359222900208,0.15080209915021747,0.04999999999999993,0.18917731092733003,0.1666473043478261,1.0,0.0,0.0,-0.00125,0.0,-0.005,0.0025,,0.22997,-0.0027655028660760815,-0.008333221484016733,-0.00902642472918371,-0.01249785934467405,0.007937779207755673,,283.0,-8.064359222900208,0.1508020991502175,-0.01976836988970976,0.18917731092733,0.1602267727272727,1.0,0.0,0.0,0.0,0.0,-0.002,0.01,-0.003,-0.0047999999999999,-0.0098,0.1785134230020736,0.2374271530325922,-0.2767279344466957,0.0,1.0,0.0,1.0,,,,-0.004356559953175,0.010025194093617887,-0.008794093441528582,1.0
2020-09-01,2020,3,9,-0.00097144,0.40618,-0.00097144,-0.0,-0.02468673,0.02371529,-0.4398,-1.37794,0.09455,1.33657,1.0,-0.06704,-0.32622,0.03585,0.78517,1.0,0.0043335456735917,0.0063711800843155,0.0075218074847008,1.0,0.0,0.0,0.00836444932280231,0.0172559640604149,0.021,-0.0711500328190322,0.11183996687855213,-0.010000000000000009,0.15006883078330002,0.3677693478260869,0.0,-0.002,0.0,0.0,0.0,0.0,-0.0025,,0.44787,0.0,0.000693455310011631,0.004160845223939754,0.013854053168685595,0.00836436867753344,,21.0,-7.115003281903221,0.1118399668785521,0.002241761471961756,0.1500688307833,0.3569536818181818,1.0,0.0,0.0,0.0,0.0,0.0,-0.015,-0.002,0.0055999999999999,0.0196,-0.369178035961121,-0.403462441314554,0.1633231972664865,1.0,0.0,1.0,1.0,,,,-0.02310621513246872,-0.024487362474617694,-0.02655848763900912,1.0
2020-10-01,2020,4,10,0.0,0.0,0.0,0.0,0.0,0.0,0.0,0.0,0.0,0.0,0.0,0.0,0.0,0.0,0.0,0.0,0.0,0.0,0.0,0.0,0.0078130466917967,1.0,0.0,0.0,,,,,,,0.0,0.0,0.0,0.0,0.0,0.0,0.0,0.0,0.0,0.0,0.0,0.0,0.0,0.0,0.0,0.0,0.0,0.0,0.0,0.0,0.0,0.0,0.0,0.0,0.0,0.0,0.0,0.0,0.0,0.0,0.0,0.0,0.0,0.0,0.0,0.0,0.0,0.0,,,,0.0,0.0,0.0,0.0
2020-11-01,2020,4,11,-0.00113536,0.0341,-0.00113536,-0.0,-0.00259943,0.00146407,0.00942,-0.42229,0.38059,0.14152,1.0,0.00144,-0.09997,0.1443,0.08314,1.0,0.006565089660604,-0.00021274815394398304,0.0082471211282434,1.0,0.0025131490907349,1.0,0.005696419511072568,0.0335539917624543,-0.198,-0.06101548309682059,0.040577719244398125,0.23000000000000004,0.07325198406489886,0.4310912173913043,0.0,0.003,-0.005,-0.0025,-0.005,0.0,-0.005,,0.0071167,-0.0018435122459614381,0.0,0.001394501326325706,0.0006413147689709943,0.005696328643222645,,-198.0,-6.508924380976211,0.04057771924439812,0.2346617493487999,0.07325198406489886,0.4200745,1.0,0.0,0.0,0.0,0.0,-0.001,-0.0015,-0.004,0.0023999999999999,0.0017,-0.0338188277087049,-0.0711794433767527,-0.130507469125825,0.0,0.0,1.0,1.0,,,,-0.005339901204628619,-0.014637218992715905,0.005769299381411711,1.0
2020-12-01,2020,4,12,0.00030277,-0.16237,0.00030277,0.0,0.00982571,-0.00952294,-0.54706,0.00322,2.1755,-0.14583,1.0,-0.08338,0.00076,0.82486,-0.08567,1.0,0.0062858263014864,0.0039646898330599,0.0066982201354142,1.0,0.0,0.0,0.00963166659875276,0.01615699666960392,-0.215,-0.06050883130811968,0.08795520873566076,0.27,0.08435654884910804,0.7379075217391305,0.0,-0.003,-0.005,0.0,0.0,0.0025,0.0,,-0.18646,0.0027640437727983326,0.013176225841088046,0.017576584397866798,0.026618911586109878,0.009631586265307038,,-215.0,-6.050883130811968,0.08795520873566076,0.3255950180674676,0.08435654884910804,0.7361641818181819,1.0,0.0,0.0,0.0,0.0,0.001,0.0139999999999999,-0.0019999999999999,-0.0008,0.0017,0.273367366804378,0.2974580854515954,-0.168141592920355,1.0,0.0,1.0,1.0,,,,0.0010940816359402733,0.0056464951598408164,-0.008433754185102069,1.0
2021-01-01,2021,1,1,0.00179319,-0.34152,0.00179319,0.0,0.02124504,-0.01945185,0.16985,0.91904,0.3896,-1.07848,1.0,0.02589,0.21758,0.14772,-0.63356,1.0,0.0094205458034429,0.0026145688629516,0.0102679845861552,1.0,0.0031099577219155,1.0,0.0063788192091708855,0.01722248195442627,-0.19,-0.06304285512950969,0.11379450208647235,0.29000000000000004,0.102955327999247,0.5436380000000002,0.0,0.002,0.0,0.0,-0.005,0.0,-0.005,,-0.32457,0.0,-0.0013864373420411085,0.0,-0.0026368220037257875,0.006378736371916232,0.03138378980538768,-190.0,-6.304285512950969,0.1137945020864723,0.3347632465938104,0.1029553279992461,0.5474421818181818,1.0,0.0,0.01107142857141839,0.0,0.0,0.003,0.0029999999999999,-0.0018999999999999,0.0055499999999999,0.01105,-1.14774475676731,-1.1439529193943,0.15909668438091,0.0,0.0,1.0,1.0,,,,0.0,0.0,0.0,0.0
2021-02-01,2021,1,2,0.0,0.0,0.0,0.0,0.0,0.0,0.0,0.0,0.0,0.0,0.0,0.0,0.0,0.0,0.0,0.0,0.0,0.0,0.0,0.0,0.0013796151388831,1.0,0.0,0.0,,,,,,,0.0,0.0,0.0,0.0,0.0,0.0,0.0,0.0,0.0,0.0,0.0,0.0,0.0,0.0,0.0,0.0,0.0,0.0,0.0,0.0,0.0,0.0,0.0,0.0,0.0,0.0,0.0,0.0,0.0,0.0,0.0,0.0,0.0,0.0,0.0,0.0,0.0,0.0,,,,0.029568692810641103,-0.012056662169686847,0.04873264262111225,2.0
2021-03-01,2021,1,3,-0.0084189,0.53485,-0.0084189,-0.0,-0.03607688,0.02765798,-0.44145,-2.32961,-1.4834,1.19933,1.0,-0.06729,-0.55152,-0.56244,0.70455,1.0,0.0005594922603317189,-0.0005815997984114879,-0.0006909268198369353,1.0,0.0,0.0,0.0004598310841179643,0.003099076807123879,0.179,-0.0599736083024478,0.07596837526976863,0.7600000000000001,0.13339965310532165,0.7226766086956522,0.0,-0.005,-0.0075,-0.01,-0.005,-0.0075,-0.01,,0.4945,-0.018439291297550807,-0.04942472131441107,-0.02365159713737127,0.0029591402269824258,0.0004597150863501408,-0.004768553937906245,179.0,-5.99736083024478,0.07596837526976863,0.9487762830387103,0.1333996531053216,0.7243077727272728,1.0,-0.01107142857144983,-0.0099999999999909,-0.0050000000000096,-0.0100000000000051,-0.0115,-0.0179999999999999,-0.0181,-0.0635,-0.0335,0.7941418880365195,0.8053776396727756,-0.552450138112529,1.0,0.0,1.0,1.0,,,,-0.0008459009300526854,0.008150033267772697,-0.011780862907860443,1.0
2021-04-01,2021,2,4,-0.00462143,0.05755,-0.00462143,-0.0,-0.00573966,0.00111823,-0.49093,-0.22534,-0.16908,0.0828,1.0,-0.07483,-0.05335,-0.06411,0.04864,1.0,0.0026049622858531,0.0014456840740621,0.0031259503893357,1.0,0.0031099577219155,1.0,0.005764161679116342,0.016430349251880055,0.256,-0.044889842510253075,0.0860625052986812,0.6400000000000001,0.11740236428887574,0.30112982608695643,0.0,0.0,-0.01,-0.005,0.0025,-0.005,-0.005,,0.029907,-0.002766805627931214,-0.0035334423072616934,-0.001479271474402986,-0.0043722048710391655,0.005764065393672197,-0.001936165364172844,256.0,-4.488984251025308,0.0860625052986812,0.8009013981917212,0.1174023642888766,0.287957909090909,1.0,-0.0100000000000051,-0.004642857142866958,0.0,-0.0100000000000051,-0.0059999999999999,-0.0125,-0.0098,-0.0336999999999999,-0.0302,0.0880114546251488,0.1077070368597415,-0.278312524063583,0.0,0.0,1.0,1.0,,,,0.0,0.0,0.0,0.0
2021-05-01,2021,2,5,0.0,0.0,0.0,0.0,0.0,0.0,0.0,0.0,0.0,0.0,0.0,0.0,0.0,0.0,0.0,0.0,0.0,0.0,0.0,0.0,0.0094693199894656,1.0,0.0,0.0,,,,,,,0.0,0.0,0.0,0.0,0.0,0.0,0.0,0.0,0.0,0.0,0.0,0.0,0.0,0.0,0.0,0.0,0.0,0.0,0.0,0.0,0.0,0.0,0.0,0.0,0.0,0.0,0.0,0.0,0.0,0.0,0.0,0.0,0.0,0.0,0.0,0.0,0.0,0.0,,,,-0.00011496931913013045,-0.010691768405988287,0.027114207192967192,2.0
2021-06-01,2021,2,6,0.02328026,-0.49477,0.02328026,0.0,0.04111951,-0.01783925,2.60693,0.99239,4.47521,-0.30312,1.0,0.39735,0.23494,1.69681,-0.17807,1.0,0.0199067047540184,0.0043791773482936,0.0213263521116219,1.0,0.0,0.0,0.02840223839697087,-0.05469445780178046,-0.116,0.08638730978064757,0.07408822799991555,-0.1200000000000001,0.07724753606006551,0.49490286956521723,0.0,0.01,0.0175,0.01,0.0175,0.015,0.0325,,-0.58207,0.027684731631057842,0.0742140618002687,0.054514720558882235,0.03531058579302077,0.02840219895499036,-0.02436084170422365,-116.0,8.638730978064757,0.07408822799991555,-0.1372436848184613,0.07724753606006551,0.4922196818181818,1.0,0.02678571428572029,0.0124999999999886,0.0125000000000028,0.019999999999996,0.0094999999999999,0.0279999999999999,0.034,0.0953,0.0746,0.0258717846333473,0.0354463283511549,0.7233013461134988,1.0,0.0,1.0,1.0,,,,-0.0011190531445230832,0.002215315049470154,-0.015503449244428721,1.0
2021-07-01,2021,3,7,0.00227073,0.18406,0.0,0.00227073,-0.0098313,0.01210203,0.04972,-0.16114,0.2675,0.81488,1.0,0.00758,-0.03815,0.10143,0.4787,1.0,0.0067593531145536,0.0048316604989671,0.0087623098155804,1.0,0.0021513398255517,1.0,0.0101036546881312,-0.03888379132211196,0.13,0.057636144884847695,0.051584388500428346,-0.42000000000000015,0.047845430927882404,0.15125665217391307,0.0,0.0,0.005,-0.005,0.0,0.0025,0.0075,,0.15367,0.007382875605815832,0.02251326482638189,0.010143099110767927,-0.002068037377753272,0.01010355798550703,-0.03830446057708324,130.0,5.76361448848477,0.05158438850042835,-0.4552203761469449,0.0478454309278824,0.1488689090909091,1.0,-0.0049999999999954,0.01374999999998735,0.0,-0.0049999999999954,-0.009,0.0204999999999999,-0.001,0.0016,-0.0083999999999999,0.2755723272156909,0.2905651777575205,-0.254012862779008,0.0,0.0,1.0,1.0,,,,0.0,0.0,0.0,0.0
2021-08-01,2021,3,8,0.0,0.0,0.0,0.0,0.0,0.0,0.0,0.0,0.0,0.0,0.0,0.0,0.0,0.0,0.0,0.0,0.0,0.0,0.0,0.0,0.0029012692704021,1.0,0.0,0.0,,,,,,,0.0,0.0,0.0,0.0,0.0,0.0,0.0,0.0,0.0,0.0,0.0,0.0,0.0,0.0,0.0,0.0,0.0,0.0,0.0,0.0,0.0,0.0,0.0,0.0,0.0,0.0,0.0,0.0,0.0,0.0,0.0,0.0,0.0,0.0,0.0,0.0,0.0,0.0,,,,-0.00021373338078099064,8.431891800302267e-05,0.004255609291077737,2.0
2021-09-01,2021,3,9,0.0,0.37317,0.0,0.0,-0.02223421,0.02223421,0.08864,-0.65828,-0.80808,1.19278,1.0,0.01351,-0.15585,-0.30639,0.7007,1.0,0.007567895590154,0.0080472826093418,0.0137643957410897,1.0,0.0,0.0,0.008181482631421993,-0.022985719895851485,-0.498,0.044813053550795345,0.044074245606136486,-0.1399999999999999,0.0423817364784842,0.27317765217391304,0.0,0.0,0.0,-0.005,0.0,-0.0025,0.005,,0.36131,0.002772265360362708,0.008503381555963632,0.0007310934849845355,-0.002074664691487122,0.00818138520248889,0.02099629588744711,-498.0,4.481305355079535,0.04407424560613649,-0.1335267707082564,0.0423817364784842,0.2717661363636363,1.0,0.0,0.0,0.0,0.0,0.004,0.0185,0.0201999999999999,0.0242999999999999,0.0051000000000001,0.2375802074874661,0.2566295979469632,0.1394460772745751,1.0,0.0,1.0,1.0,,,,0.004379551672794771,0.02013002154822786,0.014502975118287867,1.0
2021-10-01,2021,4,10,0.0,0.0,0.0,0.0,0.0,0.0,0.0,0.0,0.0,0.0,0.0,0.0,0.0,0.0,0.0,0.0,0.0,0.0,0.0,0.0,0.0067785131361196,1.0,0.0,0.0,,,,,,,0.0,0.0,0.0,0.0,0.0,0.0,0.0,0.0,0.0,0.0,0.0,0.0,0.0,0.0,0.0,0.0,0.0,0.0,0.0,0.0,0.0,0.0,0.0,0.0,0.0,0.0,0.0,0.0,0.0,0.0,0.0,0.0,0.0,0.0,0.0,0.0,0.0,0.0,,,,0.0,0.0,0.0,0.0
2021-11-01,2021,4,11,0.00617711,0.23372,0.0,0.00617711,-0.01083695,0.01701406,0.06364,-0.25596,0.44559,1.05084,1.0,0.0097,-0.0606,0.16895,0.61732,1.0,0.0063038200371613,0.0036173272917258,0.007960652653184,1.0,0.0050481705530872,1.0,0.014732264731015663,-0.024008637960634297,-0.306,0.04173642825589852,0.054015154101698215,0.3700000000000001,0.0924047713057039,0.3942938695652174,0.0,0.003,-0.005,0.0,0.0025,0.01,0.01,,0.24073,0.011139313076562254,0.01511041858170975,0.014951682064232225,0.03481693923272836,0.01473218637770097,0.007773794789990324,-306.0,4.066516372062168,0.05401515410169822,0.2324963504672037,0.0924047713057039,0.3969758181818181,1.0,0.0,-0.009687499999991087,0.0,-0.0049999999999954,0.0135,-0.005,-0.006,-0.0017,0.0262999999999999,0.6684500652014509,0.67157712305026,-0.120130974655553,0.0,0.0,1.0,1.0,,,,-0.07669196141373158,-0.09091952018636473,-0.03996898591112316,2.0
2021-12-01,2021,4,12,0.03680451,0.62031,0.0,0.03680451,-0.01855705,0.05536156,-0.3231,1.02163,-0.73496,2.64117,1.0,-0.04925,0.24187,-0.27867,1.55156,1.0,0.023777988668126,-0.001362281753781,0.0206607526802782,1.0,0.0,0.0,0.05750646306340903,0.04273531913167347,-0.34,0.044095676968236575,0.036335595561844514,0.1499999999999999,-0.019387279921098788,0.2259550434782609,0.0,0.0,-0.005,0.0325,0.0475,0.0525,0.0525,,0.6611,0.032672261023663086,0.029010989010989013,0.01795688847235239,0.006309766022380468,0.05750651506066214,0.06645982303239956,-340.0,4.409567696823657,0.03633559556184451,-0.1529905822925026,-0.01938727992109879,0.2204081818181818,1.0,-0.004843749999995543,-0.0100000000000051,-0.0024999999999977,-0.0050000000000096,0.022,0.021,0.0121,0.0130999999999998,0.0203999999999999,1.524613658618828,1.518590575010808,-0.283538225919948,1.0,0.0,1.0,1.0,,,,0.08470890069174501,-0.06668886711392062,0.06783803842767647,1.0
2022-01-01,2022,1,1,-0.00988946,-0.2151,-0.0,-0.00988946,0.00787136,-0.01776082,-1.04884,0.23037,1.81253,-0.46693,1.0,-0.15987,0.05454,0.68723,-0.2743,1.0,0.0012275320333068,0.0791167876032201,0.0702351049657365,1.0,0.0182648458628064,1.0,0.002436892975506288,-0.01773159827370306,-0.251,0.049585737058912116,-0.04342137462536577,0.020000000000000018,-0.002661732102933634,0.3458565217391304,0.0,-0.002,-0.005,-0.005,-0.005,-0.0075,-0.0075,,-0.18146,-0.0009374934834740904,0.008810042442343537,0.012246759601992547,0.012616336907262077,0.002436792936266372,-0.0006532595794417691,-251.0,4.958573705891212,-0.04342137462536577,-0.391600702130771,-0.002661732102933634,0.3466843636363636,1.0,-0.0050000000000096,0.046666666666698,-0.0024999999999977,-0.0050000000000096,0.0789999999999999,0.1089999999999999,0.1051999999999999,0.0899,0.0606999999999999,-1.87970179906722,-1.88679245283018,0.4340268742779246,0.0,0.0,1.0,1.0,,,,0.0,0.0,0.0,0.0
2022-02-01,2022,1,2,0.0,0.0,0.0,0.0,0.0,0.0,0.0,0.0,0.0,0.0,0.0,0.0,0.0,0.0,0.0,0.0,0.0,0.0,0.0,0.0,-0.0235808285867893,1.0,0.0,0.0,,,,,,,0.0,0.0,0.0,0.0,0.0,0.0,0.0,0.0,0.0,0.0,0.0,0.0,0.0,0.0,0.0,0.0,0.0,0.0,0.0,0.0,0.0,0.0,0.0,0.0,0.0,0.0,0.0,0.0,0.0,0.0,0.0,0.0,0.0,0.0,0.0,0.0,0.0,0.0,,,,0.019911471548969707,0.16595565893883243,0.038632883599299096,2.0
2022-03-01,2022,1,3,0.09758264,-0.74763,0.09758264,0.0,0.0933366,0.00424604,-2.2151,12.32699,-1.05555,-0.52949,1.0,-0.33763,2.91835,-0.40022,-0.31105,1.0,0.0602136502174801,-0.0413833995527612,0.0247884813662145,1.0,0.0,0.0,0.1380723446666419,0.10208673598867893,0.255,0.050520563652721506,-0.09076877166801545,0.30000000000000004,0.23134495552148326,-0.09639695652173913,0.0,-0.01,-0.02,0.0675,0.1175,0.145,0.165,,-0.64097,0.11754276178556529,0.07883109871321876,0.05073354405671901,0.0398361434338637,0.1380725519334621,0.08118209511187358,255.0,5.052056365272151,-0.09076877166801545,-0.3902781902260516,0.2313449555214833,-0.1119314545454546,1.0,-0.02066666666667721,-0.03138271604938241,-0.0100000000000051,-0.0150000000000005,0.0289999999999999,0.036,0.0512999999999999,0.0201999999999999,-0.008,0.4452493976378761,0.429060126398794,-0.274458172979543,1.0,0.0,1.0,1.0,,,,-0.0893592203868756,-0.11034446521793193,-0.026677389428074842,1.0
2022-04-01,2022,2,4,0.0,0.0,0.0,0.0,0.0,0.0,0.0,0.0,0.0,0.0,0.0,0.0,0.0,0.0,0.0,0.0,0.0,0.0,0.0,0.0,0.0441606529581992,1.0,0.0,0.0,,,,,,,0.0,0.0,0.0,0.0,0.0,0.0,0.0,0.0,0.0,0.0,0.0,0.0,0.0,0.0,0.0,0.0,0.0,0.0,0.0,0.0,0.0,0.0,0.0,0.0,0.0,0.0,0.0,0.0,0.0,0.0,0.0,0.0,0.0,0.0,0.0,0.0,0.0,0.0,,,,0.0,0.0,0.0,0.0
2022-05-01,2022,2,5,-0.04078433,-0.14965,-0.0,-0.04078433,-0.01147572,-0.02930861,-2.07359,-2.18528,0.25828,-1.35635,1.0,-0.31606,-0.51735,0.09793,-0.79679,1.0,-0.0156848104747185,-0.0710295144545635,-0.0808480792292343,1.0,-0.0038640344391819,1.0,-0.023099156642146925,-0.046030038431318476,-0.059,0.047599580545677256,-0.05958778235274487,0.43999999999999995,0.157088633886592,-0.009985739130434766,0.0,-0.018,-0.02,-0.025,-0.0275,-0.0325,-0.0375,,-0.20051,-0.041631279670301,-0.04159038643639807,-0.02090691276954477,-0.003384100253960576,-0.02309933416497311,-0.04680882979982467,-59.0,4.801290140922632,-0.05958778235274487,-0.2183550322363037,0.157088633886592,-0.01047868181818185,1.0,-0.0172222222222228,-0.0727777777777806,-0.0150000000000005,-0.0450000000000017,-0.116999999999999,-0.137,-0.151,-0.109399999999999,-0.0526999999999997,2.287907236738371,2.332256907068532,-0.719956676884992,0.0,0.0,1.0,1.0,,,,-0.012738118237204686,-0.08698328581961157,-0.17650417790654616,2.0
2022-06-01,2022,2,6,0.2433427,-0.57809,0.2433427,0.0,0.1561151,0.0872276,12.643360000000001,10.15158,-1.96559,1.05596,2.0,1.92713,2.40333,-0.7452700000000001,0.62033,2.0,0.0498346795669658,-0.1368594720885227,-0.0712127989539281,1.0,0.0,0.0,0.09362621962445378,0.08842476909352513,0.072,0.04636957974662259,-0.11823386520822332,-0.030000000000000027,0.02992870669650749,0.03560830434782608,0.0,0.0215,0.04,0.08,0.0825,0.0925,0.065,,-0.00663,0.04410905296112705,0.031375338753387536,0.018190733335031458,0.008160278318441662,0.09362644638401534,0.08070659554387212,72.0,4.636957974662259,-0.1182338652082233,6.423709408298617e-05,0.02992870669650749,0.04817631818181815,1.0,0.039999999999992,-0.0450000000000017,0.019999999999996,0.0300000000000011,-0.1175,-0.141,-0.132099999999999,-0.123699999999999,-0.0842,1.321890301805316,1.359777129211993,-0.644139187189316,1.0,0.0,1.0,1.0,,,,-0.08656115335779131,0.13352446097906942,0.04364243384233411,1.0
2022-07-01,2022,3,7,-0.00456845,0.05081,-0.00456845,-0.0,-0.00531159,0.00074314,-1.49404,0.69245,-0.11848,0.19074,1.0,-0.22772,0.16393,-0.04492,0.11205,1.0,0.0025869192391683,-0.0565105967687972,-0.0514835972394172,1.0,0.0290004309412686,1.0,0.010118902056358707,0.002404164096846538,0.107,0.043780677855059125,-0.11380311764760087,-1.68,-0.10121054113795402,0.0005172173913043704,0.0,-0.002,-0.015,-0.0075,0.0,0.0075,0.005,,0.034562,0.0029129232535086346,0.0015581751791912725,0.00164683845491824,-0.0008244336812971932,0.01011879825477347,0.00064612993623046,107.0,4.378067785505912,-0.1138031176476009,-0.9196289721291613,-0.101210541137954,-0.01395740909090912,1.0,-0.0150000000000005,-0.04833333333335084,0.0,-0.0150000000000005,-0.0870000000000001,-0.0759999999999996,-0.0792000000000001,-0.0254000000000003,0.0073000000000003,1.541591132391403,1.527533316570279,-0.734017732151193,0.0,0.0,1.0,1.0,,,,0.0,0.0,0.0,0.0
2022-08-01,2022,3,8,0.0,0.0,0.0,0.0,0.0,0.0,0.0,0.0,0.0,0.0,0.0,0.0,0.0,0.0,0.0,0.0,0.0,0.0,0.0,0.0,-0.0347940829722613,1.0,0.0,0.0,,,,,,,0.0,0.0,0.0,0.0,0.0,0.0,0.0,0.0,0.0,0.0,0.0,0.0,0.0,0.0,0.0,0.0,0.0,0.0,0.0,0.0,0.0,0.0,0.0,0.0,0.0,0.0,0.0,0.0,0.0,0.0,0.0,0.0,0.0,0.0,0.0,0.0,0.0,0.0,,,,0.04076114287134035,-0.07431598967332702,-0.11850647846233976,2.0
2022-09-01,2022,3,9,0.09030611,-1.35205,0.09030611,0.0,0.12571088,-0.03540477,-3.64852,14.15849,-2.30285,-3.11619,1.0,-0.55611,3.35195,-0.87314,-1.83061,1.0,0.0545984437036182,-0.0197707768261687,0.0406218643787433,1.0,0.0,0.0,0.13455133728628854,0.1083528117910732,0.017,0.040304017077380294,0.050301057505208746,-1.3900000000000001,-0.08650473179860452,0.08624026086956521,0.0,-0.012,-0.035,0.0925,0.1225,0.14,0.1225,,-1.3793,0.096972702124328,0.05614530822614553,0.023686664197310105,-0.012065958825889688,0.1345516280700031,0.1184250921823904,17.0,4.030401707738029,0.05030105750520875,-0.7314488017245004,-0.08650473179860452,0.08474363636363634,1.0,-0.024999999999977,-0.03035714285714568,-0.0074999999999931,-0.0300000000000011,0.0498000000000002,0.0430000000000001,0.0415499999999999,-0.016,-0.0529000000000001,-1.25719968721376,-1.28912262698819,0.1460340926505115,1.0,0.0,1.0,1.0,,,,-0.16114965880207144,0.03811511395170007,0.1261701237679819,1.0
2022-10-01,2022,4,10,0.0,0.0,0.0,0.0,0.0,0.0,0.0,0.0,0.0,0.0,0.0,0.0,0.0,0.0,0.0,0.0,0.0,0.0,0.0,0.0,-0.0100750727972798,1.0,0.0,0.0,,,,,,,0.0,0.0,0.0,0.0,0.0,0.0,0.0,0.0,0.0,0.0,0.0,0.0,0.0,0.0,0.0,0.0,0.0,0.0,0.0,0.0,0.0,0.0,0.0,0.0,0.0,0.0,0.0,0.0,0.0,0.0,0.0,0.0,0.0,0.0,0.0,0.0,0.0,0.0,,,,0.0,0.0,0.0,0.0
2022-11-01,2022,4,11,-0.0791822,0.70408,-0.0791822,-0.0,-0.08154159,0.00235939,-0.13798,-8.61741,-0.49355,0.6053,1.0,-0.02103,-2.04012,-0.18713,0.35558,1.0,-0.0352110319013006,0.0898065179340842,0.046173666792791,1.0,-0.0237619252237269,1.0,-0.07880843414258092,-0.08074262199347175,0.008,0.03525424352642936,-0.06586427376914727,-0.35,-0.04506157361551999,0.16000547826086955,0.0,-0.005,-0.025,-0.065,-0.08,-0.09,-0.1,,0.65298,-0.09282096799457004,-0.07952533007224223,-0.047881415724859856,-0.007109911445754605,-0.07880877121534698,-0.08162017576612529,8.0,3.871125562075761,-0.06586427376914727,-0.01300661010186577,-0.04506157361551999,0.1655224545454545,1.0,-0.002678571428568964,-0.01602941176469132,-0.0024999999999977,-0.0099999999999909,0.0659999999999998,0.0770000000000008,0.0706999999999995,0.0651999999999999,0.0708000000000002,-1.77978840712383,-1.79648485634606,0.5640127531546096,0.0,0.0,1.0,1.0,,,,0.014517084642321711,-0.07713273161234527,-0.03226423658190567,2.0
2022-12-01,2022,4,12,0.09015119,-1.14497,0.09015119,0.0,0.11329518,-0.02314399,-0.24328,10.517,-0.29373,-2.23836,1.0,-0.03708,2.48984,-0.11137,-1.31493,1.0,0.0559239534651495,-0.0269867052761229,0.0345870491239119,1.0,0.0,0.0,0.09068972255496573,0.08363489608504017,0.063,0.032691009416245365,-0.0223279460598107,-0.98,-0.056465507794123404,-0.004903391304347819,0.0,-0.002,0.0,0.0125,0.08,0.1075,0.115,,-1.1263,0.07322509918563375,0.05167947558770343,0.030436058379261072,0.007355484541639395,0.0906897317747928,0.07899419882741279,63.0,3.269100941624536,-0.0223279460598107,-0.8137792091160627,-0.0564655077941234,-0.02281490909090912,1.0,-0.002279411764703694,8.442265795198867e-05,-0.0012499999999988,0.0025000000000119,0.0469000000000008,0.0459999999999993,0.0585000000000004,0.0102999999999999,-0.02,-1.49607767354735,-1.32058006788028,0.1390645974369537,1.0,0.0,1.0,1.0,,,,-0.0050074016726419915,-0.057943912179282214,-0.010168632020712111,1.0
2023-01-01,2023,1,1,0.0,0.0,0.0,0.0,0.0,0.0,0.0,0.0,0.0,0.0,0.0,0.0,0.0,0.0,0.0,0.0,0.0,0.0,0.0,0.0,0.0151013709787498,1.0,0.0,0.0,,,,,,,0.0,0.0,0.0,0.0,0.0,0.0,0.0,0.0,0.0,0.0,0.0,0.0,0.0,0.0,0.0,0.0,0.0,0.0,0.0,0.0,0.0,0.0,0.0,0.0,0.0,0.0,0.0,0.0,0.0,0.0,0.0,0.0,0.0,0.0,0.0,0.0,0.0,0.0,,,,0.0,0.0,0.0,0.0
2023-02-01,2023,1,2,0.01472846,0.13746,0.0,0.01472846,-0.00082591,0.01555437,-0.74031,1.74536,-0.4401,0.82348,1.0,-0.11284,0.41321,-0.16687,0.48376,1.0,0.0139685376889715,-0.0581735290751632,-0.0437392195702125,1.0,0.0275409877257605,1.0,0.02587085366418543,0.002579506386302218,0.018,0.031230904263976456,0.06224185878106958,-1.02,-0.0248304633286196,0.02641069565217392,0.0,-0.008,-0.0025,0.0025,0.0175,0.0225,0.0225,,0.12588,0.022807328913713003,0.016943270903463387,0.01126732572360375,0.01195781765597237,0.025870791784527,0.00759644699950579,18.0,2.978638515545207,0.06224185878106958,-0.7817820327775067,-0.0248304633286196,0.02529004545454543,1.0,-0.007777777777770622,-0.01543209876546716,-0.0074999999999931,-0.0100000000000051,-0.0487999999999999,-0.109499999999999,-0.1144,-0.108499999999999,-0.0750999999999999,1.678975704030925,1.707721604521163,-0.703291522193963,0.0,0.0,1.0,1.0,,,,0.029137364506703067,-0.03901684433093733,-0.08395404224856344,2.0
2023-03-01,2023,1,3,-0.04912098,0.28513,-0.04912098,-0.0,-0.0415491,-0.00757188,3.50106,-10.60763,2.55602,-0.42109,1.0,0.53364,-2.5113,0.96913,-0.24737,1.0,-0.018968499146777,-0.027233410177636,-0.0483543979139721,1.0,0.0,0.0,-0.05988289971870317,-0.05371864431440029,0.086,0.027353831391767613,0.0018879277042724851,-0.5299999999999999,-0.07367085244698668,-0.06773208695652175,0.0,0.012,0.04,-0.025,-0.065,-0.0775,-0.0975,,0.3929,-0.08984236350349724,-0.0630113456583646,-0.0330676985556109,-0.004622597716089499,-0.05988309944823337,-0.0561336882111166,86.0,2.735383139176761,0.001887927704272485,0.224637936513143,-0.07367085244698668,-0.07906390909090912,1.0,0.0344444444444131,0.007380952380961386,0.0099999999999909,0.0349999999999965,-0.0769999999999999,-0.161999999999999,-0.153399999999999,-0.140649999999999,-0.0583999999999997,0.0003750525073478,-0.0371931564592115,-0.768764399175461,1.0,0.0,1.0,1.0,,,,0.035044409116518384,0.016026997097775633,-0.0024175581077210792,1.0
2023-04-01,2023,2,4,0.0,0.0,0.0,0.0,0.0,0.0,0.0,0.0,0.0,0.0,0.0,0.0,0.0,0.0,0.0,0.0,0.0,0.0,0.0,0.0,-0.0226348561653091,1.0,0.0,0.0,,,,,,,0.0,0.0,0.0,0.0,0.0,0.0,0.0,0.0,0.0,0.0,0.0,0.0,0.0,0.0,0.0,0.0,0.0,0.0,0.0,0.0,0.0,0.0,0.0,0.0,0.0,0.0,0.0,0.0,0.0,0.0,0.0,0.0,0.0,0.0,0.0,0.0,0.0,0.0,,,,0.0,0.0,0.0,0.0
2023-05-01,2023,2,5,0.01839985,0.11806,0.0,0.01839985,0.00216568,0.01623417,1.42462,-0.67696,0.47328,0.61604,1.0,0.21714,-0.16027,0.17945,0.36189,1.0,0.0138099254816347,-0.0116848448937912,-0.0006937757292028902,1.0,-0.0192943376202628,1.0,0.031400188451878586,0.054357677825517314,0.006,0.02502035274136105,0.01197063429028411,-0.6200000000000001,-0.07762640489356709,-0.41827560869565206,0.0,0.016,0.02,0.025,0.0175,0.0225,0.02,,0.13852,0.009864293543504358,0.011987262009621249,0.012003259402612616,0.02361131399487964,0.03140019895024024,0.05028748871022065,6.0,2.502609602118966,0.01197063429028411,0.09561283388206743,-0.07762640489356709,-0.4079831818181818,1.0,0.01107142857143422,0.02781249999998756,0.0100000000000051,0.019999999999996,-0.0090000000000003,-0.0260000000000002,-0.0391999999999996,-0.0231499999999997,0.0038,-0.753444968258483,-0.771363143304808,-0.0315522732426828,0.0,0.0,1.0,1.0,,,,-0.0094397835745302,0.03556967968666952,-0.008907537108574667,2.0
2023-06-01,2023,2,6,0.09109378,-0.69926,0.09109378,0.0,0.08721019,0.00388359,-2.00207,13.59768,-1.12611,0.0058,1.0,-0.30516,3.21918,-0.42697,0.00341,1.0,0.0533067840037006,-0.0017210407441001,0.0531246816361503,1.0,0.0,0.0,0.09786363477098553,0.09674262445583902,0.144,0.025082965235281307,0.12345742305933705,-0.28,-0.040724969494894125,-0.2518505652173913,0.0,-0.01,-0.0125,0.0025,0.075,0.1225,0.145,,-0.72075,0.11574770258980785,0.09106403204997623,0.054933254834704924,0.024883194825589077,0.09786361082874621,0.08055814252297583,144.0,2.508296523528131,0.123457423059337,-0.4039901714070395,-0.04072496949489413,-0.2511050454545455,1.0,-0.01406250000001369,0.0,-0.0075000000000073,-0.0150000000000005,0.0770999999999997,0.1059999999999998,0.1146000000000002,0.0849999999999999,0.0407999999999999,-0.0892754060544899,-0.0971206581352833,0.2686183672674857,1.0,0.0,1.0,1.0,,,,0.187371356680753,-0.014335962478863522,-0.0835830878992896,1.0
2023-07-01,2023,3,7,0.00787234,0.08908,0.0,0.00787234,-0.00137139,0.00924373,0.02107,0.45223,-0.67519,0.30819,1.0,0.00321,0.10706,-0.256,0.18105,1.0,0.0121440077258754,-0.0241384755625594,-0.0138610892133122,1.0,0.0036729939570757,1.0,0.014124286346945524,0.005305221391982707,-0.021,0.023861691517538475,0.10073069348313979,0.11999999999999988,0.01679620473216925,-0.025343217391304358,0.0,0.0,-0.0025,-0.0025,0.005,0.01,0.0075,,0.081784,0.004019215706751606,0.0,0.0,-0.0009676188399476668,0.0141242012130224,0.00128037421987261,-21.0,2.386169151753847,0.1007306934831398,-0.2980538498323222,0.01679620473216925,-0.0182380454545455,1.0,0.0049999999999954,-0.002499999999997699,0.0024999999999977,0.0049999999999954,-0.0313499999999997,-0.0519999999999996,-0.0602,-0.0541,-0.0295999999999998,0.0411592192260749,0.0327296530656775,-0.217301120088499,0.0,0.0,1.0,1.0,,,,0.0,0.0,0.0,0.0
2023-08-01,2023,3,8,0.0,0.0,0.0,0.0,0.0,0.0,0.0,0.0,0.0,0.0,0.0,0.0,0.0,0.0,0.0,0.0,0.0,0.0,0.0,0.0,-0.0029458322170108,1.0,0.0,0.0,,,,,,,0.0,0.0,0.0,0.0,0.0,0.0,0.0,0.0,0.0,0.0,0.0,0.0,0.0,0.0,0.0,0.0,0.0,0.0,0.0,0.0,0.0,0.0,0.0,0.0,0.0,0.0,0.0,0.0,0.0,0.0,0.0,0.0,0.0,0.0,0.0,0.0,0.0,0.0,,,,-0.050390501432232754,-0.053474120887262416,0.0230994783562762,2.0
2023-09-01,2023,3,9,0.07062762,-0.17053,0.07062762,0.0,0.04547433,0.02515329,-0.7655,6.47827,-0.39773,0.74869,1.0,-0.11668,1.5337,-0.1508,0.43982,1.0,0.0459180509520154,0.0021178067470512,0.0507535556803242,1.0,0.0,0.0,0.08688552686660307,0.09243600886303543,0.017,0.02027825198777755,0.004083529636140781,0.48,0.044338308591383324,-0.012051695652173918,0.0,-0.002,0.0,0.0325,0.0625,0.0975,0.1075,,-0.19486,0.0714293174578307,0.05777007117276394,0.036750488532345985,0.016690699922354096,0.08688559094996762,0.08675408195851157,17.0,2.027825198777755,0.004083529636140781,0.4412715688349635,0.04433830859138332,-0.01310468181818186,1.0,0.0,0.005172413793113379,0.0,0.0,0.05485,0.0810000000000004,0.0791000000000003,0.0607000000000006,0.0300000000000002,-0.568137117167735,-0.617352614015572,0.4295327638047085,1.0,0.0,1.0,1.0,,,,-0.1143877286442894,0.03951539186109467,0.03730833829847438,1.0
2023-10-01,2023,4,10,0.0,0.0,0.0,0.0,0.0,0.0,0.0,0.0,0.0,0.0,0.0,0.0,0.0,0.0,0.0,0.0,0.0,0.0,0.0,0.0,-0.0021679552002058,1.0,0.0,0.0,,,,,,,0.0,0.0,0.0,0.0,0.0,0.0,0.0,0.0,0.0,0.0,0.0,0.0,0.0,0.0,0.0,0.0,0.0,0.0,0.0,0.0,0.0,0.0,0.0,0.0,0.0,0.0,0.0,0.0,0.0,0.0,0.0,0.0,0.0,0.0,0.0,0.0,0.0,0.0,,,,0.0,0.0,0.0,0.0
2023-11-01,2023,4,11,-0.0155885,0.01259,-0.0155885,-0.0,-0.00854439,-0.00704411,-0.26106,-1.03961,0.33317,-0.15158,1.0,-0.03979,-0.24612,0.12632,-0.08904,1.0,-0.0023386569039517,-0.034128386858127,-0.0305440624452747,1.0,-0.0059711799071779,1.0,-0.006228830386426104,0.028082272331722086,0.166,0.018891621249686352,-0.09004617470823106,0.78,-0.004143170624863579,-0.12809665217391303,0.0,-0.003,-0.0075,-0.015,-0.015,-0.015,-0.0125,,0.035479,-0.015098172323759792,-0.014365136949029566,-0.008502528901734105,0.0,-0.006228968175476019,0.006847026559492148,166.0,2.01874664760755,-0.09004617470823106,1.101427442958965,-0.004143170624863579,-0.1446784090909091,1.0,-0.002586206896549345,-0.03257662835250971,-0.0024999999999977,-0.0200000000000102,-0.0542999999999995,-0.072,-0.0759500000000006,-0.0724,-0.0442,0.7300752763915911,0.739076450067995,-0.257035770032438,0.0,0.0,1.0,1.0,,,,-0.00692398573870756,0.02559309101533375,-0.03478175788718692,2.0
2023-12-01,2023,4,12,-0.09202567,0.66225,-0.09202567,-0.0,-0.08547101,-0.00655466,-0.34065,-12.81928,-0.87457,-0.77912,1.0,-0.05192,-3.0349,-0.3316,-0.45769,1.0,-0.0456069397870581,-0.0367478309627361,-0.0849103191501841,1.0,0.0,0.0,-0.08187429841037766,-0.043506098454467367,0.014,0.018376383602099366,0.03422462214015809,0.030000000000000027,-0.0936964390629873,-0.43447469565217395,0.0,-0.001,0.0,-0.00625,-0.065,-0.1225,-0.16,,0.62847,-0.13741777174480527,-0.11672512502545765,-0.08011426229088206,-0.06026237666643044,-0.08186079481065965,-0.05692176943725888,14.0,1.837638360209937,0.03422462214015809,0.2709579885070916,-0.0936964390629873,-0.4511244545454546,1.0,-0.004305555555551594,-0.0249999999999914,-0.0024999999999977,0.0,-0.160499999999999,-0.203999999999999,-0.1992,-0.177799999999999,-0.1157,0.9491777165489784,0.9252286175363098,-0.858542595070127,1.0,0.0,1.0,1.0,,,,0.0035744407888325612,-0.03466505369376204,0.0492335818703468,1.0
2024-01-01,2024,1,1,0.01947651,-0.30595,0.01947651,0.0,0.02796736,-0.00849085,0.18267,1.62139,0.2989,-0.77145,1.0,0.02784,0.38386,0.11333,-0.45319,1.0,0.0189201193360325,0.0189564115305212,0.0323044931962838,1.0,0.0098218213991577,1.0,,,,,,,,,,,,,,,,,,,,,,,,,,,,,,,0.0025000000000119,0.05886363636363699,0.0,0.0025000000000119,0.0365999999999999,0.0300000000000002,0.0205000000000001,0.0259,0.0226999999999999,-0.60605317073768,-0.60528992878942,0.4092485325170958,0.0,0.0,1.0,1.0,,,,0.0,0.0,0.0,0.0
2024-02-01,2024,1,2,0.0,0.0,0.0,0.0,0.0,0.0,0.0,0.0,0.0,0.0,0.0,0.0,0.0,0.0,0.0,0.0,0.0,0.0,0.0,0.0,-0.0076881845944876,1.0,,,,,,,,,,,,,,,,,,,,,,,,,,,,,,,0.0,0.0,0.0,0.0,0.0,0.0,0.0,0.0,0.0,0.0,0.0,0.0,0.0,0.0,0.0,0.0,,,,-0.004095304157903526,0.03239510475996015,-0.010590122680706464,2.0
2024-03-01,2024,1,3,-0.02610195,0.23831,-0.02610195,-0.0,-0.02724996,0.00114801,0.0568,-3.2787,1.7154,0.64316,1.0,0.00866,-0.77622,0.65041,0.37783,1.0,-0.0079354003686568,-0.0214890333648613,-0.0288416835397616,1.0,0.0,0.0,,,,,,,,,,,,,,,,,,,,,,,,,,,,,,,-0.007045454545448064,-0.01009848484849033,-0.0024999999999977,-0.0049999999999954,-0.0506000000000002,-0.0449999999999999,-0.0594999999999998,-0.0319000000000002,-0.0079000000000002,0.954608740853672,0.9451073985680192,-0.461955998691128,1.0,0.0,1.0,1.0,,,,-0.004717959304194043,-0.023737121574117205,-0.01233361542780477,1.0
2024-04-01,2024,2,4,0.0,0.0,0.0,0.0,0.0,0.0,0.0,0.0,0.0,0.0,0.0,0.0,0.0,0.0,0.0,0.0,0.0,0.0,0.0,0.0,0.0090134867204159,1.0,,,,,,,,,,,,,,,,,,,,,,,,,,,,,,,0.0,0.0,0.0,0.0,0.0,0.0,0.0,0.0,0.0,0.0,0.0,0.0,0.0,0.0,0.0,0.0,,,,0.0,0.0,0.0,0.0
2024-05-01,2024,2,5,-0.01111444,0.11812,-0.01111444,-0.0,-0.01259504,0.0014806,0.02115,-1.31576,-0.31292,0.07643,1.0,0.00322,-0.3115,-0.11865,0.0449,1.0,0.0044794364922351,-0.0198541426890946,-0.0163818530672633,1.0,0.0079721303984808,1.0,,,,,,,,,,,,,,,,,,,,,,,,,,,,,,,0.0,-0.008333333333325666,0.0,-0.0049999999999954,-0.0375000000000005,-0.0579999999999998,-0.0646000000000004,-0.0514000000000001,-0.0247999999999999,1.069542665268071,0.9796645391123644,-0.222199207238425,0.0,0.0,1.0,1.0,,,,0.004036381683421219,-0.03332433533241664,-0.029909442453447406,2.0
2024-06-01,2024,2,6,0.02119383,-0.01564,0.02119383,0.0,0.01152878,0.00966505,0.00381,1.53629,-0.13808,0.2911,1.0,0.00058,0.36371,-0.05235,0.17101,1.0,0.0181832960984421,0.0168593829263958,0.0330895256389631,1.0,0.0,0.0,,,,,,,,,,,,,,,,,,,,,,,,,,,,,,,0.0,0.0150000000000005,0.0,0.0049999999999954,0.0448500000000002,0.0650000000000003,0.0609000000000001,0.0595999999999996,0.0543999999999993,-0.255858553216084,-0.248275862068965,0.3593020916172427,1.0,0.0,1.0,1.0,,,,-0.02526307189205257,-0.022105065121866788,-0.03287776402143205,1.0
2024-07-01,2024,3,7,0.01803201,0.13364,0.0,0.01803201,0.00105347,0.01697854,0.29322,0.88461,-0.11764,0.82167,1.0,0.04469,0.20943,-0.0446,0.48269,1.0,0.0166003765086113,-0.0508245174558246,-0.0303010106069866,1.0,-0.0003507274441492974,1.0,,,,,,,,,,,,,,,,,,,,,,,,,,,,,,,0.0,-0.02500000000001275,0.0,0.0,-0.0553499999999997,-0.0794999999999994,-0.0701999999999998,-0.0574000000000003,-0.0327999999999999,-0.0116924080922254,-0.0270112096520055,-0.187048565481393,0.0,0.0,1.0,1.0,,,,0.0,0.0,0.0,0.0
2024-08-01,2024,3,8,0.0,0.0,0.0,0.0,0.0,0.0,0.0,0.0,0.0,0.0,0.0,0.0,0.0,0.0,0.0,0.0,0.0,0.0,0.0,0.0,-0.014289662880081,1.0,,,,,,,,,,,,,,,,,,,,,,,,,,,,,,,0.0,0.0,0.0,0.0,0.0,0.0,0.0,0.0,0.0,0.0,0.0,0.0,0.0,0.0,0.0,0.0,,,,-0.04697865555896201,-0.05063268497214514,-0.005382183170394322,2.0
2024-09-01,2024,3,9,-0.13182738,0.37888,-0.13182738,-0.0,-0.08848811,-0.04333927,-11.86398,-3.73544,1.5733,-0.1898,1.0,-1.80833,-0.88434,0.59653,-0.1115,1.0,-0.071525478275461,0.0355287146539462,-0.045201730655822,1.0,0.0,0.0,,,,,,,,,,,,,,,,,,,,,,,,,,,,,,,-0.1187499999999985,-0.08777173913043367,-0.0474999999999994,-0.109999999999999,-0.0715499999999997,-0.036,-0.0335,-0.0035000000000002,0.0169000000000001,0.2740367475296752,0.2791934411699535,-0.0168602287040394,1.0,0.0,1.0,1.0,,,,0.04082589620593121,0.0518306490889047,0.01359694799870115,1.0
2024-10-01,2024,4,10,0.0,0.0,0.0,0.0,0.0,0.0,,,,,,,,,,,0.0,0.0,0.0,0.0,-0.0003749467111190841,1.0,,,,,,,,,,,,,,,,,,,,,,,,,,,,,,,0.0,0.0,0.0,0.0,0.0,0.0,0.0,0.0,0.0,0.0,0.0,0.0,0.0,0.0,0.0,0.0,,,,0.0,0.0,0.0,0.0
2024-11-01,2024,4,11,0.01452825,0.01338,0.0,0.01452825,0.00646692,0.00806133,,,,,,,,,,,0.0144191261070337,-5.8023071541159535e-05,0.0148396600926182,1.0,0.0010679160489728,1.0,,,,,,,,,,,,,,,,,,,,,,,,,,,,,,,0.0,0.0,0.0,0.0,0.0109999999999992,0.00999999999999978,0.00209999999999954,-0.0104999999999995,-0.0253000000000005,0.3035822707953763,0.262806607708993,-0.0574767698055391,0.0,0.0,1.0,1.0,,,,-0.0009988483121593436,0.03926445051776723,0.0019521565068506075,2.0
2024-12-01,2024,4,12,0.08412838,-0.80971,0.08412838,0.0,0.09030832,-0.00617994,,,,,,,,,,,0.0542792646181418,0.0167510545853898,0.0727757238028797,1.0,0.0,0.0,,,,,,,,,,,,,,,,,,,,,,,,,,,,,,,-0.01192307692309981,0.019999999999996,-0.0050000000000096,-0.0099999999999909,0.0875000000000003,0.1265,0.1289000000000006,0.1457999999999994,0.1051000000000002,-2.0300724589861,-2.02390766694146,1.109418373164611,1.0,0.0,1.0,1.0,,,,-0.018366416428749952,-0.03271367895365933,-0.009086843156757339,1.0
2025-01-01,2025,1,1,0.02014315,-0.35946,0.02014315,0.0,0.03148892,-0.01134577,,,,,,,,,,,0.0179005380773735,-0.0011469962686457,0.0131810814442536,1.0,-0.0079281715145921,1.0,,,,,,,,,,,,,,,,,,,,,,,,,,,,,,,0.0049999999999954,0.017916666666687,0.0,0.0049999999999954,0.0120000000000004,0.0060000000000002,0.0069999999999996,-0.0020000000000006,-0.0070000000000005,0.2502090595219464,0.243028380771924,0.039830673323644,0.0,0.0,1.0,1.0,,,,0.0,0.0,0.0,0.0
2025-02-01,2025,1,2,0.0,0.0,0.0,0.0,0.0,0.0,,,,,,,,,,,0.0,0.0,0.0,0.0,-0.0074838537522604,1.0,,,,,,,,,,,,,,,,,,,,,,,,,,,,,,,0.0,0.0,0.0,0.0,0.0,0.0,0.0,0.0,0.0,0.0,0.0,0.0,0.0,0.0,0.0,0.0,,,,0.004468060611448389,-0.08139735386425838,0.025509973216458363,2.0
2025-03-01,2025,1,3,-0.04014397,0.37776,-0.04014397,-0.0,-0.04257968,0.00243571,,,,,,,,,,,-0.0154469207778876,-0.0209109530238825,-0.0387260484418999,1.0,0.0,0.0,,,,,,,,,,,,,,,,,,,,,,,,,,,,,,,0.0,-0.0129166666666732,0.0,0.0049999999999954,-0.0581999999999993,-0.0969999999999999,-0.1029999999999997,-0.0899999999999998,-0.0685000000000002,0.8119151834169205,0.8022694029519968,-0.2666615323892691,1.0,0.0,1.0,1.0,,,,0.010742165987808779,0.010963708986729001,0.012385121016927946,1.0
2025-04-01,2025,2,4,0.0,0.0,0.0,0.0,0.0,0.0,,,,,,,,,,,0.0,0.0,0.0,0.0,0.0506906968401244,1.0,,,,,,,,,,,,,,,,,,,,,,,,,,,,,,,0.0,0.0,0.0,0.0,0.0,0.0,0.0,0.0,0.0,0.0,0.0,0.0,0.0,0.0,0.0,0.0,,,,0.0,0.0,0.0,0.0
2025-05-01,2025,2,5,-0.0244996,-0.48466,-0.0,-0.0244996,0.01662721,-0.04112681,,,,,,,,,,,-0.0073239336682679,0.0172479835544585,0.0052111798401117,1.0,-0.0018723815756648,1.0,,,,,,,,,,,,,,,,,,,,,,,,,,,,,,,0.0,0.0062499999999943,0.0,0.0024999999999977,-0.0007999999999999,-0.0128999999999996,-0.0139999999999997,-0.016,-0.0120000000000004,-0.4235091136279664,-0.3061224489795918,0.1968029560607257,0.0,0.0,1.0,1.0,,,,0.017577445502648684,0.08857939713494274,0.015533385417615994,2.0
2025-06-01,2025,2,6,-0.02629105,-0.10658,-0.0,-0.02629105,-0.00679528,-0.01949577,,,,,,,,,,,-0.0079372751793115,0.014417852917147,0.0029281074918111,1.0,0.0,0.0,,,,,,,,,,,,,,,,,,,,,,,,,,,,,,,0.0062499999999943,0.0049999999999954,0.0024999999999977,0.0049999999999954,-0.0116000000000004,0.0020000000000002,0.0,0.0129999999999999,0.0119999999999995,-0.3023299987336885,-0.324810527192471,0.2506963788300859,1.0,0.0,1.0,1.0,,,,-0.003454807887583746,-0.019717634764969,-0.007926394059200169,1.0
2025-07-01,2025,3,7,-0.00774841,-0.03987,-0.0,-0.00774841,-0.00149867,-0.00624974,,,,,,,,,,,0.001134018540652,0.0565660423445186,0.048133949640112,1.0,0.0014059260533626,1.0,,,,,,,,,,,,,,,,,,,,,,,,,,,,,,,0.0049999999999954,0.0396153846154141,0.0,0.0049999999999954,0.0571999999999999,0.0496999999999996,0.0539999999999998,0.0329999999999999,0.0140000000000002,-0.6942639455611769,-0.7049659201557936,0.4445696123594448,0.0,0.0,1.0,1.0,,,,0.0,0.0,0.0,0.0
2025-08-01,2025,3,8,0.0,0.0,0.0,0.0,0.0,0.0,,,,,,,,,,,0.0,0.0,0.0,0.0,0.0132825065652229,1.0,,,,,,,,,,,,,,,,,,,,,,,,,,,,,,,0.0,0.0,0.0,0.0,0.0,0.0,0.0,0.0,0.0,0.0,0.0,0.0,0.0,0.0,0.0,0.0,,,,-0.003793013882505807,0.0423322621842224,0.018682242982559317,2.0
2025-09-01,2025,3,9,-0.05683919,-0.04621,-0.0,-0.05683919,-0.02566631,-0.03117288,,,,,,,,,,,-0.0231232632821425,0.0243121691408112,-0.0042059953880416,1.0,0.0,0.0,,,,,,,,,,,,,,,,,,,,,,,,,,,,,,,0.011538461538451,-0.0249999999999914,0.0049999999999954,0.0099999999999909,-0.0214999999999996,-0.0114,-0.0130000000000003,0.0,0.0069999999999996,0.1787235590697274,0.1628664495114006,0.0816807626294934,1.0,0.0,1.0,1.0,,,,-0.005146702228220059,-0.022361578037193852,-0.0205787552208845,1.0
2025-10-01,2025,4,10,0.0060758,-0.06436,0.0060758,0.0,0.0068726,-0.0007968,,,,,,,,,,,0.0111799802700294,0.0724529359822489,0.0693411347656589,1.0,0.0057050624947779,1.0,,,,,,,,,,,,,,,,,,,,,,,,,,,,,,,0.0300000000000011,0.0816666666666837,0.0,0.0300000000000011,0.0891999999999999,0.0752000000000001,0.0810000000000004,0.068,0.0499999999999998,-0.4035796515921614,-0.3928211042237278,0.5354738791995186,0.0,0.0,1.0,1.0,,,,0.0,0.0,0.0,0.0
2025-11-01,2025,4,11,0.0,0.0,0.0,0.0,0.0,0.0,,,,,,,,,,,0.0,0.0,0.0,0.0,0.0185909331221052,1.0,,,,,,,,,,,,,,,,,,,,,,,,,,,,,,,0.0,0.0,0.0,0.0,0.0,0.0,0.0,0.0,0.0,0.0,0.0,0.0,0.0,0.0,0.0,0.0,,,,0.029692824546903984,-0.026836300947473562,-0.03328242702576915,2.0
2025-12-01,2025,4,12,-0.01264108,0.29536,-0.01264108,-0.0,-0.02391868,0.0112776,,,,,,,,,,,-0.0015813331055627,-0.0061920603992646,-0.0113065834319017,1.0,-0.0018723815756712,1.0,,,,,,,,,,,,,,,,,,,,,,,,,,,,,,,-0.0036904761904938,-0.0049999999999954,-0.0025000000000119,0.0,-0.0249999999999999,-0.0322,-0.0540000000000002,-0.0459999999999998,-0.0270000000000001,0.8099711246756042,0.8143144056965492,-0.3132578819725021,1.0,0.0,1.0,1.0,,,,0.024315045805259977,0.004351895451409397,0.051341404052617945,1.0
2026-01-01,2026,1,1,0.00390433,-0.01791,0.00390433,0.0,0.00301928,0.00088505,,,,,,,,,,,0.0081354499044253,0.001775996855969,0.0079336011593464,1.0,0.0,0.0,,,,,,,,,,,,,,,,,,,,,,,,,,,,,,,0.0,0.0,0.0,0.0,0.0054000000000002,0.0036999999999998,-0.0019999999999997,-0.0070000000000001,-0.0100000000000006,0.0811739532002021,0.0749839320145683,-0.2462722860897543,0.0,0.0,1.0,1.0,,,,0.0,0.0,0.0,0.0
2026-02-01,2026,1,2,0.0,0.0,0.0,0.0,0.0,0.0,,,,,,,,,,,0.0,0.0,0.0,0.0,-0.0022726024960734,1.0,,,,,,,,,,,,,,,,,,,,,,,,,,,,,,,0.0,0.0,0.0,0.0,0.0,0.0,0.0,0.0,0.0,0.0,0.0,0.0,0.0,0.0,0.0,0.0,,,,-0.010097873979118821,-0.050402525408927853,-0.0604153439456876,2.0
2026-03-01,2026,1,3,-0.00977435,-0.1109,-0.0,-0.00977435,0.00172047,-0.01149482,,,,,,,,,,,0.0003794577142226594,0.0319337252102498,0.0295693622479793,1.0,0.0,0.0,,,,,,,,,,,,,,,,,,,,,,,,,,,,,,,0.0,0.0100000000000051,0.0,0.0049999999999954,0.0290999999999996,0.0405000000000002,0.0430000000000001,0.0429999999999997,0.0309999999999996,-0.5067662512562422,-0.5056747949207776,0.3196456842822527,1.0,0.0,1.0,1.0,,,,,,,
2026-04-01,2026,2,4,,,,,,,,,,,,,,,,,0.0180655800496711,0.0054225346907951,0.0220305674999668,1.0,0.0155495744689245,1.0,,,,,,,,,,,,,,,,,,,,,,,,,,,,,,,0.0024999999999977,-0.0032692307692277,0.0,0.0024999999999977,0.0213,0.0276999999999998,0.0230000000000001,0.0190000000000001,0.0120000000000004,0.0628544330614256,0.027941741469037,0.0981225216476576,0.0,0.0,1.0,1.0,,,,,,,
