date,year,quarter,month,jk_pc1_hf,jk_SP500_hf,jk_MP_pm,jk_CBI_pm,jk_MP_median,jk_CBI_median,ident_bp_u1,ident_bp_u2,ident_bp_u3,ident_bp_u4,ident_bp_event_count,ident_s_u1,ident_s_u2,ident_s_u3,ident_s_u4,ident_s_event_count,mps_STMT,mps_PC,mps_ME,mps_event_count,mps_minutes_MIN,mps_minutes_event_count,bs_m_MPS,bs_m_MPS_ORTH_x,bs_m_NFP_SURP,bs_m_NFP_12M,bs_m_SP500_3M,bs_m_SLOPE_3M,bs_m_BCOM_3M,bs_m_TR_SKEW,bs_fomc_Unscheduled,bs_fomc_FF1,bs_fomc_FF2,bs_fomc_ED1,bs_fomc_ED2,bs_fomc_ED3,bs_fomc_ED4,bs_fomc_SP500,bs_fomc_SP500 emini,bs_fomc_TNOTE02,bs_fomc_TNOTE05,bs_fomc_TNOTE10,bs_fomc_TBOND,bs_fomc_MPS,bs_fomc_MPS_ORTH,bs_fomc_NFP_SURP,bs_fomc_NFP_12M,bs_fomc_SP500_3M,bs_fomc_SLOPE_3M,bs_fomc_BCOM_3M,bs_fomc_TR_SKEW,bs_fomc_event_count,usmpd_me_MP1,usmpd_me_MP2,usmpd_me_FF1,usmpd_me_FF2,usmpd_me_OIS1Y,usmpd_me_OIS2Y,usmpd_me_UST2Y,usmpd_me_UST5Y,usmpd_me_UST10Y,usmpd_me_SP500,usmpd_me_SPFUT,usmpd_me_DXY,usmpd_me_SEP,usmpd_me_Unscheduled,usmpd_me_PC,usmpd_me_event_count,bs_m_MPS_ORTH_y,uk_Target,uk_Path,uk_QE,uk_event_count,bs_m_MPS_ORTH,rr_resid_romer,rr_resid_full
1969-01-01,1969,1,1,,,,,,,,,,,,,,,,,,,,,,,,,,,,,,,,,,,,,,,,,,,,,,,,,,,,,,,,,,,,,,,,,,,,,1.009535993883,,,,,1.009535993883,1.0118353217840195,1.0977281802333891
1970-01-01,1970,1,1,,,,,,,,,,,,,,,,,,,,,,,,,,,,,,,,,,,,,,,,,,,,,,,,,,,,,,,,,,,,,,,,,,,,,-2.2652917688109997,,,,,-2.2652917688109997,-2.268743551336229,-2.1261103032156825
1971-01-01,1971,1,1,,,,,,,,,,,,,,,,,,,,,,,,,,,,,,,,,,,,,,,,,,,,,,,,,,,,,,,,,,,,,,,,,,,,,-1.665894259587,,,,,-1.665894259587,-1.6620831456966698,-1.6443127058446407
1972-01-01,1972,1,1,,,,,,,,,,,,,,,,,,,,,,,,,,,,,,,,,,,,,,,,,,,,,,,,,,,,,,,,,,,,,,,,,,,,,-0.32790743410800005,,,,,-0.32790743410800005,-0.5233697462826967,-0.6356886569410563
1973-01-01,1973,1,1,,,,,,,,,,,,,,,,,,,,,,,,,,,,,,,,,,,,,,,,,,,,,,,,,,,,,,,,,,,,,,,,,,,,,-0.013325333719999777,,,,,-0.013325333719999777,-0.01103857159614563,-0.31856489926576614
1974-01-01,1974,1,1,,,,,,,,,,,,,,,,,,,,,,,,,,,,,,,,,,,,,,,,,,,,,,,,,,,,,,,,,,,,,,,,,,,,,1.0673603692229998,,,,,1.0673603692229998,1.0696141310036182,0.7939630225300789
1975-01-01,1975,1,1,,,,,,,,,,,,,,,,,,,,,,,,,,,,,,,,,,,,,,,,,,,,,,,,,,,,,,,,,,,,,,,,,,,,,-1.3216801191820002,,,,,-1.3216801191820002,-1.3250506892800331,-1.3334094807505608
1976-01-01,1976,1,1,,,,,,,,,,,,,,,,,,,,,,,,,,,,,,,,,,,,,,,,,,,,,,,,,,,,,,,,,,,,,,,,,,,,,-1.3011098539609998,,,,,-1.3011098539609998,-1.297653703019023,-1.3776419591158628
1977-01-01,1977,1,1,,,,,,,,,,,,,,,,,,,,,,,,,,,,,,,,,,,,,,,,,,,,,,,,,,,,,,,,,,,,,,,,,,,,,-0.9865817106570001,,,,,-0.9865817106570001,-0.9869918506592512,-1.2411074563860893
1978-01-01,1978,1,1,,,,,,,,,,,,,,,,,,,,,,,,,,,,,,,,,,,,,,,,,,,,,,,,,,,,,,,,,,,,,,,,,,,,,-0.20136113949599999,,,,,-0.20136113949599999,-0.20236602425575256,-0.471098898909986
1979-01-01,1979,1,1,,,,,,,,,,,,,,,,,,,,,,,,,,,,,,,,,,,,,,,,,,,,,,,,,,,,,,,,,,,,,,,,,,,,,0.9255498172509998,,,,,0.9255498172509998,0.927399717271328,0.8616578355431557
1980-01-01,1980,1,1,,,,,,,,,,,,,,,,,,,,,,,,,,,,,,,,,,,,,,,,,,,,,,,,,,,,,,,,,,,,,,,,,,,,,1.054547658803,,,,,1.054547658803,1.055101907812059,1.3942867517471313
1981-01-01,1981,1,1,,,,,,,,,,,,,,,,,,,,,,,,,,,,,,,,,,,,,,,,,,,,,,,,,,,,,,,,,,,,,,,,,,,,,-0.44295003702700003,,,,,-0.44295003702700003,-0.4402652233839035,-0.488134041428566
1982-01-01,1982,1,1,,,,,,,,,,,,,,,,,,,,,,,,,,,,,,,,,,,,,,,,,,,,,,,,,,,,,,,,,,,,,,,,,,,,,0.656273919042,,,,,0.656273919042,0.655938845127821,0.5404162704944611
1983-01-01,1983,1,1,,,,,,,,,,,,,,,,,,,,,,,,,,,,,,,,,,,,,,,,,,,,,,,,,,,,,,,,,,,,,,,,,,,,,0.3945428843539999,,,,,0.3945428843539999,0.3953303098678589,0.3815801441669464
1984-01-01,1984,1,1,,,,,,,,,,,,,,,,,,,,,,,,,,,,,,,,,,,,,,,,,,,,,,,,,,,,,,,,,,,,,,,,,,,,,-0.05874699158899993,,,,,-0.05874699158899993,-0.06064935773611069,-0.1626633475534618
1985-01-01,1985,1,1,,,,,,,,,,,,,,,,,,,,,,,,,,,,,,,,,,,,,,,,,,,,,,,,,,,,,,,,,,,,,,,,,,,,,0.24157054117100002,,,,,0.24157054117100002,0.23910768516361713,0.2785672079771757
1986-01-01,1986,1,1,,,,,,,,,,,,,,,,,,,,,,,,,,,,,,,,,,,,,,,,,,,,,,,,,,,,,,,,,,,,,,,,,,,,,-0.28838347014899995,,,,,-0.28838347014899995,-0.29103808091167593,-0.2219383381307125
1987-01-01,1987,1,1,,,,,,,,,,,,,,,,,,,,,,,,,,,,,,,,,,,,,,,,,,,,,,,,,,,,,,,,,,,,,,,,,,,,,0.1310507056990001,,,,,0.1310507056990001,0.12917178310453892,0.3304473105818033
1988-01-01,1988,1,1,,,,,,,,,,,,,,,,,,,,,,,0.02511028049522434,-0.056914283260711414,0.482,0.062214031619008736,0.03306936455626275,-0.9900000000000002,0.044822101569392814,0.9602134347826088,2.0,,,-4.336808689942018e-18,-0.025,-0.015,0.0,-0.1482690264594395,,,,-0.011923907380809937,-0.019085440712337656,0.025109943543341978,-0.07834475874555225,296.0,12.317848473245263,0.04378371082540244,-0.47605216536944406,0.08240766175825787,1.4880251363636363,4.0,,,,,,,,,,,,,,,,,0.47741700443699997,,,,,0.47741700443699997,0.47527143731713295,0.7267412785440683
1988-04-01,1988,2,4,,,,,,,,,,,,,,,,,,,,,,,0.2734728985715419,0.1619234705759741,-0.0315,0.09499039564066791,0.09108472799993006,-0.1900000000000004,0.1879743729042671,1.3007161304347825,9.0,,,0.16,0.175,0.17500000000000002,0.11500000000000964,-0.8373749087326121,,,,0.0415471218039736,0.043974462983899266,0.2734725481586818,0.05675420278037709,-401.0,37.90984322023796,0.03550318747106562,1.3244476766086986,0.6906474267241336,4.5112060000000005,12.0,,,,,,,,,,,,,,,,,,,,,,,,
1988-07-01,1988,3,7,,,,,,,,,,,,,,,,,,,,,,,0.26085284698022515,0.18015933530757808,0.011500000000000005,0.09613855906606616,0.08916590379097045,-1.8700000000000003,0.010081872304294137,0.6633147826086957,4.0,,,0.17500000000000002,0.19000000000000003,0.185,0.20249999999999813,-1.147677725781175,,,0.07331873683576082,0.08803433526638775,0.07788984150725439,0.2608529534392876,0.05462596965098869,323.5,22.408935555359832,0.21964232570848363,-4.009072922666609,0.19340663157124455,1.865451818181818,7.0,,,,,,,,,,,,,,,,,,,,,,,,
1988-10-01,1988,4,10,,,,,,,,,,,,,,,,,,,,,,,0.14693425314639388,0.09831723570318042,0.1855,0.06088042775749969,0.053892870879368004,-1.4899999999999998,-0.06268006666712456,0.5023491739130435,2.0,0.0,0.0,0.065,0.15000000000000002,0.11,0.09499999999998461,-0.2117394305786387,0.0,0.0,0.0812246109535302,0.05309762217778224,0.05242924589675946,0.14693422212578805,0.047103194686018035,371.5,12.311782478024291,0.08007204047355998,-2.3461099317710734,-0.15658305913699078,1.180776318181818,4.0,,,,,,,,,,,,,,,,,,,,,,,,
1989-01-01,1989,1,1,,,,,,,,,,,,,,,,,,,,,,,0.17403605947581263,0.04839257110726312,0.22849999999999998,0.09343352109015512,0.15901445822442373,-2.2700000000000005,0.15318554742826418,0.7665196086956522,7.0,,,0.06,0.09499999999999999,0.10500000000000001,0.0950000000000068,-0.3509329371770139,,,0.031696446834706175,0.029655785025612707,0.025784520299966765,0.17403558258426002,-0.1875728628602405,898.5,28.420902784978708,0.5745176514091774,-5.585853078271657,0.5238638769073534,2.2252022727272727,9.0,,,,,,,,,,,,,,,,,0.401950775671,,,,,0.401950775671,0.3988476134836674,0.45284947752952576
1989-04-01,1989,2,4,,,,,,,,,,,,,,,,,,,,,,,-0.050340342653824977,-0.10444856775761244,-0.202,0.056516427763478205,0.18157505439731203,-0.6100000000000001,0.014462822205405068,0.48714895652173906,1.0,0.0,0.0,-0.05,-0.065,-0.075,-0.0699999999999932,0.24637998438841177,0.0,0.0,-0.030183804910782826,-0.02532488533750729,-0.014814187337432607,-0.05034070415204091,-0.06911621678769732,-202.0,5.6516427763478205,0.18157505439731206,0.06682287590253821,0.014462822205405072,0.4828278181818181,2.0,,,,,,,,,,,,,,,,,,,,,,,,
1989-07-01,1989,3,7,,,,,,,,,,,,,,,,,,,,,,,-0.06772176751108844,-0.07943561695505677,-0.008500000000000002,0.04890603135355143,0.1453784000813112,-0.05,-0.06466433892569334,0.19730060869565222,3.0,0.0,0.0,-0.065,-0.115,-0.12,-0.1300000000000238,0.8093307419941631,0.0,0.0,-0.06993386363426318,-0.042372654259740704,-0.023712048319158505,-0.06772244738000308,-0.06278395654900173,-61.0,12.48687122657284,0.3976495389016321,1.4840408692184548,-0.32180663580692404,0.5800705909090909,5.0,,,,,,,,,,,,,,,,,,,,,,,,
1989-10-01,1989,4,10,,,,,,,,,,,,,,,,,,,,,,,0.05940246556757564,0.05095084686255659,0.165,0.062296895664891494,0.06348211023699601,0.04999999999999999,0.09030757216212937,-0.016638608695652216,5.0,,,0.009999999999999995,-0.015,-3.469446951953614e-18,-0.045000000000019885,1.2478692832080371,,,-0.02405096304293755,-0.0002360485765047272,0.02595997563394756,0.05940184667048199,0.019787473566922238,267.0,16.862847559972142,0.01541047780691421,-0.015667829801773614,0.2427530948089185,-0.3201967727272727,8.0,,,,,,,,,,,,,,,,,,,,,,,,
1990-01-01,1990,1,1,-0.02788713,-0.32781000000000005,0.0,-0.02788713,0.005588,-0.03347513,,,,,,,,,,,,,,,,,0.003968872730953813,0.019096407676032358,0.252,0.03723975382227174,-0.021087646414771122,0.9299999999999999,0.025435427002003408,0.16613830434782606,0.0,0.0,0.0,-0.010000000000000002,-0.005000000000000001,-0.005000000000000001,-0.035000000000001134,-0.47053999999999996,0.0,0.0,0.0018026459534023435,0.0022372573449236967,0.016566930334411048,0.003968677426366338,-0.015069070404238182,252.0,3.7239753822273522,-0.021087646414771115,0.3530176509006075,0.025435427002003408,0.1579009545454545,2.0,,,,,,,,,,,,,,,,,0.051599845952999934,,,,,0.051599845952999934,0.046910108998417854,0.22246889770030975
1990-04-01,1990,2,4,-0.01231886,0.05109,-0.01231886,0.0,-0.00920347,-0.00311539,,,,,,,,,,,,,,,,,-0.008308413293434772,-0.005215171066629801,-0.306,0.017290807945474995,0.06008494021547239,0.22999999999999998,0.01884461382823588,0.03512208695652174,0.0,0.0,0.0,-0.01,-0.025,-0.02,-0.01,0.21893,0.0,0.0,-0.011452011794920575,-0.0093811527014652,-0.01199232943076302,-0.008308540542225176,0.01371810040119391,-306.0,1.7290807945475,0.06008494021547239,0.1776991973494906,0.01884461382823588,0.04041622727272728,1.0,,,,,,,,,,,,,,,,,,,,,,,,
1990-07-01,1990,3,7,-0.07169805,0.22962,-0.07169805,0.0,-0.04953024,-0.022167810000000003,,,,,,,,,,,,,,,,,0.004221097563947418,0.01206742132786922,-0.2875,0.03288928547336312,-0.03920727633723331,0.24999999999999994,0.07493832909179154,0.17935243478260868,1.0,0.0,0.0,-0.025,-0.04,8.673617379884035e-19,-0.02,0.325607,0.0,0.0,-0.013266513513664133,-0.014126314147150517,-0.0061202544685842065,0.004220757478313958,0.03384959246254079,-347.5,5.0534073597690465,0.02892789765333159,1.0336178937250464,0.07313408117215389,0.3383756363636363,3.0,,,,,,,,,,,,,,,,,,,,,,,,
1990-10-01,1990,4,10,-0.15675063,-0.14895999999999998,-0.16108497000000002,0.004334339999999999,-0.06949999,-0.08725064,,,,,,,,,,,,,,,,,-0.03256134485596108,-0.029767400716296924,-0.28,0.02310349827654612,-0.1775406803803321,0.7000000000000002,0.07865610027203385,1.3419812608695654,2.0,,,-0.12500000000000003,-0.09,-0.08499999999999999,-0.09499999999999999,-0.18947100000000017,,,-0.08923216775005875,-0.01940263112033632,-0.022531222275342485,-0.032562443864184686,0.03446418309594432,-857.0,6.186716318123686,-0.3940852641016166,0.432310088065917,-0.04972602714517216,3.7767643636363637,8.0,,,,,,,,,,,,,,,,,,,,,,,,
1991-01-01,1991,1,1,-0.36013585,0.96836,-0.29337678,-0.06675907,-0.23776473999999997,-0.12237110999999999,-25.38667,7.08117,-9.49211,0.41602000000000006,6.0,-3.86949,1.6764199999999998,-3.59899,0.24441000000000002,6.0,,,,,,,-0.2407184077690902,-0.1911499457957107,-0.23199999999999998,-0.004645254623433459,0.2915964339362249,1.25,-0.41152771698061663,1.4138298695652172,4.0,,,-0.29,-0.31,-0.27,-0.24309999999999998,0.584543,,-0.02434836651498761,-0.10279436191600559,-0.09692215225865891,-0.04312112357634805,-0.24072000085548256,-0.11474342968510662,-769.0,-1.360099019980332,0.691141662730387,2.204717122142085,-0.8195324992210278,2.7338705909090915,6.0,,,,,,,,,,,,,,,,,0.259159679055,,,,,0.259159679055,0.258423525840044,0.3520824322476983
1991-04-01,1991,2,4,-0.18822546,0.39154000000000005,-0.18822546,0.0,-0.11744146000000001,-0.070784,-16.07759,6.380389999999999,-5.63043,-0.08001000000000003,3.0,-2.4505800000000004,1.5105199999999999,-2.13483,-0.04700999999999994,3.0,,,,,,,-0.12608180041547945,-0.09350050824032533,-0.049,-0.021888781713615302,0.14344767624737464,1.3999999999999997,-0.010624262966296705,0.5700140869565218,2.0,0.0,0.0,-0.15,-0.185,-0.145,-0.09499999999999999,0.40338999999999997,0.0,-0.11302117970983798,-0.080711379323693,-0.060343231434795586,-0.04010291284231286,-0.12608262953597688,-0.09584956467658348,-109.0,-3.1677774943471353,0.2533203696045928,1.4117796756870837,-0.005613934114930604,0.8647236818181819,3.0,,,,,,,,,,,,,,,,,,,,,,,,
1991-07-01,1991,3,7,-0.07675833,0.45613000000000004,-0.12947014999999998,0.05271182,-0.0655563,-0.011202030000000002,-11.441519999999999,5.89541,-2.7928100000000002,1.37545,5.0,-1.74394,1.3957100000000002,-1.0589300000000001,0.8079999999999999,5.0,,,,,,,-0.035586281952009594,0.03134602135024289,-0.20700000000000002,-0.03997660023659044,0.011840838324450154,0.10999999999999943,-0.037676452036211394,0.5318570869565218,3.0,,,-0.125,-0.08,-0.06499999999999999,-0.03,0.5271189999999999,,-0.06719106972390229,-0.012537778904166519,-0.0016741064329118928,0.009253431237550248,-0.035587133480484076,0.07093090753528541,-314.0,-6.602965007073358,0.04694153291010749,1.3562719239516157,-0.013272501848997642,0.7663562272727272,5.0,,,,,,,,,,,,,,,,,,,,,,,,
1991-10-01,1991,4,10,-0.40582447,0.42478,-0.47111002999999996,0.06528556,-0.22822146,-0.17760301,-46.143910000000005,11.06837,-7.876010000000001,-2.7546,8.0,-7.03333,2.62037,-2.98625,-1.6181999999999999,8.0,,,,,,,-0.29077772656500855,-0.2328701449236374,-0.243,-0.028652134700513088,0.024103834244548317,0.3799999999999999,0.09804827020562978,0.14973691304347828,4.0,,,-0.37,-0.37999999999999995,-0.315,-0.30500000000000005,0.682318,,-0.22975260005518944,-0.18211948991869772,-0.11324962724166383,-0.07350492980518566,-0.2907797751702077,-0.05607375797327929,-918.0,-7.5329980759297746,0.024157346541219482,4.035842699671953,0.01394382575309816,0.5079168636363637,8.0,,,,,,,,,,,,,,,,,,,,,,,,
1992-01-01,1992,1,1,0.00476498,0.03621,0.0,0.00476498,0.00022503,0.00453995,1.27533,0.90257,-1.24634,0.18495,1.0,0.19439,0.21368,-0.47256,0.10865,1.0,,,,,,,0.006400745723382798,0.033175396296675895,0.081,-0.0062920480974071324,0.05595378610603152,0.52,-0.053950804122185225,0.11530195652173914,0.0,0.0,0.0,0.0,-0.01,0.01,-0.01,0.04826,0.0,0.0047360347016504436,0.0,-0.008363789237668161,-0.0059393231078313955,0.006400662454748142,0.02049629324233254,81.0,-0.7705856115592269,0.05595378610603152,0.6223182026949288,-0.05395080412218523,0.1155559545454545,1.0,,,,,,,,,,,,,,,,,-0.513794447357,,,,,-0.513794447357,-0.5126328971236944,-0.19335087155923247
1992-04-01,1992,2,4,-0.25352837,0.56325,-0.25352837,0.0,-0.16032374,-0.09320463,-20.40327,-3.3744400000000003,0.79359,-0.57799,3.0,-3.10991,-0.7988799999999999,0.3008899999999999,-0.33953999999999995,3.0,,,,,,,-0.18058070977624205,-0.1530535884659178,0.191,-0.00041444411964164374,0.0025483018055103557,0.6800000000000002,0.058794635131810935,0.17815647826086956,1.0,0.0,0.0,-0.18000000000000002,-0.19,-0.19500000000000003,-0.22500000000000003,0.8307150000000001,0.0,-0.1144790886058221,-0.10758604733280004,-0.055363547994928486,-0.05300223092621376,-0.18058164050979,-0.16959729688641278,142.0,-0.4275434987915715,-0.05387755255166038,0.3117081100493513,0.10889439017863278,0.2624863636363637,3.0,,,,,,,,,,,,,,,,,,,,,,,,
1992-07-01,1992,3,7,-0.0708561,0.24186,-0.07160614,0.0007500400000000004,-0.04983855,-0.02101755,-5.915320000000001,4.17939,1.0010400000000002,1.70221,3.0,-0.90163,0.98944,0.37955,0.99997,3.0,,,,,,,0.04475177181869671,0.06405876060650813,-0.357,0.013899125069189111,0.05942739720060519,-0.3500000000000001,0.020448437656515495,0.347259,1.0,,,-0.01,0.015000000000000001,0.03,0.035,-0.08600650000000001,,0.02347642179774294,0.032277127760393015,0.036388511170896684,0.025526833707706947,0.0447515078730189,0.09345890935291731,-357.0,1.389912506918911,0.05942739720060519,0.7708134098320119,0.020448437656515505,0.33918636363636373,3.0,,,,,,,,,,,,,,,,,,,,,,,,
1992-10-01,1992,4,10,-0.01663035,-0.08068,-0.00675816,-0.00987219,-0.003508109999999999,-0.01312224,-1.1431899999999997,4.63107,-1.97803,0.17430999999999996,3.0,-0.17425000000000002,1.09638,-0.74999,0.10240000000000002,3.0,,,,,,,0.030591364050371647,0.0663863538700335,0.04,0.02183237383670722,0.02241797223339148,0.06000000000000005,-0.0714537789525238,0.3328028695652174,0.0,,,0.02,-0.025,0.01,0.01,0.04268999999999998,,0.026563500170466978,0.016869993016490708,-7.675950456915515e-05,-0.005705982693678674,0.030591175825389845,0.039972473881624615,40.0,2.183237383670722,0.02241797223339148,-0.48367582322391467,-0.0714537789525238,0.3360485,3.0,,,,,,,,,,,,,,,,,,,,,,,,
1993-01-01,1993,1,1,0.001073619999999999,-0.13571,0.00908292,-0.0080093,0.008622679999999999,-0.00754906,-0.024149999999999998,1.1907999999999999,0.6273,-0.09634000000000001,2.0,-0.00368,0.28192,0.23784,-0.0566,2.0,,,,,,,0.01632143372013368,-0.002505814425748789,0.216,0.028955710705247384,0.09605319194523343,-0.7899999999999996,-0.01032782843439417,0.24352113043478257,0.0,0.0,0.0,-0.01,-0.01,0.01,0.005,-0.249786,0.0,0.0015362012982693385,0.011648904927974055,0.015513102873946805,0.007851172822863305,0.01632123696521063,-0.014379619343382322,216.0,2.660675992001415,0.09605319194523343,-0.5799590761257498,-0.01032782843439417,0.24326359090909094,2.0,,,,,,,,,,,,,,,,,0.328281517366,,,,,0.328281517366,0.3293145075440407,0.4767484702169895
1993-04-01,1993,2,4,-0.02446199,0.16628,-0.02446199,0.0,-0.02213829,-0.0023237,-2.56761,-0.87609,-0.67836,-0.00092,1.0,-0.39136,-0.20741,-0.25721,-0.00054,1.0,,,,,,,-0.009384095655761798,-0.016292510882029303,-0.031,0.016270182043346182,-0.009628280957839408,-0.27,0.027235979648434494,0.1648847391304348,0.0,0.0,0.0,-0.01,-0.02,-0.02,-0.02,0.15375,0.0,-0.00541417772374055,-0.013192731535756156,-0.01931281909755761,-0.01723865106624594,-0.00938422019925325,-0.01343113977564839,-31.0,1.627018204334618,-0.009628280957839408,-0.2003143268821264,0.02723597964843449,0.1628203636363637,1.0,,,,,,,,,,,,,,,,,,,,,,,,
1993-07-01,1993,3,7,0.00818466,0.2596,0.00268018,0.00550448,-0.01137516,0.019559820000000002,2.77966,-0.7455700000000001,0.043029999999999985,1.23025,3.0,0.42368,-0.17651,0.016310000000000005,0.72271,3.0,,,,,,,0.012689430835545414,-0.02637969045401651,-0.314,0.059874818413003794,0.05434010653897392,-1.1099999999999994,0.03126496583425986,0.655847347826087,0.0,,,-0.01,-0.005000000000000001,-0.02,-0.020000000000000462,0.086948,,0.013123685500715954,0.008147917132779521,0.01300086209926968,0.009664236154741882,0.012689151680136082,-0.00471287446346157,-314.0,5.987481841300379,0.05434010653897303,-1.595096711358174,0.03126496583425986,0.6576848636363636,3.0,,,,,,,,,,,,,,,,,,,,,,,,
1993-10-01,1993,4,10,-0.0217915,0.0644,-0.0217915,0.0,-0.014732829999999999,-0.00705867,2.32716,0.034499999999999996,-1.9014,0.018980000000000004,2.0,0.3547,0.00817,-0.7209300000000001,0.011140000000000004,2.0,,,,,,,0.015033071028131506,-0.007636088700964028,0.054,0.048031584290210816,0.05352487867414091,0.09999999999999964,-0.002814881958485671,0.5029858695652174,0.0,0.0,0.0,0.02,-0.01,0.0,-0.023,-0.155486,0.0,0.0,-0.00819294274237205,-0.013106556025718525,-0.007193321760892274,0.015032970132230074,-0.010580036639543634,54.0,4.803158429021081,0.05352487867414091,-0.0360874911793147,-0.002814881958485671,0.5155915000000001,2.0,,,,,,,,,,,,,,,,,,,,,,,,
1994-01-01,1994,1,1,0.10607158,-0.34492,0.10607158,0.0,0.07358681,0.032484769999999996,16.357380000000003,4.92629,-3.68362,0.64303,2.0,2.49322,1.16627,-1.39668,0.3777499999999999,2.0,0.0484746986435778,,0.05225371475932711,2.0,,,0.11466339053647791,0.07264419441579163,-0.05099999999999999,0.0497588285661692,0.03701650356554609,0.2599999999999998,0.10169286035070346,0.6519290869565217,0.0,0.0,0.0,0.07,0.095,0.105,0.098,-0.43755,0.0,0.09394895672252548,0.06347445911328287,0.03310151600118089,-0.018987042217579367,0.11466351087963007,0.08317890834605343,-51.0,4.97588285661692,0.03701650356554609,0.02944082296057271,0.10169286035070346,0.6507731363636362,2.0,0.1633333333333334,-0.143351798941799,0.14,0.06001,,,0.090000152,0.03900003499999999,0.007999897000000006,,,1.09257714762302,0.0,0.0,0.0,2.0,1.6534360828270003,,,,,1.6534360828270003,1.6554864197969437,1.8784849420189857
1994-04-01,1994,2,4,0.11728596999999999,-0.15908999999999995,0.11728596999999999,0.0,0.06812188999999999,0.04916408,26.15118,-8.872720000000001,-1.6478199999999998,-0.44931,2.0,3.9860100000000003,-2.10056,-0.6247799999999999,-0.26395,2.0,0.04004512291394979,0.0,0.0441483492693648,2.0,,,0.05226374199292575,0.031001259374154613,0.3185,0.05851229317143414,-0.1225249039291878,0.9100000000000001,0.06695612268782813,0.7471015217391304,1.0,0.0,0.0,0.035,0.03,0.034999999999999996,0.03,-0.21341999999999994,0.0,-0.00026460626587637703,-0.017919526762854826,-0.01884093114864506,-0.03533077598502244,0.05226371126413639,-0.0004392504731324104,318.5,5.851229317143414,-0.1225249039291878,-0.020984137928661287,0.06695612268782813,0.7440322272727273,2.0,0.2607392857142857,-0.05640178571428569,0.11001,0.13,0.0,0.0,0.06499958,0.020000458,-0.016000269999999997,0.0,0.0,0.541313966972877,0.0,1.0,0.0,2.0,,,,,,,,
1994-07-01,1994,3,7,-0.010700330000000001,-0.14276000000000003,0.0,-0.010700330000000001,0.0031557600000000005,-0.013856089999999998,-1.5993900000000005,1.1675399999999998,0.46972000000000014,-0.35369000000000006,3.0,-0.24377999999999989,0.27641000000000004,0.17809999999999993,-0.20779000000000003,3.0,0.0220797894332782,,0.0268091323180584,3.0,,,0.03774731917643993,-0.06641151881307863,-0.0885,0.0950712559420328,0.06505671252593892,-0.9300000000000002,0.08925978494480535,1.3237020434782607,0.0,,,0.025,0.005000000000000001,0.01,0.0,-0.12717,,0.0016621458113080263,0.0004860299347034698,0.005415763917890913,0.005879277013905081,0.037747161191189676,-0.031273197657907315,-88.5,9.395443346190469,0.06505671252593892,-0.7537816245149096,0.08925978494480535,1.324744090909091,3.0,-0.015600000000000003,0.04290666666666665,-3.469446951953614e-18,0.0,,,0.039000035,0.023000239999999998,0.003000259000000005,,,0.24440040962861828,0.0,0.0,0.0,3.0,,,,,,,,
1994-10-01,1994,4,10,0.015496780000000002,-0.34403,0.015496780000000002,0.0,0.028246379999999998,-0.0127496,-10.680259999999999,7.60978,-1.7406,-1.18459,2.0,-1.62791,1.8015700000000001,-0.65996,-0.69589,2.0,0.013456650194624997,0.0,0.015694934608802502,2.0,,,0.05276249985601876,0.007272394673436329,0.04900000000000001,0.0668709631213833,-0.019752296613560816,-0.81,0.05364206236328517,0.40592234782608694,0.0,0.0,0.0,0.0,0.03,0.05,0.055,-1.2376205,0.0,0.01642358924603018,-0.0018015064868722448,0.0066032143017876795,-0.006614502866417833,0.05276235815918399,0.004339518255912122,49.0,6.68709631213833,-0.019752296613560812,-1.3691659141645383,0.05364206236328517,0.3936206818181818,2.0,-0.1054545454545455,-0.036228956228956194,-0.020000000000000004,-0.06000000000000001,0.0,0.0,0.030999660999999998,0.004000187,-0.0010004039999999999,0.0,0.0,0.24020522980080977,0.0,0.0,0.0,2.0,,,,,,,,
1995-01-01,1995,1,1,0.07439833,-0.40949,0.07439833,0.0,0.061597400000000004,0.01280093,5.177169999999999,4.66538,-0.24752,-0.012289999999999995,2.0,0.7891199999999999,1.1045099999999999,-0.09384,-0.007220000000000004,2.0,0.0657968969999521,0.0,0.0720789317296846,2.0,,,0.09723892094304457,0.013323533228630675,0.08199999999999999,0.06821805673383885,0.10037162038881764,-2.03,0.02928416418394164,0.5486920869565217,0.0,0.0,0.0,0.060000000000000005,0.09,0.08499999999999999,0.065,-0.258593,0.0,0.06539537787750221,0.052509619194251886,0.03632710241404091,0.03811061474250905,0.09723900490842771,0.04145646782106914,82.0,6.783513357094861,0.10037162038881764,-0.7536830583248584,0.029284164183941638,0.558980681818182,2.0,0.0725925925925926,0.05,0.07,0.02,0.0,0.0,0.072999955,0.060000419,0.047000408,0.0,0.0,-0.06860246661479501,0.0,0.0,0.0,2.0,0.7611563923550001,,,,,0.7611563923550001,0.7622116338461637,1.0029570739716291
1995-04-01,1995,2,4,-0.01004632,-0.04189,0.0,-0.01004632,-0.00252727,-0.00751905,-0.00564,0.79244,-0.02787,0.01851,1.0,-0.00086,0.18761,-0.01057,0.01087,1.0,0.0011320973602871,0.0,0.0022049204534196,1.0,,,0.002275852798337882,-0.03511573584764186,-0.159,0.03016027297049284,0.07622112588336893,-0.8500000000000001,0.0307923706062061,0.22123117391304348,0.0,0.0,0.0,-0.01,-0.01,0.0,-0.005,-0.023764,0.0,0.00802064038105319,0.006939241878106815,0.006008474576271187,0.0026286877474764377,0.002275735544053733,-0.005929147897029269,-159.0,3.016027297049284,0.07622112588336893,-0.1324554144719321,0.0307923706062061,0.2103626363636364,1.0,0.0,0.0,0.0,0.02,0.0,0.0,0.0,0.002999783,0.002000332,0.0,0.0,0.0,0.0,0.0,0.0,1.0,,,,,,,,
1995-07-01,1995,3,7,-0.14140114999999998,-0.044769999999999976,-0.14140114999999998,0.0,-0.06803307999999998,-0.07336807000000001,-4.807320000000001,-7.246919999999999,-0.4917,-2.73054,3.0,-0.7327400000000002,-1.7156700000000003,-0.18644000000000005,-1.6040699999999999,3.0,-0.0622511726009515,,-0.06321501449788079,3.0,,,-0.10419587805514388,-0.13440136623251525,-0.2595,0.07378938259570766,0.21471429203006043,-0.18999999999999984,-0.015695890665719858,0.3128499130434782,0.0,,,-0.07999999999999999,-0.15000000000000002,-0.115,-0.1549999999999993,-0.09775999999999999,,-0.12149602295640802,-0.1067021662241308,-0.08890696851456964,-0.05454957385713257,-0.10419645881870218,-0.11317236268193653,-259.5,7.452763624055692,0.21471429203006043,-0.15475793768797041,-0.01569589066571986,0.3053373636363636,3.0,-0.03235555555555557,-0.08226666666666671,-0.060000000000000005,-0.05,,,-0.115999699,-0.08800029799999998,-0.07600021299999998,,,-0.0413240405190896,0.0,0.0,0.0,3.0,,,,,,,,
1995-10-01,1995,4,10,-0.02956001,0.19598,-0.02956001,0.0,-0.026456880000000002,-0.003103129999999999,-5.0295000000000005,-0.19502999999999998,-0.32332,0.11906,2.0,-0.76661,-0.04617,-0.12259000000000003,0.06994,2.0,-0.015956501123629,0.0,-0.015639414889465998,2.0,,,0.016442821112186725,-0.009316578150748205,-0.008,0.04163610649600358,0.09087441017661746,-0.76,0.06614183960421993,0.029788739130434783,0.0,0.0,0.0,0.0049999999999999975,0.005000000000000001,-0.005000000000000001,-0.011999999999999997,0.06966000000000001,0.0,-0.010204797756712299,-0.0065532142123568525,-0.003590351472107546,-0.005769198512384046,0.01644267763597175,-0.003653913948464649,-8.0,4.163610649600357,0.09087441017661746,-0.4471207340849177,0.06614183960421993,0.031651227272727275,2.0,-0.0175,-0.11333333333333334,0.0,-0.06,0.0,0.0,0.013000488000000001,0.0,0.007999897,0.0,0.0,0.1897663990706086,0.0,0.0,0.0,2.0,,,,,,,,
1996-01-01,1996,1,1,-0.024064339999999997,0.2153,-0.03774544,0.0136811,-0.024860169999999997,0.0007958300000000008,-0.9567199999999998,-1.2197699999999998,0.07938,0.5089599999999999,2.0,-0.14582999999999996,-0.28877,0.030100000000000016,0.29899,2.0,0.0034539758393284,0.0,0.0055880799206842,2.0,,,0.006175127290286984,-0.022655352330088915,0.4195,0.03566793551781444,0.15885393437846407,0.3999999999999998,0.10048028750919702,0.1523226956521739,0.0,0.0,0.0,-0.005000000000000001,-0.015000000000000003,-0.009999999999999995,-0.015,0.053741,0.0,-0.021689945784530873,-0.012694563857730384,-0.003088361559930527,0.006911946103320519,0.006174941807320856,-0.046533676570848184,419.5,3.566793551781444,0.15885393437846407,0.6476381494155099,0.10048028750919702,0.15914054545454545,2.0,-0.010000000000005099,-0.020999999999980888,-0.0025,-0.010000000000005099,0.0,0.0,0.0019999999999997797,-0.0255,-0.005000000000000799,0.1775857160872078,0.0,0.0573719931201958,0.0,0.0,0.0,2.0,-0.026406621449999994,,,,,-0.026406621449999994,-0.025319350883364677,0.20287122949957848
1996-04-01,1996,2,4,0.01743005,-0.19289,0.01743005,0.0,0.02020779,-0.00277774,1.52026,0.75464,0.77086,-0.23549,1.0,0.23172,0.17866,0.29228,-0.13834,1.0,0.0160265114732579,0.0,0.0179711594325697,1.0,,,0.023306579160082126,0.01473973642533699,-0.1255,0.017704222880682963,0.03296711452922452,0.58,0.07405100800124753,0.22319517391304347,0.0,0.0,0.0,-0.005,0.025,0.015,0.02,-0.22927,0.0,0.008006456392887384,0.020801800103670894,0.022198407838334353,0.015930219534050178,0.02330649548981578,0.01805008748513987,-125.5,1.770422288068296,0.03296711452922452,-0.01788953693666073,0.07405100800124753,0.2230415909090909,1.0,0.01549999999998574,0.00941071428570574,0.0049999999999954,-0.0025,0.0,0.0,0.0100000000000006,0.0210000000000007,0.0220000000000002,-0.200103757503894,0.0,0.0225504566467426,0.0,0.0,0.0,1.0,,,,,,,,
1996-07-01,1996,3,7,-0.13229162,0.031530000000000016,-0.13100394,-0.00128768,-0.06802443,-0.06426719,-24.71181,2.8414900000000003,1.6135599999999999,-1.48564,3.0,-3.76662,0.6727100000000001,0.6117900000000001,-0.87275,3.0,-0.0633528773679986,,-0.0649064837012199,3.0,,,-0.08565083676759708,-0.0931380366205362,0.1935,0.06473665934649553,0.08138529882551548,0.1399999999999999,-0.08932653306292071,0.5508836956521739,0.0,,,-0.14500000000000002,-0.1,-0.08499999999999999,-0.095,-0.14188299999999998,,-0.08205230352064012,-0.05605641008561664,-0.022567356827486694,0.007611408417453933,-0.08565160087022218,-0.11688778998541363,193.5,6.44019418233821,0.08138529882551548,-0.30109406040145537,-0.08932653306292071,0.5556205,3.0,-0.21907467532469224,-0.11436592818947229,-0.0900000000000033,-0.1799999999999921,,,0.0045000000000010604,-0.176,-0.07100000000000059,0.311590566487125,,-0.22902157317380029,0.0,0.0,0.0,3.0,,,,,,,,
1996-10-01,1996,4,10,-0.01730103,0.19384,-0.01462085,-0.00268018,-0.020199889999999998,0.0028988600000000005,0.04586,0.94896,-1.4404599999999999,0.66955,2.0,0.00699,0.22466000000000008,-0.54616,0.39332999999999996,2.0,0.007514450874267799,0.0,0.0098168563381749,2.0,,,-0.0019197162935155696,-0.03832604783501026,-0.042,0.04533280737709333,0.14922214412273593,-0.5,0.02851430223678708,0.2886443913043478,0.0,0.0,0.0,-0.04,-0.01,-0.004999999999999999,-0.019999999999999997,0.14276,0.0,-0.013314725646859621,-0.013585038371396178,-0.007688265070639411,-0.021161896322161484,-0.001920010875870246,-0.027165627316747137,-42.0,4.533280737709334,0.14922214412273593,-0.3321877993976843,0.02851430223678708,0.28627840909090907,2.0,0.0,0.0,0.0,0.0099999999999909,0.0,0.0,-0.01599999999999999,-0.00949999999999999,0.0,0.1687231110954105,0.0,0.1273634895804528,0.0,0.0,0.0,2.0,,,,,,,,
1997-01-01,1997,1,1,0.057010370000000005,-0.75762,0.057010370000000005,0.0,0.07364569,-0.01663532,1.82952,7.94221,1.63913,-0.49729,2.0,0.27885,1.8802699999999999,0.62149,-0.29213999999999996,2.0,0.0465665281694771,0.0,0.051286852759117596,2.0,,,0.09069215813368015,0.03698180158908176,0.203,0.04987799835460649,0.19052208189320208,0.32000000000000006,0.06605502172268096,0.566077652173913,0.0,0.0,0.0,0.0175,0.0675,0.0975,0.0975,-1.1068600000000002,0.0,0.09494881387464357,0.0820489441796465,0.0688486132547358,0.07789161047902789,0.09069209599084051,0.0307660493465563,203.0,4.802095819177765,0.19052208189320208,-0.08237631661374945,0.06605502172268096,0.5684356818181817,2.0,0.01956521739129463,0.011818181818173639,-0.0100000000000051,0.040000000000006204,0.0,0.0,0.0434999999999998,0.0750000000000001,0.0614999999999995,-0.752960433377011,0.0,-0.052571320423155696,0.0,0.0,0.0,2.0,,,,,,,-0.26850043958984315,0.016852995846420527
1997-04-01,1997,2,4,-0.07794444,0.48372,-0.07794444,0.0,-0.06779322,-0.01015122,-9.80973,-0.79315,0.1217,0.76209,1.0,-1.49522,-0.18777,0.04614,0.44769,1.0,-0.0342050598007108,0.0,-0.0357101507533813,1.0,,,-0.05337558068417302,-0.07032280124362844,-0.056,0.025912649326437887,0.026079078588712612,0.15000000000000013,0.056686703252635695,0.19825952173913047,0.0,0.0,0.0,-0.0675,-0.0675,-0.0525,-0.0475,0.4925,0.0,-0.04502461229026624,-0.026201141025036543,-0.01622314130147192,-0.0013264088315369411,-0.05337591598954187,-0.06521447085547605,-56.0,2.591264932643789,0.02607907858871261,-0.01381788927753425,0.0566867032526357,0.2002130454545455,1.0,-0.08454545454545764,-0.06899686520375416,-0.0300000000000011,-0.0850000000000079,0.0,0.0,-0.0350000000000001,-0.0220000000000002,-0.0039999999999995,0.5232830901370187,0.0,-0.4991503823279512,0.0,0.0,0.0,1.0,,0.05753146709396258,-0.03328098191271224,-0.006030857763050325,1.0,,,
1997-07-01,1997,3,7,-0.01269462,-0.38537,-0.005452799999999999,-0.00724182,0.01661381,-0.02930843,-4.27722,1.1237500000000002,2.58354,-1.10821,3.0,-0.65194,0.26604,0.97957,-0.6510199999999999,3.0,0.017149999984695703,,0.0211831219264262,3.0,,,0.025198168383018645,-0.013271037775991142,0.0,0.07435020808986081,0.3192725777846599,-0.8900000000000001,-0.13390175528824866,0.3079524347826087,0.0,,,-0.02,-0.0024999999999999988,0.0075,0.01,-0.54975,-0.22074,-0.008054720749721397,0.008481992478927926,0.011722520904597458,0.021051349010919186,0.02519786157994457,-0.00524186623399542,0.0,7.453909761411204,0.3192725777846599,-0.5245830826770757,-0.13390175528824866,0.30356122727272733,3.0,-0.03637931034482381,0.0013505747126759142,-0.023499999999996,-0.0349999999999965,,,-0.032999999999999405,0.0114999999999998,0.0170000000000003,-0.41211011293487254,-0.3241280954233113,-0.0508872225972099,0.0,0.0,0.0,3.0,,-0.07567687807034475,-0.004344441873831643,-0.04589413028197918,4.0,,,
1997-10-01,1997,4,10,-0.03918418,-0.43566000000000005,0.0,-0.03918418,0.0063654,-0.04554958,-4.10466,1.26212,-0.24256,-2.04547,2.0,-0.62564,0.29879999999999995,-0.09197,-1.20162,2.0,-0.0081430096400055,0.0,-0.006832256595140801,2.0,,,-0.018825476181065563,-0.035264616726225356,0.27799999999999997,0.053424586110152106,0.027634315753398475,-1.1400000000000001,-0.033820430592283124,-0.02775252173913046,0.0,0.0,0.0,-0.03,-0.0325,-0.04,-0.0375,-0.8271299999999999,-0.81423,-0.033467908354939416,-0.030594664819049558,-0.023241811916287623,-0.025001493264062178,-0.018825754051119574,-0.054643053059113364,278.0,5.342458611015211,0.02763431575339848,-0.8058374213791355,-0.033820430592283124,-0.02778168181818181,2.0,-0.05000000000000183,-0.02933333333334419,-0.0300000000000011,-0.0400000000000062,0.0,0.0,-0.0679999999999995,-0.011500000000000801,-0.0249999999999994,-0.6009785355782695,-0.5629433216971836,-0.1561056523627719,0.0,0.0,0.0,2.0,,0.10084433332984431,-0.0096670899212548,-0.08131022750923435,4.0,,,
1998-01-01,1998,1,1,0.02006211,-0.32731,0.02239309,-0.00233098,0.02953284,-0.00947073,2.69379,0.68343,0.89906,-0.6530400000000001,2.0,0.41059,0.1618,0.34089,-0.38363,2.0,0.0214674823678918,0.0,0.0247067760259452,2.0,,,0.037330739526270154,0.021456890917087367,0.23,0.055134733816259995,0.24255351180265183,-0.16999999999999993,-0.10886046911236136,-0.014778260869565213,0.0,0.0,0.0,0.0075,0.0125,0.025,0.030000000000000002,-0.31745619999999997,-0.322659,0.018989049357244884,0.011672809220873728,0.005678944399345065,0.005781246746419107,0.037330610771720237,0.004611166752310708,230.0,5.483126653639836,0.24255351180265186,-0.0669247649384759,-0.10886046911236136,-0.014965272727272723,2.0,0.030000000000005887,-0.00791666666669623,0.025000000000001098,0.025000000000005698,0.0,0.0,0.0084999999999997,0.0139999999999992,0.0040000000000004,-0.3004124972517415,-0.276135639523764,-0.11956751284068179,0.0,0.0,0.0,2.0,,-0.06519504889716966,-0.043393216099660646,0.014478755552643541,4.0,,-0.807047862559557,-0.46776165440678596
1998-04-01,1998,2,4,-0.01978259,-0.12953,0.0,-0.01978259,-0.00217364,-0.01760895,-3.9295,0.45598,0.5933,-0.71007,1.0,-0.59894,0.10795,0.22495,-0.41713,1.0,-0.0059463397654606,0.0,-0.0053849385481376,1.0,,,-0.0077229409313300315,-0.007879699073570159,-0.008,0.025521207205020602,0.07673390518922396,0.16999999999999998,-0.06503571198226687,0.13659952173913045,0.0,0.0,0.0,-0.025,-0.0175,-0.01,-0.01,-0.13885,-0.14557,-0.0159005291005291,-0.01180267393500787,-0.009583206948848752,-0.005823133772146443,-0.007723111263776302,-0.01248512566239917,-8.0,2.55212072050206,0.07673390518922396,-0.05578330597837589,-0.06503571198226687,0.1501251363636364,1.0,-0.0387500000000013,-0.01937499999999583,-0.0150000000000005,-0.0300000000000011,0.0,0.0,-0.0084999999999997,-0.0039999999999995,-0.0019999999999997,-0.1330468630606188,-0.2461400760796598,-0.099790440075835,0.0,0.0,0.0,1.0,,0.1732882089825504,0.0781548991949981,-0.06675195331475939,4.0,,,
1998-07-01,1998,3,7,0.050449469999999996,-0.62195,0.03600389,0.01444558,0.062281750000000004,-0.01183228,8.11685,-0.50635,0.12284000000000005,-1.80336,3.0,1.23718,-0.11987,0.046579999999999996,-1.05938,3.0,0.0254460876330399,,0.0303110833021728,3.0,,,0.052358820796512204,0.10493482808289722,0.09699999999999999,0.07873202120144107,-0.07020878348971493,-0.54,-0.1741875569121305,-0.4443272608695652,0.0,,,0.06,0.0075,0.015000000000000001,0.0125,-0.5651200000000001,-0.5075700000000001,0.0031180731810490693,0.01634479497689349,0.0037592201552032953,-0.0029396731341413563,0.05235877670257836,0.07413114799087568,97.0,7.905815750741141,-0.07020878348971493,-0.24887593623182405,-0.1741875569121305,-0.4607282727272727,3.0,0.061756410256425746,0.03600000000001518,0.0050000000000192,0.0349999999999966,,,-0.0169999999999995,-0.037000000000000796,-0.0409999999999993,0.6257867110353463,-0.14937965476479598,0.07659071492206831,0.0,0.0,0.0,3.0,,-0.02331301095853843,-0.036023029262963135,-0.04182789892002632,3.0,,,
1998-10-01,1998,4,10,-0.31086984,2.61089,-0.30217967,-0.00869017,-0.31099694,0.00012709999999999978,-26.44032,-11.62424,-4.78866,3.72067,3.0,-4.0300899999999995,-2.7519700000000005,-1.81566,2.1857100000000003,3.0,-0.1011451414954559,,-0.1045507455661844,3.0,,,-0.28046533824224007,-0.23342490453322043,-0.093,0.07326813981327973,0.07338683802763413,0.48000000000000004,-0.11992624125511853,-0.41333852173913044,1.0,,,-0.26,-0.32749999999999996,-0.295,-0.282499999999992,2.8656900000000003,2.8830199999999997,-0.1873901600704617,-0.18409535988683612,-0.11290509618672259,-0.05844206594131445,-0.280466603275857,-0.24817167413604707,-93.0,7.326813981327974,0.07338683802763407,0.6683974655526899,-0.11992624125511848,-0.40675327272727274,3.0,-0.25114049145299344,-0.08590608974356136,-0.1200000000000044,-0.1899999999999977,,,-0.19050000000000109,-0.1959999999999997,-0.1544999999999995,2.580858400319477,2.8736710311820017,-0.4309462937907858,0.0,1.0,0.0,3.0,,-0.11251707489339322,0.044662737722611756,0.036222920064711416,4.0,,,
1999-01-01,1999,1,1,-0.007804320000000002,0.0017699999999999938,0.0,-0.007804320000000002,-0.00400762,-0.0037967,0.06133999999999995,-2.8542199999999998,2.26159,-0.0948000000000001,2.0,0.009350000000000011,-0.67572,0.8575,-0.05569000000000002,2.0,0.0007710472794526003,0.0,0.0028514587050574997,2.0,,,-0.005734875238984178,-0.027690003843176613,0.20299999999999999,0.04739245610369025,0.2516825930540332,0.53,-0.003139765309591702,0.07347934782608695,0.0,0.0,0.0,-0.02,-0.025,-0.019999999999999997,-0.024999999999999998,-0.014040000000000025,-0.05203000000000002,-0.012710124495318057,-0.005039291979474263,0.005185300273631321,0.009863572905437644,-0.00573511474211136,-0.04505897235236627,203.0,4.866341354518333,0.2516825930540341,0.252400807717458,-0.003139765309590814,0.08289672727272722,2.0,0.005600000000010753,-0.01384615384616091,0.010000000000005,-0.0100000000000051,0.0,0.0,-0.0169999999999994,-0.007999999999999102,0.008,-0.1362464305196185,-0.09149067137660272,0.0,0.0,0.0,0.0,2.0,,-0.14768618266027742,-0.014794322670925834,0.06900215599905138,4.0,,-0.3337092101573944,-0.012793570756912231
1999-04-01,1999,2,4,0.02757814,0.21571000000000007,0.02757814,0.0,0.0009366399999999886,0.026641500000000002,-7.35628,3.0015400000000003,0.8512900000000005,1.0848900000000001,2.0,-1.12126,0.7105999999999999,0.32277,0.6373199999999999,2.0,0.014353475929986398,0.0,0.016784238338973398,2.0,,,0.023678441093809913,-0.0036301603131394106,-0.19999999999999998,0.04808002849870796,0.1180515061565206,0.79,0.11479819787248857,0.32334847826086954,0.0,0.0,0.0,-0.085,0.017499999999999988,0.05,0.04500000000000001,0.36349999999999993,0.3501000000000001,-0.002318526804083898,0.008541772821676827,0.019468590866492524,0.03002049109815752,0.023678021030765398,0.013519588168024274,-200.0,4.808002849870796,0.11805150615652149,0.6158181329012118,0.11479819787248857,0.33661590909090905,2.0,-0.0449999999999874,-0.039999999999992,0.0,-0.0549999999999925,0.0,0.0,0.011999999999999594,0.022499999999999895,0.022000000000000297,0.3052058914589071,0.36416222071175297,-0.3306864777188798,0.0,0.0,0.0,2.0,,-0.06165323990676108,-0.015010265687605304,0.0270896175596238,4.0,,,
1999-07-01,1999,3,7,0.00986167,0.59237,0.0,0.00986167,-0.03036375,0.04022542,4.40584,-2.97422,-1.7671,1.74624,1.0,0.67155,-0.70413,-0.67001,1.02584,1.0,0.0075326960086041,0.0,0.0091901643631539,1.0,,,0.006897224546856831,-0.018852528868985356,0.11,0.025146846766810782,0.015850353140686835,0.020000000000000018,0.12237571287685434,0.09477991304347826,0.0,0.0,0.0,0.02,-0.005,-0.0025,-0.0225,0.64961,0.64802,0.0,-0.013481733818865265,-0.011701603982300886,-0.006177005049721032,0.006897206258516996,-0.02214631910981931,110.0,2.514684676681078,0.01585035314068683,0.006412759456614125,0.1223757128768543,0.09204172727272729,1.0,0.0375000000000085,0.004711538461525978,0.0150000000000005,0.0375000000000085,0.0,0.0,-0.0179999999999997,-0.0220000000000002,-0.016,0.5808936656152702,0.6043956043956044,0.2733870166020535,0.0,0.0,0.0,1.0,,0.2290934430066145,0.01068410063767282,0.04174561658485037,4.0,,,
1999-10-01,1999,4,10,0.17069703,-0.6503000000000001,0.14606508,0.02463195,0.12409468,0.04660235,4.248609999999999,15.1691,2.69611,2.37808,3.0,0.64758,3.5912,1.02225,1.39702,3.0,0.1283802506707219,,0.1398189504654789,3.0,,,0.21307932388942527,0.1380989682117219,-0.05499999999999999,0.07395148758863535,0.052206603038882804,-0.9099999999999998,0.22325986420558408,0.5391921304347826,0.0,,,0.10250000000000001,0.195,0.21,0.2025,-0.5228999999999999,-0.56525,0.20480233053280075,0.15917499683360686,0.1343136257039475,0.1274471135285938,0.21307952689245763,0.16202459177521386,-55.0,7.388004414915983,0.05220660303888281,-0.5033812846425763,0.22325986420558414,0.5281433181818183,3.0,0.021379120879111237,0.14541554741550516,-0.010000000000005196,0.049999999999997206,,,0.18099999999999988,0.1550000000000001,0.1359999999999992,-0.4958822242616685,-0.7139405349494873,-0.2783049011773307,0.0,0.0,0.0,3.0,,-0.14280330071762704,-0.007450550860669564,-0.04309409934210832,4.0,,,
2000-01-01,2000,1,1,-0.01432727,-0.37512,0.0,-0.01432727,0.015186759999999999,-0.02951403,-9.11775,8.49733,0.3228199999999999,-0.34148999999999996,2.0,-1.38975,2.0117000000000003,0.12240000000000001,-0.20061,2.0,0.0097139705737377,0.0,0.0123835959422748,2.0,,,0.015760336096880673,-0.02872340748047652,-0.09,0.04871215735089862,0.07876700842282158,-0.49,0.15093171679166062,0.1803828695652174,0.0,0.0,0.0,-0.03,-0.01,0.01,0.025,-0.43541,-0.47025,0.04961958998230862,0.06966551355667558,0.040035436212308005,-0.0009938897269440028,0.015760074275894376,-0.021460870595206728,-90.0,4.780069190809577,0.07876700842282158,-1.089863516263613,0.15093171679166062,0.16967127272727267,2.0,-0.08470370370371641,0.027011111111112457,-0.060000000000002204,-0.0549999999999925,0.0,0.0,0.051000000000000004,0.0669999999999992,0.025500000000001,-0.327252050596951,-0.0951434355972069,-0.0524090563380813,0.0,0.0,0.0,2.0,,-0.12025030565817063,0.016942121261477695,-0.006952688318438864,4.0,,0.33839439786970615,0.45129054971039295
2000-04-01,2000,2,4,0.03514649,-0.37372,0.03514649,0.0,0.039840219999999996,-0.004693730000000001,2.06424,0.46428000000000047,1.6070699999999998,-0.7809900000000001,2.0,0.31463,0.10992000000000013,0.60933,-0.45879000000000003,2.0,0.0236669715058096,0.0,0.0274668534694641,2.0,,,0.04348223495927568,0.00444046128734768,-0.109,0.05051341532373321,-0.02689559246766393,-0.6799999999999999,0.10987767555947148,0.4070198260869565,0.0,0.0,0.0,0.045000000000000005,0.024999999999999998,0.015,0.010000000000000002,-0.359,-0.41897999999999996,0.004375300346966267,0.03512434480535563,0.017449675528450406,-0.013859315448634736,0.0434822315636338,0.018390578663306806,-109.0,5.051341532373322,-0.02689559246766393,-0.7089411642630519,0.10987767555947148,0.408507090909091,2.0,0.02133333333332907,0.0300000000000153,0.019999999999996,0.0300000000000153,0.0,0.0,0.07849999999999999,0.024299999999999298,0.0088999999999997,-0.37477541259511976,-0.4078783231668936,-0.16405457131272422,0.0,0.0,0.0,2.0,,-0.14908854429618731,0.020972623016934817,0.02592973040364776,4.0,,,
2000-07-01,2000,3,7,0.04607692,-0.15955,0.04607692,0.0,0.03254477,0.01353215,1.69756,-0.24648,0.92017,-0.29078,1.0,0.25875,-0.05835,0.34889,-0.17082,1.0,0.0151256138526289,0.0,0.0170019530704466,1.0,,,0.0237406650336192,0.0010866364117904335,-0.182,0.021441595590111717,0.04241464713186005,-0.94,0.012608132828128227,0.15713030434782607,0.0,0.0,0.0,0.0,0.01,0.0225,0.025,-0.16221,-0.16552,0.0032824451410658306,0.010716595318335003,0.00716326503963124,0.009200763018798162,0.02374059157873025,0.0257362585682958,-182.0,2.144159559011172,0.04241464713186005,-0.342900237817477,0.01260813282812823,0.1515995909090909,1.0,0.01722222222220638,-0.001845238095236398,0.0049999999999954,-0.0050000000000096,0.0,0.0,0.0174000000000003,0.0057,-0.0083000000000001,-0.1693901952969431,-0.1654259718775848,-0.0715563506261165,0.0,0.0,0.0,1.0,,-0.12858299222267638,0.026872058492768656,-0.008165020645772004,4.0,,,
2000-10-01,2000,4,10,0.06195128,-1.4684,0.06195128,0.0,0.11846583,-0.05651455,5.1620099999999995,6.65493,1.9116,-3.37592,3.0,0.7868,1.57552,0.72479,-1.9832,3.0,0.0533732504558253,,0.0598102593532909,3.0,,,0.09880112888670502,0.10548019615885415,-0.17,0.05207126061648992,-0.1825861363780934,-1.09,0.10190542362920763,0.11883313043478264,0.0,,,0.05,0.0675,0.065,0.0925,-1.65416,-1.56598,0.06337176399704028,0.04916352533221759,0.0449196197215558,0.01870020805925248,0.09880108521068247,0.12109559688438404,-170.0,5.275369313410394,-0.1825861363780934,0.07401095537207958,0.10190542362920763,0.10817463636363638,3.0,0.05166666666665633,0.0249999999999913,0.019999999999996,0.049999999999982794,,,0.07210000000000061,0.051299999999999304,0.039200000000001,-1.436737496961181,-1.5038377505620386,0.17329815619539918,0.0,0.0,0.0,3.0,,-0.005105476902525404,-0.0016901725375339449,0.011591357586489145,4.0,,,
2001-01-01,2001,1,1,-0.24395925000000002,3.39256,-0.18749413,-0.05646512,-0.3241151,0.08015585,-29.424529999999997,-3.13291,3.23502,11.0791,3.0,-4.48494,-0.7417,1.2265899999999998,6.50845,3.0,-0.13118833654785061,0.0,-0.1369925294067969,3.0,,,-0.19495573971525915,-0.10557536982712773,0.005999999999999998,0.027328283279521415,-0.2858288746729878,0.4900000000000001,-0.049599383024504284,-0.40190569565217393,1.0,0.0,0.0,-0.15,-0.22,-0.245,-0.23,3.1691100000000003,3.21358,-0.01721198442272073,0.04643261258772208,0.04709016716466734,0.0650644744635043,-0.19495659593394477,-0.12183662896258154,-4.0,4.319052750550689,-0.2793803726130033,1.8641220049000777,0.015189046693729231,-0.5670352272727273,3.0,-0.30113636363636753,-0.17494318181817545,-0.3299999999999983,-0.1174999999999926,0.0,0.0,-0.021299999999999097,0.024099999999999705,0.010200000000000198,3.1561995399052565,3.546956318945888,0.18339131577327727,0.0,1.0,0.0,3.0,,0.07578494188851674,-0.02565452912613147,0.0013979445433814457,3.0,,-1.8258566751610488,-1.514142468571663
2001-04-01,2001,2,4,-0.49403641000000004,2.17368,-0.49403641000000004,0.0,-0.37653038,-0.11750603000000001,-45.70606,-3.91451,0.6149000000000004,3.1696599999999995,3.0,-6.9666,-0.92674,0.2331399999999999,1.8620200000000002,3.0,-0.2942379211496471,,-0.31245114891169595,3.0,,,-0.3256274703435639,-0.1554314760860943,-0.401,0.015311669676489004,-0.10679969506525566,4.1,-0.12671607333070334,-0.39410421739130436,1.0,,,-0.3375,-0.34,-0.3525,-0.305,2.4886799999999996,2.53756,-0.18692869349948996,-0.13459941885708934,-0.0431152410095834,0.018194587237199175,-0.32562899867146655,-0.19682206698620489,-401.0,1.5311669676489004,-0.10679969506525562,2.759063788729989,-0.12671607333070334,-0.38750777272727266,3.0,-0.454374999999996,-0.466843749999983,-0.21999999999999878,-0.4099999999999995,,,-0.4097000000000009,-0.3024999999999993,-0.18515000000000012,2.2286967097622323,2.965237826574681,-0.5643524634736092,0.0,1.0,0.0,3.0,,0.0558772601145666,-0.032618344221128664,-0.004517496210536786,4.0,,,
2001-07-01,2001,3,7,-0.01971317,-0.6934,0.0,-0.01971317,0.03145756,-0.05117073,4.50464,-2.31632,2.44116,-2.33857,1.0,0.68661,-0.54838,0.92558,-1.3738,1.0,-0.07841913600243669,0.0,-0.0816402534790969,2.0,,,-0.02763512346015936,0.011538394805468734,0.008,-0.0004160347411197307,-0.09526283868711971,-0.27,-0.0704171967577496,-0.026686304347826078,1.0,0.0,0.0,-0.47800000000000004,-0.35,-0.07,-0.04,-6.3409699999999996,-4.48741,-0.32712542721856336,-0.16440632372316075,-0.12640309795241275,0.02064596943262158,-0.02763526133477282,0.0005336594537936959,-60.0,-0.19827036203405868,-0.2512398312430113,0.6071665398345631,-0.083281462819488,-0.16705059090909083,2.0,-0.1871115384615738,-0.10200954907161733,-0.08400000000001531,-0.0725000000000051,0.0,0.0,-0.1288,-0.0406000000000008,-0.025199999999998998,-1.487642625931369,-1.928374655647383,-0.4217428674094653,0.0,1.0,0.0,2.0,,-0.10985809175415455,-0.15945662739346744,0.019359810878334768,5.0,,,
2001-10-01,2001,4,10,-0.3191728,0.5559,-0.25597376,-0.06319904,-0.19270802,-0.12646478,-17.75603,-12.455400000000001,3.62377,-1.86205,3.0,-2.70641,-2.94876,1.37399,-1.09386,3.0,-0.1632358056444846,,-0.1707378947306939,3.0,,,-0.26911229472694076,-0.05182693407186514,-0.339,-0.022015543643307822,-0.2480073937686491,2.99,-0.3003190625390708,-0.2876892608695652,0.0,,,-0.22999999999999998,-0.27,-0.3175,-0.31,0.42694,0.47297000000000006,-0.2205639814488436,-0.14426013132975593,-0.06807050741187716,-0.006768178556911798,-0.2691134396060426,-0.09735196446761013,-339.0,-1.9099428117060673,-0.24800739376864914,2.907011684060097,-0.3003190625390708,-0.2825789090909091,3.0,-0.19203879310346791,-0.20261530172412567,-0.1575000000000129,-0.1650000000000062,,,-0.1569499999999995,-0.1878000000000001,-0.0528500000000002,0.5537103596188184,0.5365183189685172,-0.1272228943446886,0.0,0.0,0.0,3.0,,-0.1629259877633588,0.055959913425152,0.02495263087680385,4.0,,,
2002-01-01,2002,1,1,-0.02553101,-0.37649,0.03206976,-0.05760077,0.009666519999999998,-0.03519753,-1.60807,-0.6800799999999999,-1.99865,-2.49726,2.0,-0.24511,-0.16101,-0.7578100000000001,-1.46702,2.0,-0.0158827387918974,0.0,-0.014726804043114897,2.0,,,-0.02419820372836034,0.008637784104843213,0.112,-0.02874078174691519,0.039138494916015176,0.8299999999999996,0.13233973765281437,0.17723634782608694,0.0,0.0,0.0,-0.020000000000000004,-0.05499999999999999,-0.045000000000000005,-0.04000000000000001,-0.46885499999999997,-0.495947,-0.07392597047003553,-0.05769808412481495,-0.04298054123865736,-0.026169906673629968,-0.024198460528260045,-0.021001224671035178,112.0,-2.874078174691519,0.03913849491601517,0.05205494744726741,0.13233973765281434,0.17661054545454546,2.0,-0.018749999999991097,-0.01390625000004006,-0.0150000000000005,0.0,0.0,0.0,-0.0615000000000001,-0.0629999999999996,-0.0532499999999983,-0.4433686251295484,-0.42844496713051017,0.003622060379999896,0.0,0.0,0.0,2.0,,0.020286028673071867,-0.04182980840326132,-0.018965904026914074,4.0,,-0.93256173748523,-0.48889426072128117
2002-04-01,2002,2,4,-0.029644250000000004,-0.7817,0.00603467,-0.03567892,0.03175311,-0.06139736,0.9582200000000001,-0.82435,2.04407,-2.8384600000000004,2.0,0.14606,-0.19516,0.77502,-1.66746,2.0,-0.0037987037035398,0.0,-0.0016174244555747994,2.0,,,-0.015473716743359928,0.028044743937527927,-0.034,-0.027507756098888336,-0.23384494289438873,-0.2400000000000002,0.13797633496915118,0.3080238260869565,0.0,0.0,0.0,-0.005000000000000001,-0.019999999999999997,-0.049999999999999996,-0.055,-0.91614,-0.9158999999999999,-0.02024717672700162,-0.00851612195393201,-0.005989268585350463,-0.01644074758333609,-0.015473909510144893,0.01804480984131454,-34.0,-2.750775609888834,-0.23384494289438879,0.05931533082187901,0.13797633496915113,0.31330754545454553,2.0,0.0,0.008611111111103189,0.0,0.0049999999999954,0.0,0.0,-0.0211999999999999,-0.009100000000000599,-0.007400000000000502,-0.7837576614413828,-0.7758345916663283,-0.2473202444968998,0.0,0.0,0.0,2.0,,-0.040325460775465546,0.06175769260531193,0.010630674447059243,4.0,,,
2002-07-01,2002,3,7,-0.11856055,-1.6154700000000002,0.0,-0.11856055,0.03697264,-0.15553319,5.02926,-6.16001,1.27016,-7.48183,2.0,0.76657,-1.45835,0.48159,-4.39523,2.0,-0.0512477464600287,0.0,-0.0512441225809881,2.0,,,-0.11448675986259649,-0.06429480563735952,-0.04,-0.02303136775944381,-0.359766919353512,-1.98,0.10183399860705311,-0.039098956521739135,0.0,0.0,0.0,-0.02,-0.09,-0.18,-0.22499999999999998,-1.7280099999999998,-1.68947,-0.11129493820654754,-0.09086467478357921,-0.06062129523277727,-0.04135396451925906,-0.11448704751023259,-0.06844645897877713,-40.0,-2.303136775944381,-0.3597669193535121,-0.784849682247025,0.10183399860705311,-0.04412299999999999,2.0,0.05444444444443356,-0.00874999999999565,0.0249999999999914,0.0499999999999971,0.0,0.0,-0.0936999999999998,-0.1042999999999997,-0.0967500000000004,-1.5305993111741985,-1.5239910649682535,-0.2140262297966857,0.0,0.0,0.0,2.0,,0.001158097370532414,-0.015624285946056558,-0.006759098554863452,4.0,,,
2002-10-01,2002,4,10,-0.0847727,-0.8353200000000001,0.01937522,-0.10414792,0.00738368,-0.09215638000000001,-20.94551,8.87115,-0.74399,-3.8196000000000003,2.0,-3.19255,2.1002,-0.28208,-2.24383,2.0,-0.0401032739052861,0.0,-0.04127283696062391,2.0,,,-0.04515380080204679,-0.04366477783263786,-0.07,-0.010345469150532693,0.09024748268544247,0.38000000000000034,0.09017483600723786,0.5079507826086956,0.0,0.0,0.0,-0.0775,-0.060000000000000005,-0.057499999999999996,-0.0425,-1.346,-1.2961,-0.07120456797204987,-0.0728678899252949,-0.04617851618212873,-0.04149573253053317,-0.045154246570052486,-0.042629842914662056,-70.0,-1.0345469150532693,0.09024748268544247,0.18708757486862068,0.09017483600723786,0.5091001818181818,2.0,-0.2031250000000106,-0.09386904761903699,-0.1625000000000085,-0.1374999999999885,0.0,0.0,-0.0228000000000002,-0.1316000000000002,-0.0398500000000004,-0.8136197140093167,-0.8796483410770891,-0.4620788450979748,0.0,0.0,0.0,2.0,,0.17025880611694982,0.02051628039864741,-0.0019047513569477852,4.0,,,
2003-01-01,2003,1,1,0.04719882,-0.27357,0.00355219,0.04364663,0.03989925,0.007299570000000002,3.0964799999999997,2.18761,-0.16029,-0.2865599999999999,2.0,0.47197,0.5179,-0.060780000000000015,-0.16833999999999993,2.0,0.0363928748891301,0.0,0.0406658033297475,2.0,,,0.06765331599571145,0.07671704365785523,-0.449,-0.0061526041134545295,-0.09001907849381574,0.10999999999999988,0.15098181430064184,0.5667284782608695,0.0,0.0,0.0,0.04,0.03,0.0675,0.0525,-0.25523000000000007,-0.27562,0.031810171990703504,0.03611593861465177,0.02116285344624144,0.03317882977151008,0.06765330579246413,0.10481961459075152,-449.0,-0.6152604113454528,-0.09001907849381574,0.05785902388727282,0.15098181430064184,0.5692862272727273,2.0,0.02884615384617561,0.01692307692306761,0.0100000000000051,0.0200000000000101,0.0,0.0,0.0396999999999999,0.029399999999999902,0.0256500000000001,-0.2944541625356002,-0.24454354824418909,0.0012507226841366043,0.0,0.0,0.0,2.0,,-0.11745190305079943,-0.1176419403207404,-0.035696811300771195,4.0,,-1.1973240384832025,-0.9016119414009154
2003-04-01,2003,2,4,0.019169580000000006,-0.07572000000000001,0.019169580000000006,0.0,0.014096339999999992,0.00507324,14.84365,-7.873970000000001,0.65123,-0.48478999999999994,2.0,2.2624999999999997,-1.8641199999999998,0.24692,-0.28479,2.0,0.04969209579047041,0.0,0.05563351976239849,2.0,,,0.06000264597995984,0.05316729995415803,0.01,-0.006717542301498014,0.18595381564712543,-0.3700000000000001,-0.04644779812434319,0.5874211739130435,0.0,0.0,0.0,0.09,0.042499999999999996,0.017500000000000016,0.0050000000000000044,-0.09926999999999997,-0.09390000000000001,-0.005686331109207035,-0.02286371707617353,-0.014184303642566794,-0.019234708150562742,0.0600027957861133,0.05007149921995516,10.0,-0.6717542301498014,0.18595381564712543,-0.5703061366793714,-0.04644779812434319,0.5910332272727272,2.0,0.15599999999998934,0.0836842105263017,0.0549999999999925,0.1399999999999863,0.0,0.0,-0.0284999999999999,-0.037800000000000306,-0.0236999999999998,-0.035525712826927486,0.06144803633449111,0.01515286444211461,0.0,0.0,0.0,2.0,,0.07913485104678913,-0.09279955394355106,-0.0345520482043921,3.0,,,
2003-07-01,2003,3,7,-0.03562401,0.023390000000000008,-0.00172618,-0.03389783,-0.01920562,-0.01641839,-0.15771000000000002,-3.8672,-1.63255,-1.3635199999999998,2.0,-0.024040000000000006,-0.91554,-0.619,-0.8009999999999999,2.0,-0.0073107191073708,0.0,-0.0052586813182356,2.0,,,-0.02616701208436671,-0.0003437111304228288,-0.162,-0.006404511174563865,0.07967984008621798,1.8899999999999997,0.011476415056409728,0.793081652173913,0.0,0.0,0.0,-0.0125,-0.022500000000000003,-0.05,-0.0875,-0.22839299999999998,-0.223175,-0.06258406726033294,-0.059714694730590434,-0.03923658450163074,-0.025090655809376083,-0.02616722875564746,0.0031250268060108027,-162.0,-0.6404511174563865,0.07967984008621798,1.6823259916174245,0.011476415056409724,0.8009132727272728,2.0,0.0,0.0050000000000096,0.0,0.0,0.0,0.0,-0.052950000000000004,-0.0609000000000001,-0.0440000000000004,-0.1883818335400014,-0.1743433869294912,-0.1036577432316924,0.0,0.0,0.0,2.0,,-0.10971777862469306,-0.06116303609217667,-0.0020044846782974494,4.0,,,
2003-10-01,2003,4,10,-0.04985761,-0.12982000000000002,0.03126571,-0.08112332,-0.017193870000000003,-0.032663740000000004,-0.6387,-4.424759999999999,3.66202,-0.7463699999999998,2.0,-0.09734999999999999,-1.0475400000000001,1.38848,-0.43846000000000007,2.0,-0.017109270405124,0.0,-0.016133374723692903,2.0,,,-0.03921517502114313,-0.08649880159161275,-0.012999999999999998,-0.0029209559823879516,0.07781594430767758,-0.10000000000000009,0.22753120193818788,0.8112905217391304,0.0,0.0,0.0,-0.0285,-0.08499999999999999,-0.055,-0.0475,-0.11434,-0.107236,-0.050959201263403316,-0.01631445431406303,0.013253255874274367,0.020151136682621515,-0.039215474242912475,-0.07870921979191096,-13.0,-0.2920955982387951,0.07781594430767758,-0.598905140490456,0.22753120193818788,0.8089476818181818,2.0,0.0,-0.0050000000000096,0.0,0.0049999999999954,0.0449999999999999,0.0,-0.0696000000000001,-0.03409999999999999,-0.010300000000000906,-0.1409333004680158,-0.117205813408345,-0.3512619806695928,0.0,0.0,0.0,2.0,,-0.04874825989974889,0.013314915464077634,-0.03017899429555288,4.0,,,
2004-01-01,2004,1,1,0.07229017,-0.97106,0.13151751,-0.05922734,0.09400277,-0.021712600000000002,-0.16181,11.4869,3.6451700000000002,-0.15866999999999987,2.0,-0.02466,2.7194599999999998,1.3820900000000003,-0.09321000000000002,2.0,0.058473200173846794,0.0,0.06361276599036289,2.0,,,0.09540959080282468,0.0307155033373631,-0.251,0.003858894190628348,0.1456113274956543,-0.6299999999999999,0.1879116878419671,0.9398513913043478,0.0,0.0,0.0,0.0025000000000000022,0.055,0.09749999999999999,0.1475,-0.9729420000000001,-1.008569,0.12919096224161747,0.15464040448441896,0.10107576305465249,0.09051205660862512,0.09540947268653974,0.06772294829469017,-251.0,0.3858894190628348,0.1456113274956543,-0.602749643096657,0.1879116878419671,0.9456468636363637,2.0,0.01033333333332383,0.024876543209883212,0.0049999999999954,0.0,0.0465,0.0,0.09409999999999989,0.05609999999999979,0.030299999999999994,-0.9458043770878697,-1.0162252090186554,1.064784702260937,0.0,0.0,0.0,2.0,,-0.054050446882116264,0.03121161533814749,0.026076310657785238,4.0,,0.856001578271389,0.8734622672200203
2004-04-01,2004,2,4,-0.02233701,0.63259,-0.02932674,0.00698973,-0.04885948,0.02652247,-1.45,-2.71999,2.7923099999999996,2.5776899999999996,2.0,-0.22102,-0.64394,1.05872,1.5142600000000002,2.0,-0.0014908155135999988,0.0,0.00021512591410480057,2.0,,,-0.004367121659543571,-0.015364527638844258,0.236,0.020859664768952513,0.009296238483540442,0.6599999999999993,0.03017953937640705,0.7754100434782609,0.0,0.0,0.0,-0.0375,-0.03,-0.01,-0.005,0.66681,0.6668000000000001,0.0,0.02426128429377161,0.03205449562711016,0.05177705696504241,-0.004367418834844006,-0.03964028004193765,236.0,1.837280296107302,0.00929623848354044,-0.15483377219035743,0.03017953937640705,0.7716122727272727,2.0,-0.02148148148146193,-0.029761904761912792,-0.0099999999999909,-0.0174999999999982,-0.016,0.0,-0.0042000000000004,0.028,0.0322000000000004,0.6428281540441485,0.6454382900063116,-0.1346089665146181,0.0,0.0,0.0,2.0,,0.006458030761390208,0.02750444662960909,0.011790702860254361,4.0,,,
2004-07-01,2004,3,7,0.03533285,-0.27302,0.03533285,0.0,0.033933500000000005,0.0013993499999999997,1.41774,3.8550599999999995,-2.52264,-0.69764,2.0,0.2161,0.9126599999999999,-0.95648,-0.40983,2.0,0.0276385334665132,0.0,0.031475678472682,2.0,,,0.044159675402627475,0.03323731286675399,-0.199,0.026322353464005133,-0.060251577992887384,-1.9900000000000002,-0.022295647460071955,0.2758945217391305,0.0,0.0,0.0,0.0175,0.022500000000000003,0.0325,0.027500000000000004,-0.24087399999999998,-0.23634,0.032657941903674464,0.009684291536727632,-0.005083165982873696,-0.02203826715031231,0.04415958470587546,0.05341068750619475,-199.0,2.6322353464005133,-0.060251577992887384,-1.2761625815239612,-0.02229564746007196,0.2776199545454546,2.0,0.01476190476191229,0.01555555555553966,0.0100000000000051,0.0150000000000005,0.026000000000000297,0.0,0.024499999999999703,0.014500000000000401,-0.0088999999999997,-0.2821920018211198,-0.3273811570566556,-0.02815019093085902,0.0,0.0,0.0,2.0,,-0.06422051631726994,-0.001579280562943576,-0.004798851668887444,4.0,,,
2004-10-01,2004,4,10,-0.04672848,0.18247,-0.04672848,0.0,-0.034236169999999996,-0.01249231,0.01526,-3.69489,-1.49769,-0.59105,2.0,0.00233,-0.87474,-0.56786,-0.34721,2.0,-0.012101616468169001,0.0,-0.010626350486479058,2.0,,,-0.025431707263719475,-0.0890254175339591,0.07,0.03060155592284275,0.1531481016604248,-1.2599999999999998,0.10159940971171189,0.5121523913043479,0.0,0.0,0.0,-0.0125,-0.037500000000000006,-0.052500000000000005,-0.065,0.19495099999999999,0.169504,-0.04260381886477463,-0.04644003910393374,-0.038309113753900496,-0.04166747871768364,-0.02543193215739494,-0.0802302829934045,70.0,3.060155592284275,0.1531481016604248,-1.2832641081757687,0.10159940971171189,0.5105721363636363,2.0,0.0,-0.014502262443425569,0.0,-0.0024999999999977,-0.1029999999999997,0.0,-0.0450000000000003,-0.04900000000000029,-0.0460000000000002,0.171422112996512,0.1292741087667756,-0.22851053753255712,0.0,0.0,0.0,2.0,,-0.05864514388434958,-0.05773559335251178,-0.055322466174190794,4.0,,,
2005-01-01,2005,1,1,0.05558119,-0.32023999999999997,0.05558119,0.0,0.046871130000000004,0.00871006,-0.56168,4.99993,4.687710000000001,1.1637,2.0,-0.08562,1.18371,1.7773800000000002,0.6836099999999999,2.0,0.046946864163010096,0.0,0.051691022759812896,2.0,0.030353669068308803,2.0,0.0790126782002314,0.030734131430528673,0.024999999999999998,0.03203622276003948,0.03514361946258582,-0.8,0.06910472208152907,0.7674543913043479,0.0,0.0,0.0,0.0225,0.05499999999999999,0.07250000000000001,0.08499999999999999,-0.247738,-0.20991500000000002,0.06318160066185366,0.08645884768084355,0.07173413568784116,0.06686029297858395,0.0790126227504166,0.03665506821357739,25.0,3.225223873473304,0.03514361946258582,-1.0408497838426052,0.06910472208152908,0.7735018181818181,2.0,-0.00538461538461043,0.021465964590960562,-0.0049999999999954,0.0,0.0445000000000002,0.0,0.064,0.0950000000000002,0.0840000000000006,-0.2521120852568446,-0.3981822742119271,0.314928027716917,0.0,0.0,0.0,2.0,,-0.10369189016571545,-0.018891902638711447,-0.018696908856451897,4.0,,1.2213103827089071,1.2772760018706322
2005-04-01,2005,2,4,0.0542412,0.20775,0.026972630000000004,0.02726857,0.014742440000000002,0.03949876,0.05292000000000001,4.611699999999999,-3.81913,1.0137200000000002,3.0,0.00807,1.0918,-1.44805,0.5955000000000001,3.0,0.050493502607031795,0.0,0.0554430187744958,2.0,-0.0262112694095259,2.0,0.08816268283652576,0.051284034229114414,-0.21200000000000002,0.030927024757858135,0.01856174388710219,-1.2199999999999998,0.06856682896051502,0.5070219130434782,0.0,0.0,0.0,0.0475,0.07,0.07500000000000001,0.075,-0.14456999999999998,-0.13627,0.06869196911796269,0.042247616217242684,0.010666894440977761,-0.011499286054259877,0.08816271540174525,0.07454611350599619,-212.0,3.027631428207123,0.01856174388710219,-1.153956783479518,0.06856682896051502,0.4987950454545455,2.0,-0.0025000000000119,0.013068181818189806,0.0,-0.0025000000000119,0.0569999999999994,0.0,0.0929999999999999,0.0629999999999997,0.0290000000000003,-0.3209602793998293,-0.06942947606584154,0.1614225236183047,0.0,0.0,0.0,2.0,,-0.039765832095500074,-0.03605374680580489,-0.021078469465553532,4.0,,,
2005-07-01,2005,3,7,0.00473061,0.06411999999999998,0.00473061,0.0,-0.0014550899999999992,0.0061857,3.0165100000000002,-0.77031,-2.26612,-0.21175,2.0,0.45977999999999997,-0.18236000000000002,-0.85922,-0.12439,2.0,0.0217905737322663,0.0,0.0255790129239715,2.0,-0.007950515767656199,2.0,0.019002991008853054,-0.036865327721555374,0.005999999999999998,0.037598919536472764,0.05859371820870063,-0.9199999999999999,0.17870089372390385,0.35873260869565216,0.0,0.0,0.0,0.017499999999999998,0.0025000000000000022,-0.0075,-0.010000000000000002,0.12200000000000003,0.12196,0.005875785110269545,-0.011701878833476578,-0.016425611492895696,-0.04159002517471001,0.019002886041674327,-0.020742991518927528,6.0,3.759891953647276,0.05859371820870063,-0.5142062595211878,0.17870089372390385,0.35366686363636357,2.0,0.037954545454553436,0.04409090909086904,0.010000000000005102,0.024999999999991498,-0.0040000000000005,0.0,0.004000000000000399,-0.010000000000001499,-0.041999999999999704,0.0830972636676236,0.0818355452132078,0.033288886462459116,0.0,0.0,0.0,2.0,,0.06082639394048387,0.06754999863121099,0.002962256419701657,4.0,,,
2005-10-01,2005,4,10,-0.021369730000000003,0.7458199999999999,-0.02809889,0.00672916,-0.0551223,0.033752569999999996,0.1673,-3.24415,-1.42802,1.9388299999999998,2.0,0.0255,-0.76803,-0.54145,1.13898,2.0,0.0024891924956879988,0.0,0.004796026203278099,2.0,-0.0677941742938151,2.0,-0.003499191050181264,-0.04452109033555795,0.114,0.035188771318429346,-0.007111838565343476,-0.26,0.16501031101749497,0.4949384347826087,0.0,0.0,0.0,-0.005,-0.02,-0.03,-0.027499999999999997,0.72096,0.75516,-0.013936106759274262,-0.018401789753584634,-0.012993527799050414,-0.01128860794326605,-0.0034993816303689213,-0.04493565995517582,114.0,3.71518467348313,-0.0071118385653434705,-0.17989085456283505,0.16501031101749497,0.5025881818181819,2.0,-0.013783524904241024,-0.001264367816094381,-0.0100000000000192,0.0,-0.0305,0.0,-0.013000000000000799,-0.015999999999999102,-0.016,0.7497612492605478,0.7828588337839115,-0.16534505182414092,0.0,0.0,0.0,2.0,,-0.0001411997548703347,-0.02288786411803476,-0.011157383401190102,4.0,,,
2006-01-01,2006,1,1,0.07819368,-0.84911,0.07819368,0.0,0.08968851,-0.011494830000000001,0.8527199999999999,7.87441,3.1633199999999997,-0.59058,2.0,0.12997,1.86423,1.1994,-0.34693999999999997,2.0,0.0611716889017302,0.0,0.0670507086601964,2.0,-0.010431134117464,2.0,0.1011953441248126,0.05609962354578748,-0.049,0.03895848187023354,0.10426438026156681,-0.8500000000000001,0.05028412558435047,0.48836986956521744,0.0,0.0,0.0,0.06,0.0775,0.0875,0.0925,-1.02948,-1.02765,0.09179754269099005,0.0909998189106645,0.07302400602865913,0.056834636935228486,0.10119542163877152,0.07576962547234145,-49.0,3.895848187023354,0.1042643802615677,-0.30043102078133765,0.05028412558435047,0.4828558636363637,2.0,0.014999999999986299,0.05952380952381138,0.0050000000000096,0.014999999999986299,0.058999999999999095,0.0,0.0860000000000002,0.0940000000000002,0.0750000000000001,-0.8811431820650208,-0.8805543637358705,0.7165094978116846,0.0,0.0,0.0,2.0,,0.05489305471040395,0.004711996631282734,-0.0016492156545972816,4.0,,0.8539088172838092,0.9258290082216263
2006-04-01,2006,2,4,0.00812206,0.34842000000000006,0.00812206,0.0,-0.016698529999999996,0.02482059,-1.4095,0.21462999999999965,1.0296399999999999,1.6505,2.0,-0.21483999999999998,0.0508099999999998,0.3904,0.96959,2.0,0.0124738753459139,0.0,0.015180139803440698,2.0,0.010022793243700201,2.0,0.033297910318343775,0.005707705300868213,-0.16699999999999998,0.03895214956238746,0.003549545233858531,0.22999999999999998,0.2010678375413928,0.24802199999999996,0.0,0.0,0.0,0.0,0.0075,0.025,0.027499999999999997,0.20778,0.21701,0.011845825854278985,0.020271698375703882,0.02388909213231578,0.02771277382458793,0.033297755280022275,0.023060333034658074,-167.0,3.895214956238746,0.003549545233858531,0.31289277759806366,0.20106783754139276,0.24539627272727277,2.0,-0.0150000000000005,-0.005217391304348031,-0.0050000000000096,-0.0049999999999954005,0.0049999999999999,0.0,0.017000000000000397,0.032,0.032,0.3420874723639682,0.34495445161786387,-0.7368733010403261,0.0,0.0,0.0,2.0,,-0.024657304600369162,0.016891742335985303,-0.018521090960505693,4.0,,,
2006-07-01,2006,3,7,-0.023072310000000002,-0.51467,0.01849801,-0.04157032,0.0191289,-0.042201209999999996,-4.18382,2.08118,1.53446,-1.6869100000000001,2.0,-0.6376999999999999,0.49269999999999997,0.5818,-0.99098,2.0,0.0019044385180589998,0.0,0.003902064041235099,2.0,-0.0508414593411507,2.0,0.003230832778052299,0.0010563517151359128,-0.030000000000000002,0.03260594134835415,0.023274161364120083,-0.8700000000000001,-0.006733042180671056,0.058961695652173914,0.0,0.0,0.0,-0.02,-0.0175,-0.009999999999999998,-0.0075,-0.5041,-0.53477,-0.014082080200501251,-0.003506625025259315,0.002711005971000659,0.010420482696218794,0.0032305976562024274,0.0028048843858582105,-30.0,3.260594134835415,0.02327416136412008,-0.4716059753915134,-0.006733042180671049,0.05279659090909093,2.0,-0.04717391304349282,-0.01065217391300387,-0.0350000000000108,-0.039999999999991896,-0.0179999999999998,0.0,-0.003500000000000801,-9.999999999970102e-05,0.0118999999999998,-0.5081950132783163,-0.5142650263782271,0.010750728371486412,0.0,0.0,0.0,2.0,,0.11360803588420197,0.020047364098703495,-0.004886945622349735,4.0,,,
2006-10-01,2006,4,10,-0.04419602,0.18635,-0.03341516,-0.01078086,-0.03320111,-0.01099491,-0.8990400000000001,-3.7388700000000004,-1.58229,-0.71271,2.0,-0.13704,-0.88516,-0.59993,-0.41869,2.0,-0.009803769213062698,0.0,-0.008073649788486199,2.0,0.061706135501642397,2.0,-0.027339670412414373,-0.05238549259427467,-0.052,0.031946962838439674,0.17255972331237945,-0.52,0.12483116097739444,-0.18152452173913042,0.0,0.0,0.0,-0.00625,-0.025,-0.07,-0.075,0.291375,0.289431,-0.05976537632716018,-0.05016625397754451,-0.0445552331723735,-0.04029385657459755,-0.027326223989768625,-0.04438379581624076,-52.0,3.194696283843967,0.17255972331237945,-0.27014195799884133,0.12483116097739444,-0.18535168181818187,2.0,-0.0049999999999954,-0.007499999999993099,0.0049999999999954,-0.0049999999999954,-0.0370000000000007,0.0,-0.0505000000000003,-0.051600000000000396,-0.0494000000000002,0.1894215794597469,0.06975374427905501,-0.4285053659512055,0.0,0.0,0.0,2.0,,-0.04933538278180017,-0.06850329308011728,-0.015651471888152104,4.0,,,
2007-01-01,2007,1,1,-0.09469873000000001,1.2979399999999999,-0.09469873000000001,0.0,-0.12468320999999999,0.02998448,-0.51422,-10.6571,-1.89907,2.1570400000000003,2.0,-0.07838,-2.52301,-0.72004,1.26717,2.0,-0.0404472129570116,0.0,-0.0405827516217145,2.0,-0.023120833285017302,2.0,-0.09027317781233667,-0.057030728015467116,0.048999999999999995,0.028700858075135116,0.03622645804482261,0.07999999999999996,0.020156590182931033,-0.4754584782608695,0.0,0.0,0.0,-0.055,-0.095,-0.13,-0.135,1.3986299999999998,1.39505,-0.0895982275742868,-0.07695549260827166,-0.052964759634681995,-0.048597816569611464,-0.09027357558909406,-0.07753140903303583,49.0,2.8700858075135107,0.03622645804482261,0.07993291673862046,0.020156590182931033,-0.48570795454545457,2.0,-0.0049999999999954,-0.01909090909091168,0.0,-0.0099999999999908,-0.0755000000000007,0.0,-0.0932000000000003,-0.07800000000000021,-0.0606000000000007,1.3241888360670784,1.3998376070947938,-0.5625011346925423,0.0,0.0,0.0,2.0,,0.07923526731456465,0.009482558522242954,0.027783513180051036,4.0,,-1.19247260177508,-0.9393363939598203
2007-04-01,2007,2,4,0.05041694,-0.40818999999999994,0.05041694,0.0,0.04952924,0.0008877,-0.07389,5.8688199999999995,-0.04601000000000001,-0.23568999999999996,2.0,-0.01126,1.3894199999999999,-0.01745,-0.13846,2.0,0.0430548318582554,0.0,0.0473687700759441,2.0,0.031906773626048004,2.0,0.0746504347077312,0.06047076940491866,-0.0009999999999999974,0.02464383351214572,0.0869233550575812,0.86,0.1024149851775702,0.4636157826086956,0.0,0.0,0.0,0.015,0.0375,0.075,0.0925,-0.44105,-0.43612,0.06394685324516729,0.05051379250061824,0.02908052668683956,0.019533013142136336,0.07465034724135904,0.054643014067685056,-1.0,2.464383351214572,0.0869233550575812,0.27879077879740527,0.1024149851775702,0.49176954545454543,2.0,0.007045454545448064,0.0050000000000096,0.0049999999999954,0.0,0.0459999999999992,0.0,0.0628999999999999,0.0481000000000006,0.032200000000000395,-0.39981365087030496,-0.3945670387241082,0.137949181386988,0.0,0.0,0.0,2.0,,-0.0721491366385099,0.058550422766457874,0.007420354146863254,4.0,,,
2007-07-01,2007,3,7,-0.265618,0.06640999999999986,-0.24023091,-0.02538709,-0.13676584,-0.12885216,-16.269350000000003,-10.25869,8.39629,-1.8780199999999998,4.0,-2.47981,-2.42868,3.18352,-1.1032399999999998,4.0,-0.12010787742226009,0.0,-0.1236830283456999,4.0,-0.0093523496000865,2.0,-0.19816115355416852,-0.12887207019226596,-0.155,0.020748122446207162,-0.054267431261949994,-0.1,0.007748874352939694,-0.8579540434782609,2.0,0.0,0.0,-0.20625,-0.245,-0.23,-0.20500000000000002,2.2229659999999996,2.165114,-0.17005610353575584,-0.0781563449426004,-0.021332932740843143,0.030536266989423754,-0.19814863322817097,-0.0728261743879855,-231.0,4.289254820528045,-0.15294180243729016,1.7545668382565534,-0.01282937004107865,-1.6602112727272726,4.0,-0.2134226190476512,-0.10361607142855009,-0.0800000000000125,-0.16000000000001088,-0.21774999999999958,0.0,-0.1555999999999994,-0.09754999999999908,-0.0036499999999995,-1.249772597804725,2.1013198101340658,-0.6701809398928026,0.0,2.0,0.0,4.0,,0.013077005561302767,-0.038799738819462026,0.01041653768139034,4.0,,,
2007-10-01,2007,4,10,0.09412861,-2.18295,0.09412861,0.0,0.17712881,-0.0830002,0.8291000000000004,0.53322,2.3874,-8.323459999999999,2.0,0.12637999999999994,0.12623000000000006,0.9052,-4.889640000000001,2.0,0.0704759757293302,0.0,0.0777036657427912,2.0,-0.012558865996541801,2.0,0.16794997867856665,0.22026591156967346,0.029,0.01818005411744572,0.08005550788700777,1.34,0.18467765665693392,-1.0034571739130436,0.0,0.0,0.0,0.2075,0.195,0.1075,0.047499999999999994,-2.09137,-2.09141,-0.03381895182797763,-0.03342232612103324,-0.02244449436073316,-0.016006693153825267,0.16795058908569804,0.1925096015387745,29.0,1.818005411744572,0.08005550788700777,1.1009890409709315,0.18467765665693392,-1.019997590909091,2.0,0.01100000000001981,0.05925000000000418,0.0200000000000102,0.025000000000005698,0.0510000000000006,0.0,-0.0452999999999997,-0.0402500000000003,-0.0276000000000005,-2.166004006913667,-2.176861458446405,0.0762566050723893,1.0,0.0,0.0,2.0,,0.08800074974202593,-0.11062796759133289,-0.029051568948502644,4.0,,,
2008-01-01,2008,1,1,-0.12845430000000002,0.47764,-0.07077257,0.10474734,-0.060019949999999996,0.09399472,5.3744700000000005,-0.9394499999999999,1.9952300000000003,6.3719,3.0,0.81918,-0.22241000000000005,0.7565,3.7432,3.0,-0.0757235903969001,0.0,-0.07855667658349069,4.0,0.0418589354977667,2.0,-0.06738563192800837,-0.003002858663651742,-0.14100000000000001,0.013889885882539588,-0.28795021143589583,1.39,0.29703322465706705,-0.5565690869565216,2.0,0.0,0.0,-0.2,-0.12499999999999997,-0.052500000000000005,-0.002500000000000016,2.38054,2.3365,0.07002713079337335,0.10296189262798257,0.07657621153965175,0.07132468997270261,-0.06738666333510526,0.051931785666480476,-282.0,2.7779771765079175,-0.5410245862082395,4.153483262733057,0.5399622319542878,-1.0967646818181818,4.0,-0.3824423076923321,-0.22996153846156056,-0.03250000000001309,-0.16500000000002052,-0.08075000000000021,0.0,0.1698999999999995,0.23044999999999938,0.1675999999999997,0.3862653431522808,3.001932323151566,-0.014672431705478384,1.0,2.0,0.0,4.0,,0.16950241324342719,-0.04372390687529098,0.005627796675808373,4.0,,,
2008-04-01,2008,2,4,-0.13676946,0.19685,-0.13676946,0.0,-0.08011344000000001,-0.05665602,-7.51915,-6.9845,3.0062699999999998,-0.9844599999999999,2.0,-1.14608,-1.6535499999999999,1.13985,-0.57833,2.0,-0.0637870435757862,0.0,-0.06620187574571951,2.0,-0.06580939370904179,2.0,-0.1149502458590068,-0.10088162157470576,-0.028999999999999998,0.0023757283588157208,0.017623190124670174,1.03,0.257882544010803,-0.14010591304347825,0.0,0.0,0.0,-0.1325,-0.1325,-0.1275,-0.11,0.41001099999999996,0.413303,-0.08323241727606366,-0.032206126756950185,-0.014202409268779253,-0.011069806762925008,-0.11495091040622132,-0.11840003733679434,-29.0,0.2375728358815721,0.01762319012467106,0.12947614037285188,0.257882544010803,-0.13328477272727274,2.0,-0.07000000000000729,-0.10480769230768486,0.0,-0.07000000000000729,-0.0999999999999995,0.0,-0.0851,-0.04,-0.0236,0.35189326244404495,0.1796580094801017,-0.5096184231416869,2.0,0.0,0.0,2.0,,0.08840177478349713,-0.041007008784033745,-0.02704665490618421,4.0,,,
2008-07-01,2008,3,7,0.07110232,-0.49515,0.07110232,0.0,0.06505317999999999,0.00604914,9.96572,4.32624,0.19463999999999992,0.20254,2.0,1.51899,1.02421,0.07379999999999998,0.11899,2.0,0.06737820591414741,0.0,0.07432702857009449,2.0,0.0404674921574927,2.0,0.08389707235253033,0.20424810127356607,0.003000000000000001,-0.009863808251012074,-0.23712322190985624,0.1499999999999999,-0.31051847429366575,0.14716291304347828,0.0,0.0,0.0,0.12000000000000001,0.065,0.037500000000000006,0.0225,-0.39347999999999994,-0.43190000000000006,0.07582350533275527,0.07106041277339892,0.04221259518149239,0.037899776395161656,0.08389733144899279,0.1654252065224598,3.0,-0.9863808251012074,-0.23712322190985619,0.23252306024067204,-0.3105184742936658,0.15267540909090904,2.0,0.10653846153843899,0.11538461538462715,0.0474999999999852,0.0949999999999988,0.09184999999999989,0.0,0.06080000000000001,0.0748999999999994,0.0662999999999999,-0.49555730713969354,0.1153348919575076,0.16875995699284352,0.0,0.0,0.0,2.0,,-0.0805712107125754,-0.1436875564849929,-0.041438804993085096,4.0,,,
2008-10-01,2008,4,10,-0.46829045999999996,3.23392,-0.35078491,-0.08145338,-0.34163932,-0.09059897,-18.9236,-8.61133,-12.406580000000002,1.1140899999999998,3.0,-2.8843699999999997,-2.03869,-4.7040500000000005,0.6544699999999999,3.0,-0.2029871133538904,0.0,-0.21320252772248932,3.0,0.006793919077262102,2.0,-0.27994412422315057,-0.0002199945683680482,-0.297,-0.02982862543146858,-0.5941766953918073,0.6800000000000002,-0.7520736150096159,-0.1966031304347826,1.0,0.0,0.0,-0.225,-0.2875,-0.32,-0.3375,1.2988000000000002,1.4122999999999999,-0.15408589357921842,-0.1783145412429798,-0.14626910817262098,-0.03932381190210375,-0.27994526035752815,0.06212178052827404,-356.0,-3.9608156334802302,-0.8660704115134079,2.9422520312264746,-1.1801581217562287,-0.3757661818181819,3.0,-0.3312463768116114,-0.2553333333332849,-0.1700000000000016,-0.2600000000000049,-0.05165,0.0,-0.1223000000000001,-0.0808000000000003,-0.07609999999999979,-1.1659486907430479,2.65917356692893,-0.500570669961393,1.0,1.0,0.0,3.0,,-0.21666406592493273,-0.18720667705103256,0.10359060067350818,4.0,,,
2009-01-01,2009,1,1,-0.07390899000000001,1.61089,-0.06299928,-0.01090971,-0.13293452,0.05902553000000001,-0.08839,-0.34446,-27.97346,-1.02109,2.0,-0.01347,-0.08154999999999998,-10.60636,-0.59984,2.0,-0.022420205342232793,0.0,-0.021561309194128978,2.0,-0.0085589532581186,2.0,-0.05875724623259198,0.025120456587450622,-0.065,-0.06287689303292865,-0.2033032669566266,-0.2100000000000004,-0.10963208744234443,0.766411304347826,0.0,0.0,0.0,-0.05,-0.0775,-0.07999999999999999,-0.085,1.65693,1.6344,-0.08436040450375312,-0.16258480390433086,-0.281465557820547,-0.2997425244950353,-0.058757613680426375,0.0008848833250343809,-65.0,-6.287689303292865,-0.20330326695662657,-0.5620455477530348,-0.10963208744234532,0.7592441818181818,2.0,0.0049999999999954,-0.011923076923065955,0.0,-0.0024999999999977002,-0.0064999999999999,0.0,-0.07679999999999981,-0.23910000000000012,-0.4171,1.5967591895475959,1.699243198866925,-1.2565146609592883,1.0,0.0,0.0,2.0,,0.035932100122688285,0.13762584565134972,-0.2457819811659407,4.0,,,
2009-04-01,2009,2,4,0.05728801,-0.05728,0.03981039,0.01747762,0.03205686,0.025231149999999997,0.32992,1.8343,10.89644,3.27462,2.0,0.05029,0.43426,4.13147,1.9236900000000001,2.0,0.0427796177328915,0.0,0.0470514046689823,2.0,-0.0215208065179104,2.0,0.08103473177617816,0.11360457673230324,0.142,-0.0899353634557869,0.17995907587648396,1.44,0.17257768122224526,0.7316923913043478,0.0,0.0,0.0,0.0175,0.0425,0.0775,0.10750000000000001,0.16498000000000002,0.11658000000000002,0.07902778501798469,0.156127358579503,0.14876131705607418,0.14072088859606435,0.08103465443355964,0.09487000395513748,142.0,-8.99353634557869,0.179959075876484,1.250380614210008,0.17257768122224523,0.7277527272727272,2.0,0.0,0.0081578947368346,-0.0024999999999977,0.0,0.03,0.0,0.0752999999999997,0.1506999999999997,0.16869999999999968,-0.02001160975111982,-0.09043733523700992,0.8393549516081834,2.0,0.0,0.0,2.0,,-0.017092274828175887,0.024715429355487463,-0.10995185197038357,4.0,,,
2009-07-01,2009,3,7,-0.10585664,0.26428999999999997,-0.09114292,-0.01471372,-0.06867524,-0.037181399999999996,-0.73014,-9.166129999999999,1.17853,-0.99728,2.0,-0.11129,-2.1700299999999997,0.44684999999999997,-0.5858599999999999,2.0,-0.0540625146741397,0.0,-0.054856841783813205,2.0,-0.0198538682399083,2.0,-0.10460972430040918,-0.07133413164975694,0.092,-0.10124490325602586,0.2189873646533611,0.44999999999999973,0.15364350918465597,0.5093687391304348,0.0,0.0,0.0,-0.0525,-0.115,-0.15,-0.15250000000000002,0.27115,0.2785,-0.09771981572630234,-0.06531147223110462,-0.039558768213374965,-0.03611917242058556,-0.10461012582241282,-0.09044045235321008,92.0,-10.124490325602586,0.21898736465336202,0.11602464256002254,0.15364350918465597,0.5136258636363635,2.0,-0.0099999999999909,-0.01576923076923275,0.0,-0.0099999999999909,-0.024,0.0,-0.09109999999999989,-0.0684499999999999,-0.050699999999999995,0.2219729870228676,0.19147794916074673,0.15102052736621924,0.0,0.0,0.0,2.0,,-0.005593738299791623,-0.23923605203044487,-0.06247418634463303,4.0,,,
2009-10-01,2009,4,10,-0.02394192,0.0341,-0.02394192,0.0,-0.0140027,-0.00993922,-2.07471,-4.22467,6.83964,0.7116,2.0,-0.31623,-1.00017,2.5933,0.41803,2.0,-0.0036012609535321996,0.0,-0.0017607756038979993,2.0,0.0072933660851736,2.0,0.002139903047497756,0.0017306485862489587,0.012999999999999998,-0.08813361847087897,0.09611461969254886,0.1299999999999999,0.18668242664693935,1.1740011739130434,0.0,0.0,0.0,-0.0175,-0.0125,-0.015000000000000001,-0.015000000000000003,-0.085723,-0.11399300000000001,-0.028071664747575956,0.03110981144503298,0.0430419243249339,0.054659666898233664,0.0021396777299079097,0.006971329453237892,13.0,-9.015654475810564,0.09611461969254886,0.2695604005745902,0.1866824266469394,1.1875351818181819,2.0,-0.031602564102580964,-0.00934615384615712,-0.0175000000000124,-0.022500000000007802,0.005799999999999901,0.0,-0.023700000000000103,0.030399999999999698,0.0569999999999998,0.030462889957505103,-0.0449034575662326,0.1307747594705932,1.0,0.0,0.0,2.0,,0.05918167927575147,-0.11189227185431477,0.07592637662784993,4.0,,,
2010-01-01,2010,1,1,-0.008438190000000005,0.28961000000000003,-0.03710515,0.02866696,-0.02147464,0.013036449999999998,-0.44577,0.6907799999999997,-0.7489600000000001,1.1426800000000001,2.0,-0.06795,0.16353000000000006,-0.28398,0.67127,2.0,0.0053595757553337,0.0,0.007580612006656801,2.0,-0.052475647469862205,2.0,0.007437964819244403,0.050376330907791186,-0.07100000000000001,-0.06556722276651783,0.062159436466489026,0.18999999999999995,0.005696452624779802,0.7062558695652174,0.0,-0.005,-0.015,-0.0175,-0.022500000000000003,-0.010000000000000002,0.012500000000000004,0.287617,0.275652,0.009210402630960998,0.010368146824745315,0.006611598404072126,0.01881428047641897,0.007437734612040312,0.047729036928182825,-71.0,-6.556722276651783,0.06215943646648903,0.4911503172920662,0.005696452624780694,0.7093904545454546,2.0,-0.015333333333333431,-0.004666666666661526,-0.0049999999999954,-0.0125000000000027,-0.020499999999999997,0.0,0.012850000000000104,0.008300000000000196,0.008099999999999798,0.2750868287950132,0.3810185105560046,0.07504087849789101,1.0,0.0,0.0,2.0,,0.016206975399249108,-0.0942241453382834,-0.02122564264767377,4.0,,,
2010-04-01,2010,2,4,-0.01979491,0.5139,-0.0069417,0.00393575,-0.03212216,0.029116210000000003,0.6254200000000001,-3.08623,0.5449999999999999,1.597,2.0,0.09533,-0.73064,0.20664000000000002,0.93817,2.0,0.0038415545014405176,,0.007003706643776059,3.0,-0.0046050096685,2.0,0.016686206360037554,0.026402966756871267,-0.10700000000000001,-0.02633687970148557,0.023566134799748895,-0.5300000000000002,0.021310302270991954,0.6759326956521741,0.0,-0.003,0.0,0.0,0.0,-0.0025000000000000005,-0.0024999999999999996,0.5432699999999999,0.55773,-0.014952569853706906,0.0008969259425687598,-0.0005811263397645641,0.005607643123432399,0.016686044552351394,0.02942470648475935,-107.0,-2.633687970148557,0.023566134799748895,-0.5511330628893139,0.021310302270991954,0.69092,2.0,0.0050000000000096,-0.01738095238095745,-0.0024999999999977,0.0050000000000096,0.03,,0.004100000000000199,0.0267999999999994,0.038200000000000095,0.4961722271370468,0.7117921101423482,-0.7244370621633827,2.0,1.0,0.0,3.0,,-0.009220085119466473,-0.13045149427865296,0.019939210603990704,4.0,,,
2010-07-01,2010,3,7,-0.02456467,1.27413,-0.02456467,0.0,-0.08819753,0.06363286,1.46775,-3.78299,-7.56632,2.48284,2.0,0.22372000000000003,-0.8956,-2.86883,1.45855,2.0,-0.006333526915523799,0.0,-0.0044654021566293,2.0,-0.004370010302502664,2.0,-0.01834119490670359,-0.033770059579804126,-0.032,-0.0022831148752615604,0.02329677129771479,-1.2900000000000005,0.13383807161840178,0.18634773913043473,0.0,0.003,0.0,-0.015,-0.0275,-0.045,-0.052500000000000005,1.2574,1.25449,-0.024142753052288475,-0.06851194365487517,-0.0755943054687693,-0.057430995389062656,-0.018341422511533322,-0.030373536027745313,-32.0,-0.228311487526156,0.023296771297714788,-1.1671059514530695,0.13383807161840178,0.17831099999999994,2.0,0.003690476190493757,-0.0030555555556016547,0.0025000000000119,0.0,-0.0219999999999999,0.0,-0.0198999999999999,-0.0766999999999997,-0.0693999999999998,1.3199697552928504,1.3138547581619666,-1.3318560454438442,0.0,0.0,0.0,2.0,,-0.007477175703806729,-0.04280817154453848,-0.004827014868600928,4.0,,,
2010-10-01,2010,4,10,-0.006820120000000001,-0.28818,-0.00483497,-0.00198515,0.01376028,-0.020580400000000002,0.77106,-1.86393,2.53647,-0.90794,2.0,0.11752,-0.44127,0.96172,-0.53337,2.0,0.0151503582484485,0.0,0.0183233295923479,2.0,0.006099748822812501,2.0,0.010960493399218306,-0.049460943469790214,-0.21100000000000002,0.009618274862926768,0.16992937888875215,0.27000000000000046,0.2799151683019403,0.6716067826086957,0.0,0.011,0.01,0.0075,-0.01,-0.01,-0.015,-0.38784,-0.42159,-0.0167298496373813,-0.03736516724132857,0.018790783962364797,0.1291003690726606,0.010960350363876945,-0.014252547202751164,-211.0,0.6089342105699558,0.16992937888875215,0.41676478507006737,0.2799151683019403,0.7015646363636363,2.0,0.012892156862733237,0.025490196078434002,0.0099999999999908,0.0200000000000101,0.0105,0.0,-0.0278999999999999,-0.0436,0.0824999999999995,-0.32839282775648015,-0.3787878787878788,0.2611435911533715,1.0,0.0,0.0,2.0,,-0.0025722756517896953,-0.022453695802223034,0.10684081885607899,4.0,,,
2011-01-01,2011,1,1,-0.0012397700000000003,0.19340000000000002,0.0,-0.0012397700000000003,-0.012143039999999999,0.01090327,0.06302,-1.5139700000000003,2.74099,1.1909100000000001,2.0,0.009609999999999999,-0.35842999999999997,1.0392700000000001,0.6996,2.0,0.008940148742181358,0.0,0.011482429513680599,2.0,0.01227037150671769,2.0,0.01325467639019691,-0.018521749703264753,-0.025,0.018265839175548138,0.14379043758050347,0.79,0.15586456634539392,0.5725871304347826,0.0,0.0,-0.005,-0.0075,-0.0025,-0.0075,0.0,0.25997600000000004,0.256104,-0.0018565501511127631,0.02451242977433445,0.0270339517947562,0.031597754192265765,0.013254488411766522,-0.003959675620699453,-25.0,1.826583917554814,0.14379043758050347,1.1279459579205708,0.15586456634539392,0.5652437727272727,2.0,-0.009843749999990943,-0.0049999999999954,-0.0024999999999977,-0.0049999999999954,-0.0062499999999999,0.0,0.0005000000000001011,0.031200000000000304,0.0367499999999999,0.22707861630000709,0.2162772491756591,0.0020808795066525002,1.0,0.0,0.0,2.0,,-0.08380690110111041,0.04651075221741763,0.0004776503402295646,4.0,,,
2011-04-01,2011,2,4,-0.0072101100000000005,0.28166,-0.01072061,0.0035105,-0.02038692,0.01317681,0.06803999999999999,-1.35953,0.20693000000000006,0.9042,2.0,0.01037,-0.32186000000000003,0.07846000000000003,0.53117,2.0,0.0028951608728685005,0.006323798709074228,0.0029287533948654998,2.0,0.002842687464349622,2.0,0.011413604793500287,-0.016064747522987324,-0.11299999999999999,0.018895022009338902,0.06125366777906116,-0.20000000000000018,0.08739769091321126,0.6186595652173912,0.0,0.0,-0.005,-0.005,-0.005,-0.007500000000000001,-0.0075,0.219225,0.23566199999999998,-0.003785226641768377,0.0016398335070575004,0.005846427143691284,0.005440990908780068,0.011413424006328868,-0.004139139847622618,-113.0,1.8895022009338902,0.06125366777906116,-0.34831719008934625,0.08739769091321128,0.6263492272727273,2.0,-0.014374999999986773,-0.0011647727272716545,-0.0024999999999977,-0.0099999999999908,0.019499999999999903,0.0,-0.0075000000000001,0.026550000000000098,0.0510999999999999,0.2646721905289489,0.2726258073566279,-0.26060446966229867,2.0,0.0,2.0,2.0,,-0.016417542536435452,0.009174441748416279,0.0499626709608703,4.0,,,
2011-07-01,2011,3,7,0.02878869,-1.48688,0.05609827,-0.02730958,0.10298560999999999,-0.07419692,1.2788400000000002,1.5569899999999999,-2.1333,-6.31956,2.0,0.19492,0.3686100000000001,-0.80886,-3.71244,2.0,0.038941687959154994,0.0,0.043715935976965506,2.0,0.0185473038593705,2.0,0.05839043200497451,0.05143700117524981,-0.11299999999999999,0.024931595311755927,-0.23229536659433592,-1.81,-0.0817298063447165,0.9212196086956521,0.0,-0.002,0.009999999999999998,0.065,0.065,0.0325,-0.015,-1.1910500000000002,-1.16566,-0.055418511414295775,-0.0842386964596322,-0.05620145670747265,-0.03702605451820418,0.05839051513930894,0.05526597986503402,-113.0,2.4931595311755927,-0.23229536659433506,-2.003962869549166,-0.0817298063447165,0.9187754999999997,2.0,0.0012878787878575926,0.020606060606071647,-0.0025000000000119003,0.009999999999990902,0.027499999999999997,-0.055999999999999994,-0.05080000000000011,-0.1069000000000001,-0.0741,-1.2008646629122564,-1.7536393977337037,0.35256444852917324,0.0,0.0,0.0,2.0,,0.02036031344540304,0.07091912917238324,-0.01903047383231529,4.0,,,
2011-10-01,2011,4,10,0.01964901,-0.9515,0.01964901,0.0,0.06651676,-0.04686775,-0.21953,4.84978,0.46717,-2.66543,2.0,-0.03347,1.14816,0.17713,-1.5658200000000002,2.0,0.019393626121153203,0.0090116227446877,0.0275929444360999,2.0,-0.007843561482846194,2.0,0.040783035267465954,0.05258770691372962,0.042,0.029501179019874257,0.013999811114064009,-0.51,-0.19449864006597917,0.606643652173913,0.0,-0.003,0.0,0.015000000000000001,0.02,0.0225,0.03,-0.90808,-0.8206600000000001,0.018467663765699097,0.022747892748206593,0.006765389552393081,-0.015599708817417634,0.040782933632188684,0.03649566348594732,42.0,3.005406631179675,0.013999811114064002,-0.9684272507728142,-0.19449864006597917,0.6071387272727271,2.0,0.004305555555551594,0.003611111111107789,0.0024999999999977,0.0049999999999954,0.033,0.017,0.0078999999999999,0.0063,-0.0332000000000002,-0.6941541078371024,-0.8035355564483728,0.4318731279296695,1.0,0.0,1.0,2.0,,-0.007510904465931112,0.09158181692378846,-0.12769782750010042,4.0,,,
2012-01-01,2012,1,1,-0.010359709999999998,0.3256,-0.01870518,0.00834547,-0.02457975,0.01422004,0.06318,-1.52826,-1.8374000000000006,0.48146,2.0,0.00963,-0.3618,-0.6966699999999999,0.28283,2.0,0.008951482962115398,0.0020820066842393,0.015660452815514002,2.0,0.0073059927820048,2.0,0.009888972865369276,-0.055105312317668714,0.067,0.03431670083802274,0.1687586359032096,-0.15999999999999992,0.024741444592219608,1.1107450869565219,0.0,0.003,-0.01,-0.00375,-0.004999999999999999,-0.010000000000000002,-0.012500000000000004,0.3480202,0.325688,-0.011040685302296287,-0.028822556673796244,-0.01252617267202858,0.008206366479499495,0.009875147890373009,-0.04422313477711251,67.0,3.431670083802274,0.1687586359032096,-0.3670465302345258,0.02474144459221961,1.1177676818181816,2.0,-0.0050000000000096,0.003611111111118045,-0.0024999999999977,-0.010000000000005,0.01,0.0004999999999999987,-0.007599999999999999,-0.027399999999999904,0.010500000000000398,0.8759408025501276,0.900583642106647,-0.40136906621343726,1.0,0.0,1.0,2.0,,-0.003467264431974119,0.016877450279779712,0.016929871431155732,4.0,,,
2012-04-01,2012,2,4,0.01683378,-0.04393,0.01683378,0.0,0.01103433,0.00579945,0.36875,2.38198,-1.4807500000000002,0.05967,2.0,0.05621,0.5639200000000001,-0.5614399999999999,0.035059999999999994,2.0,0.020289226468176002,0.008500869027685015,0.0169626531789323,2.0,-0.003642136561152899,2.0,0.041641722510960176,0.023876631998589207,-0.179,0.035415417138599636,0.00867398649918627,-0.8599999999999999,-0.11202940434712882,0.823599695652174,0.0,0.003,0.01,0.02,0.025,0.02,0.024999999999999998,-0.18296,-0.109948,0.024030434102871437,0.017674434438578766,-0.0035024067626852114,-0.029766507837102447,0.04164163902236135,0.035643599894601724,-179.0,3.541541713859964,0.00867398649918627,-1.1609305493179698,-0.11202940434712882,0.8210813181818181,2.0,0.010000000000019198,-0.000333333333306045,0.0025000000000119003,0.0049999999999955,0.0085,-0.0029999999999998994,0.012399999999999899,0.0016999999999999004,-0.0227500000000002,-0.0789857749517342,-0.11787021802197073,0.0870312040255012,2.0,0.0,2.0,2.0,,0.005186912379714859,-0.0050945715823212945,0.039281635167499426,4.0,,,
2012-07-01,2012,3,7,0.02928119,0.44427,0.01308696,0.01619423,-0.01182989,0.041111079999999994,2.52926,-1.09814,5.88527,3.5033499999999997,2.0,0.38551,-0.25998000000000004,2.2314499999999997,2.05805,2.0,0.0332990305448089,0.0006255872061580955,0.027401334886961302,2.0,-0.01200046707081117,2.0,0.046710591614761966,-0.01763363880964175,-0.049,0.03279833275752608,0.0757626200714876,-0.33000000000000007,0.17656037383828682,0.7946507391304347,0.0,0.02,0.025,0.02,0.025,0.03,0.035,0.45852000000000004,0.39691999999999994,0.04615039866590234,0.10891693518334013,0.09144730000880541,0.08601114392464344,0.04671050937345574,0.0037436515480387556,-49.0,3.2141250935517007,0.0757626200714876,-0.29450265627115035,0.1765603738382868,0.7847872727272727,2.0,0.0287352941176354,0.01961764705881942,0.0224999999999936,0.0250000000000056,0.0165,0.017,0.0336,0.029500000000000096,0.037599999999999995,1.4086921194348072,1.419582478643181,-0.11685155013163834,1.0,0.0,1.0,2.0,,0.08199126843661553,0.0059317525981794645,0.033181192181185294,4.0,,,
2012-10-01,2012,4,10,-0.0036996,0.39208,-0.0036996,0.0,-0.02521071,0.02151111,0.09777000000000001,-1.95541,0.7394399999999999,1.3674600000000001,2.0,0.01491,-0.46293,0.28037,0.80331,2.0,0.0088305767245347,0.0050650839019953,0.011379172883962799,2.0,0.005474501671646336,2.0,0.01303138580134031,-0.02978640839008343,0.03,0.03215737433109389,0.04231019466255237,0.31999999999999984,0.002964277967633322,1.256948086956522,0.0,0.001,0.0,-0.00125,-0.0075,-0.004999999999999999,-0.005,0.38655300000000004,0.357043,-0.0036961279899942676,-0.014089657823737469,0.007248652083542701,0.036736293277473804,0.013017568230598775,-0.019045259721776377,30.0,3.215737433109389,0.04231019466255237,0.34229443031545087,0.002964277967633315,1.2737062727272728,2.0,0.0040789473684173,-0.0081578947368346,0.0024999999999977,0.0049999999999954,-0.002,0.002,0.004,0.0014000000000000002,0.0464,0.0356867108773974,0.0172252825487244,-0.1625508128039282,1.0,0.0,1.0,2.0,,0.00353518422539988,-0.0010539351501025881,0.014405973995775973,4.0,,,
2013-01-01,2013,1,1,-0.0016183500000000002,0.03213999999999999,0.0,-0.0016183500000000002,-0.0027241400000000003,0.0011057899999999997,-0.0021500000000000026,-0.59709,-0.94455,-0.27876000000000006,2.0,-0.00033,-0.14135999999999999,-0.35813,-0.16374999999999998,2.0,0.0121987525413836,0.0026145688629539,0.014192476695581801,2.0,0.0059795822017939,2.0,0.0174473114832856,-0.039723342786494045,0.084,0.031277814185886044,0.13090839927755393,0.42999999999999994,-0.008043067157009531,1.405040695652174,0.0,0.0,0.01,0.0,0.005,-0.0024999999999999996,-0.005,-0.0031900000000000123,0.046516999999999996,-0.0073900151128250555,-0.015561114694963839,-0.013395933303262907,-0.015611873951377789,0.017447152072910484,-0.02582464585786789,84.0,3.1277814185886044,0.13090839927755393,0.5520987689590384,-0.008043067157009531,1.4005335454545453,2.0,0.0050000000000096,-0.003924242424264633,0.0,0.010000000000005,-0.0015,-0.007,-0.0058499999999999,-0.0144,-0.002100000000000199,0.06484931687208131,0.0453110656595752,0.045077957327172104,1.0,0.0,1.0,2.0,,0.01578490776107474,-0.04575989626413954,0.09027143895123563,4.0,,,
2013-04-01,2013,2,4,0.00598451,0.07687,0.00484687,0.00113764,-0.0015878199999999993,0.0075723299999999995,1.00216,-1.1912,5.5645299999999995,1.6675900000000001,2.0,0.15275,-0.28201,2.10983,0.9796400000000001,2.0,0.0136213138394859,0.0115304296114735,0.022882102688383,2.0,0.0038326809191088,2.0,0.01846810401093351,-0.018453654929987632,-0.092,0.031149135690585084,0.11778444561047774,-0.010000000000000231,-0.10373059517456085,1.2478714347826085,0.0,0.0,0.005,-0.005,0.0,0.0025,0.005,0.15036,0.057408,0.024017421952622835,0.06507141164737061,0.06563920970191826,0.053150461598071144,0.018467926663040472,0.00048436467504992843,-92.0,3.039969419302047,0.11778444561047773,0.002384876311297912,-0.10373059517456085,1.236819909090909,2.0,0.0,0.0050000000000096,0.0,0.0030000000000001,0.0015,0.035,0.044199999999999906,0.1651,0.1315,-0.4474236418198023,-0.3675152824903185,0.9565506054679633,1.0,0.0,1.0,2.0,,0.009632480201238108,-0.022673145014638123,0.03395128545613565,4.0,,,
2013-07-01,2013,3,7,-0.02001197,0.97524,-0.01574468,-0.00426729,-0.06811272,0.04810075,0.14792,-1.69854,-13.17901,0.05853000000000008,2.0,0.02255,-0.40212000000000003,-4.996919999999999,0.034379999999999966,2.0,0.0005794182480454995,0.0005223831231211362,-0.0001342974149920002,2.0,0.0033621419863344004,2.0,0.0019100555953003055,-0.020379926118113394,0.022,0.03374517707643321,0.11034604346519661,1.6400000000000001,-0.1062482280864483,1.4660136086956523,0.0,-0.003,0.0,-0.005,-0.01,-0.0175,-0.03,0.9376329999999999,0.9012579999999999,-0.04257074365521914,-0.1676713311804808,-0.13836746695134572,-0.0893149835326022,0.0019098717795010389,-0.004735234467632704,22.0,3.374517707643321,0.11034604346519572,2.2085085684961716,-0.1062482280864483,1.4622978181818183,2.0,0.0,-0.0049999999999954,0.0,0.0,-0.014999999999999899,-0.0629999999999999,-0.0602999999999999,-0.2563,-0.2199999999999992,1.224615840132028,1.2033161577078801,-0.8962235551729573,1.0,0.0,1.0,2.0,,0.005662429040650907,-0.05329040458123828,0.012807313238246631,4.0,,,
2013-10-01,2013,4,10,0.0036996,0.46577999999999997,0.00227073,0.00142887,-0.02590229,0.02960189,0.12653999999999999,-3.08495,2.8369100000000005,1.9704500000000003,2.0,0.019289999999999998,-0.73035,1.07563,1.15755,2.0,0.013225554709858901,0.0051815187623848,0.016162245660862502,2.0,-0.008158732337725301,2.0,0.020683022428381267,-0.0482818506706843,-0.009000000000000001,0.03523903648384952,0.09807876018405448,-0.16999999999999993,0.01871690252890179,1.413649956521739,0.0,0.0,0.0,0.01,0.0,0.0,0.0,0.5983099999999999,0.36918,-0.005558392829225077,0.019942809296803823,0.03208159755197949,0.04018274026785275,0.020682893054899336,-0.02534647414487317,-9.0,3.523903648384952,0.09807876018405448,-0.08853560274016248,0.01871690252890179,1.4054714545454545,2.0,0.005961538461532977,0.0049999999999954,0.0024999999999977,0.0050000000000096,-0.001,-0.0030000000000001,-0.0177500000000001,0.020599999999999896,0.050800000000000095,1.2644794430938675,1.236247301817813,0.6378786285548672,1.0,0.0,1.0,2.0,,0.0012003668173332337,-0.03908261325792049,0.03988549367329022,4.0,,,
2014-01-01,2014,1,1,0.020056960000000002,-0.6078,0.020056960000000002,0.0,0.04624241,-0.02618545,0.39238,5.73749,2.09827,-0.46729999999999994,2.0,0.05981,1.35832,0.79558,-0.27451000000000003,2.0,0.0217955533551557,0.0081267400871771,0.0298245781760504,2.0,0.002608237069597964,2.0,0.0338522331597409,0.0008498432079244913,-0.092,0.03265760346721969,0.07534735736247455,0.08000000000000007,0.07005610169322374,0.6598399565217392,0.0,-0.002,0.0,0.0025,0.0075,0.0175,0.034999999999999996,-0.71062,-0.68198,0.059329164060871374,0.09702137931966708,0.05403438791850086,0.013690202568110078,0.033852084600569404,0.015582354934332257,-92.0,3.2657603467219687,0.07534735736247455,0.09014405212469837,0.07005610169322374,0.6477905454545454,2.0,0.0,0.0,-0.0025000000000119,0.0,0.0179999999999999,0.0055499999999999,0.0729999999999999,0.1393,0.0524,-1.1837304844022398,-1.1689543216584908,0.799894632014974,1.0,0.0,1.0,2.0,,0.0017096679691986428,-0.03331882538314921,0.020599774472711163,4.0,,,
2014-04-01,2014,2,4,0.008345469999999999,0.33537,0.0,0.008345469999999999,-0.01580927,0.02415474,0.08852,-0.39505,0.29130999999999996,1.40434,2.0,0.01349,-0.09351999999999999,0.11046,0.8249799999999999,2.0,0.0176135873674393,-0.0032063477169563,0.0147449394973969,2.0,-0.013766318786475398,2.0,0.02829917841744861,0.0011076109953408603,-0.006,0.034340499718588546,0.10133917326624076,-0.040000000000000036,0.0749957413552087,0.35520465217391306,0.0,0.0,0.0,0.0025,0.0075,0.015,0.015000000000000001,0.342823,0.3425009,0.020414217219095268,0.029497441116056046,0.015039956228919446,-0.006076965604742659,0.028299030265092402,0.005213510250320807,-6.0,3.4340499718588537,0.10133917326624076,-0.10218869671728292,0.0749957413552087,0.34637786363636347,2.0,0.0,-0.0049999999999954,-0.0024999999999977,0.0,0.0074999999999999,-0.0019999999999999996,0.0039,0.0016999999999999997,-0.011699999999999901,0.6830402713262631,0.6573401673586959,-0.0749053208937189,1.0,0.0,1.0,2.0,,0.002224778867169632,-0.04669507013460334,0.002137273421913932,4.0,,,
2014-07-01,2014,3,7,0.00815638,0.64564,-0.00607474,0.01423112,-0.034390330000000004,0.04254671,0.16771,0.4344100000000002,-0.71826,2.65729,2.0,0.02556,0.10285,-0.27232999999999996,1.5610300000000001,2.0,0.0170460384555829,0.0067285674204295,0.024230601914954998,2.0,0.011530118390489702,2.0,0.027312414317253182,0.04610541260887345,-0.0050000000000000044,0.03765622738770347,0.08753580608106049,-0.2799999999999998,-0.1810125461199723,0.18920278260869566,0.0,0.0,-0.005,-0.0025,0.0024999999999999996,0.01,0.027499999999999997,0.78314,0.63254,0.029789440767186117,0.03717123530276251,0.01745812044327219,0.0010165636124567362,0.027312246466773268,0.03451521207185933,-5.0,3.7656227387703467,0.08753580608106049,-0.41259780161848836,-0.1810125461199723,0.18157868181818176,2.0,0.0,0.0,0.0,-0.0049999999999954,0.0045,0.026000000000000002,0.028399999999999998,0.0401,0.031800000000000495,0.735843601982455,0.7080156652116117,0.47960139481975905,1.0,0.0,1.0,2.0,,-0.03967549093860251,-0.056472701862533815,-0.01832671352418988,4.0,,,
2014-10-01,2014,4,10,-0.02894445,0.44731,-0.02894445,0.0,-0.041123849999999997,0.012179400000000002,0.10573000000000002,-4.33016,1.69542,1.2550700000000001,2.0,0.01611,-1.02514,0.64283,0.7373000000000001,2.0,-0.0084035533560122,0.0360795582685496,0.023784543495079902,2.0,-0.0318326778939769,2.0,-0.01996955549568897,0.048165154836378725,0.129,0.03987948074275138,-0.0026591769030837042,-0.7100000000000004,-0.1885877888251768,-0.832057347826087,0.0,0.001,-0.005,-0.015000000000000001,-0.0425,-0.042499999999999996,-0.045000000000000005,0.6217900000000001,0.43417999999999995,-0.031768384843904734,-0.01110793021014269,0.006477781621880722,0.008267249973038519,-0.019969789877966035,0.007384405826817375,129.0,3.987948074275138,-0.002659176903083704,-0.8183702314273584,-0.18858778882517674,-0.8556398181818183,2.0,0.0,0.01107142857141839,0.0,0.0,0.0124999999999999,0.041,0.0393999999999999,0.0767499999999998,0.0476,0.4801733452350178,0.48593266084489795,1.2666212818994378,1.0,0.0,1.0,2.0,,-0.020734317842305342,-0.023553677997772682,-0.05241443649255702,4.0,,,
2015-01-01,2015,1,1,-0.07186577,1.17306,-0.06566218,-0.00620359,-0.10582613,0.033960359999999995,0.42719999999999997,-10.86021,-2.99697,1.3811900000000001,2.0,0.06511,-2.5711,-1.13633,0.81138,2.0,-0.0327042414733053,-0.012781930883993,-0.0457276631500903,2.0,-0.0306352117311392,2.0,-0.06616901497467123,0.003905950603244772,0.064,0.0440076859590981,0.07527422265009864,-0.5,-0.23343476051554735,-0.886216608695652,0.0,-0.003,-0.01,-0.049999999999999996,-0.07250000000000001,-0.0925,-0.1075,1.46079,1.3418,-0.09494282808811066,-0.09303692001543472,-0.06704735794614032,-0.055522944190427706,-0.06616938127632245,-0.03653130235461277,64.0,4.40076859590981,0.07527422265009866,-0.8621795982968938,-0.23343476051554735,-0.8796164545454546,2.0,-0.005961538461532977,-0.0150000000000005,-0.0024999999999977,-0.0100000000000051,-0.0034999999999999996,-0.0232999999999999,-0.1396999999999989,-0.1693999999999999,-0.1371999999999999,1.6670719826641882,1.6679717892571349,-1.2296444660201338,1.0,0.0,1.0,2.0,,-0.008616824433723115,-0.04454769038029074,0.038290687262009675,4.0,,,
2015-04-01,2015,2,4,-0.04321305,0.42528,-0.04321305,0.0,-0.046945549999999996,0.0037324999999999997,-0.51319,-4.7689200000000005,-2.1903,-0.09319999999999995,2.0,-0.07822,-1.1290200000000001,-0.83047,-0.05474000000000001,2.0,-0.0133509293397087,-0.0097212773699537,-0.0245215036341273,2.0,0.005864749456815102,2.0,-0.03241311509500209,-0.030648529712571364,-0.062,0.04277332800104716,0.050886286503426525,0.4700000000000002,0.08624189502880508,-0.10136508695652174,0.0,-0.003,-0.01,-0.0325,-0.0475,-0.052500000000000005,-0.060000000000000005,0.32981000000000005,0.46676799999999996,-0.05218882576744672,-0.0708978281989592,-0.05463711275232061,-0.0487665624656614,-0.03241340902806182,-0.0327636280855457,-62.0,4.277332800104716,0.050886286503426525,0.392587015829033,0.08624189502880508,-0.11285445454545467,2.0,-0.01653846153847909,-0.0199999999999959,-0.0050000000000096,-0.0099999999999908,-0.022,-0.019,-0.0807999999999999,-0.11599999999999999,-0.0790999999999995,0.7095307655024179,0.7290644092311827,-0.15402038686531472,1.0,0.0,1.0,2.0,,0.0032004737318232245,-0.006701527947930892,-0.04176683750098561,4.0,,,
2015-07-01,2015,3,7,-0.0816993,0.26871,-0.0816993,0.0,-0.05685993,-0.02483937,-6.272600000000001,-3.58148,-1.22385,-0.83335,2.0,-0.95608,-0.8479,-0.46404,-0.48954999999999993,2.0,-0.034691448277546784,-0.0091406914740831,-0.0451334962563501,2.0,-0.012660751591412701,2.0,-0.06162283531967693,0.010188757697119744,-0.049,0.04082607319061893,-0.05530399970853139,0.16000000000000014,-0.19879549507759275,-0.3899264347826087,0.0,-0.027000000000000003,-0.055,-0.0675,-0.075,-0.08,-0.08,0.34872499999999995,0.38639999999999997,-0.0689299489210883,-0.07919112735476586,-0.054041821581215115,-0.029980854568479494,-0.06162325803967931,-0.0163962973296341,-49.0,4.082607319061893,-0.0553039997085314,0.0228640070333177,-0.19879549507759273,-0.3933498636363638,2.0,-0.0684615384615417,-0.059999999999988,-0.0300000000000011,-0.0549999999999925,-0.012,-0.025500000000000002,-0.09679999999999991,-0.0943,-0.0724999999999997,-0.14473519980265362,-0.1436789725861625,-0.5211080016239289,1.0,0.0,1.0,2.0,,-0.018945565959115264,-0.004514646688095591,-0.021207091382570997,4.0,,,
2015-10-01,2015,4,10,0.06615615,-0.46628000000000003,0.04094315,0.025213,0.060859970000000006,0.005296179999999999,2.5034899999999998,6.2248,-1.4497399999999998,-0.48541,2.0,0.38159,1.47369,-0.54968,-0.28515999999999997,2.0,0.0467838386110904,0.0121384858118552,0.0565898860620713,2.0,-0.0296593091007071,2.0,0.0819185645380206,0.1181570038238,-0.047,0.038412517081637176,0.044391234251997425,-0.3700000000000001,-0.13906249859048803,-0.2538255652173913,0.0,0.01,0.0125,0.035,0.06,0.07,0.08,-0.516758,-0.5119,0.053895484555434546,0.04502851861846641,0.011012337673883786,-0.04152362042413815,0.08191855132667003,0.10198749282759345,-47.0,3.841251708163718,0.044391234251997425,-0.5092149714726135,-0.13906249859048803,-0.2522840454545455,2.0,0.02599999999999144,0.04099999999999194,0.0150000000000005,0.0149999999999864,0.0524999999999998,0.054999999999999896,0.0879499999999998,0.0678,0.021399999999999798,0.2126098506934242,0.21440151256511153,1.370911615309188,1.0,0.0,1.0,2.0,,-0.005420404766719605,-0.05619296768411338,-0.05933086879823488,4.0,,,
2016-01-01,2016,1,1,-0.11624905,-0.09888000000000002,-0.08784511,-0.02840394,-0.05223306,-0.06401599,-1.65274,-8.58965,-2.0325,-3.37256,2.0,-0.25192,-2.03356,-0.7706500000000001,-1.98122,2.0,-0.0548774260064656,-0.0134262594670239,-0.0703203765460066,2.0,0.005239502305649,2.0,-0.10540553299473468,-0.059717783732803294,0.138,0.03732562822593799,-0.07440754715533959,-0.72,-0.06643155870241113,-0.5650632173913045,0.0,-0.009000000000000001,-0.0275,-0.075,-0.11,-0.1325,-0.155,-0.08294999999999997,-0.17859,-0.13083137868126143,-0.141196259515787,-0.09134087224498652,-0.04313260285233702,-0.10540600149338421,-0.09268067594741979,138.0,3.732562822593799,-0.07440754715533959,-0.6953792945033161,-0.06643155870241117,-0.5589494090909091,2.0,-0.02050000000002469,-0.07533333333333583,-0.010000000000005,-0.030000000000015202,-0.028,-0.038999999999999896,-0.15529999999999988,-0.1519,-0.07949999999999979,0.4652680758296126,0.4518573088446079,-1.2220983343267982,1.0,0.0,1.0,2.0,,0.01135219267343111,-0.006204919811069937,-0.0037341213294531496,4.0,,,
2016-04-01,2016,2,4,-0.03305078,0.20009,0.0,-0.03305078,-0.02844715,-0.004603630000000001,-0.22397000000000003,-3.6281299999999996,-0.5092,-0.25373999999999997,2.0,-0.034140000000000004,-0.85894,-0.19308,-0.14905999999999997,2.0,-0.006741288371455899,0.0074217937793083,-0.0030731772089753005,2.0,0.0521396556354254,2.0,-0.02152523502125642,-0.046432063832582623,-0.10200000000000001,0.03581359274342155,0.11843252172557861,-0.2799999999999998,0.29195964632087,-0.5984169565217392,0.0,0.0,-0.01,-0.0325,-0.04,-0.037500000000000006,-0.039999999999999994,0.343509,0.197625,-0.03532445931208907,-0.03377067512662156,-0.022807643474684513,-0.010840262298438843,-0.021525523846729892,-0.04125143715745778,-102.0,3.581359274342155,0.11843252172557861,-0.3908347636137322,0.29195964632087,-0.5992220454545455,2.0,-0.0050000000000096,-0.0149999999999723,0.0,-0.0150000000000147,0.004,-0.028999999999999998,-0.0323,-0.025700000000000098,-0.0102999999999997,0.2494021998248591,0.21597551821259509,0.01392284944425809,1.0,0.0,1.0,2.0,,0.008751062282333908,0.03147387287301985,-0.006313046623103062,4.0,,,
2016-07-01,2016,3,7,-0.030903560000000004,0.50542,-0.03626121,0.00535765,-0.04556571,0.01466215,-4.596509999999999,-1.8117500000000002,-2.56542,0.43969,2.0,-0.70061,-0.42893,-0.9727,0.25830000000000003,2.0,-0.005837283463238299,-0.0029306713064663,-0.007425357019217201,2.0,-0.019679786149887437,2.0,-0.00762531826723228,-0.0031971159150149947,0.069,0.03486311849729695,0.06898532229028298,-0.49,-0.027530612579337976,-0.059966347826086924,0.0,-0.018,-0.05,-0.02,-0.0225,-0.027500000000000004,-0.027500000000000004,0.39232,0.48296,-0.039196538197687314,-0.04986152624379815,-0.038785387608352706,-0.042851559776686386,-0.007625557763829978,-0.015610269738323036,69.0,3.486311849729695,0.06898532229028298,-0.43608528138474223,-0.02753061257933797,-0.048872090909091004,2.0,-0.06000000000000677,-0.027261904761873648,-0.0199999999999959,-0.0550000000000068,-0.015,-0.0274999999999999,-0.028499999999999897,-0.044199999999999906,-0.0553999999999998,0.965648608101348,0.9811972049124129,-0.23940517456998708,1.0,0.0,1.0,2.0,,-0.004092043451900572,0.03251909099191487,-0.08355872625778779,4.0,,,
2016-10-01,2016,4,10,0.04171505,-0.1797,0.03838522,0.00332983,0.03156441,0.010150639999999999,-0.72209,5.70758,2.7910500000000003,1.39703,2.0,-0.11006,1.35124,1.05824,0.82069,2.0,0.036218912297863,0.010547846867462,0.0486811239326727,2.0,0.0025587567179086003,2.0,0.05840444621367057,0.04664173601736829,-0.016999999999999998,0.03379257046404227,0.02326216724432051,0.7899999999999998,0.13627606436082207,0.3102545217391305,0.0,-0.005,0.0,0.00125,0.0225,0.05,0.085,-0.157097,-0.18544,0.07330013616329291,0.08737149766745565,0.06655377023510466,0.04693645709326234,0.05839065586424725,0.05097105280753822,-17.0,3.528760400628883,0.02326216724432051,1.0815461408434073,0.13627606436082207,0.3183086818181817,2.0,-0.009915966386545499,0.009765795206977419,-0.007499999999993099,-0.0050000000000096,-0.004,-0.006,0.1014000000000001,0.1217999999999998,0.0913999999999998,-0.6700500820196428,-0.5575047700310558,1.053809450699608,1.0,0.0,1.0,2.0,,0.010132085597541056,0.010314835684132814,0.00874467813641424,3.0,,,
2017-01-01,2017,1,1,-0.06959372,0.44324,-0.06959372,0.0,-0.06120598000000001,-0.00838774,0.28222,-9.30831,-0.93232,-0.74673,2.0,0.04301,-2.20369,-0.3535,-0.43867,2.0,-0.0274073600522321,0.0026979301941427,-0.0289331228193213,2.0,-0.0082217299441171,2.0,-0.06493592176204475,-0.04741924702444321,0.02,0.03374638654231532,0.11703018344407745,0.33000000000000007,0.03357695277149553,-0.3749433478260869,0.0,-0.005,-0.01,-0.05500000000000001,-0.0675,-0.0925,-0.10250000000000001,0.2320174,0.42322,-0.09800948855638392,-0.0960360014498433,-0.06138933120451624,-0.01579026912212679,-0.06493630203556336,-0.05560665363537844,20.0,3.2982806833281577,0.11703018344407834,0.6238089416225574,0.03357695277149553,-0.4050420000000001,2.0,-0.0003414351851848728,-0.024720362103179568,-0.0024999999999977,-0.010000000000005102,-0.034,-0.0510000000000001,-0.1011999999999999,-0.1235999999999999,-0.0782000000000002,0.6665066366861856,0.7325028581672346,-0.7306898989729621,1.0,0.0,1.0,2.0,,-0.0065055998361968695,-0.005326941637856948,-0.007339861793160332,3.0,,,
2017-04-01,2017,2,4,0.03389699,-0.002009999999999998,0.01965268,0.01424431,0.017068260000000002,0.01682873,1.90602,2.2885,0.64671,0.9736400000000001,2.0,0.29052,0.54179,0.24520999999999998,0.57197,2.0,0.0322939424442054,0.0063621316018332,0.0402316995199104,2.0,0.00037199575304389977,2.0,0.04935117650915216,0.08306200326751598,-0.124,0.03311995144830071,0.06934009916700123,-1.07,-0.029253129457309512,-0.808565304347826,0.0,0.008,0.0275,0.02,0.030000000000000002,0.0325,0.037500000000000006,0.07062399999999999,-0.040809,0.043275637349460404,0.04074077684663525,0.027983906336303627,0.01426635062720787,0.0493510968743175,0.07262893528790657,-124.0,3.309296253338268,0.06934009916700123,-1.0456675512305336,-0.02925312945730952,-0.8183365909090909,2.0,0.015982142857154963,0.021796874999994248,0.0075000000000074,0.0250000000000056,-0.0010000000000002004,0.0164999999999999,0.0666999999999999,0.0674999999999998,0.048349999999999504,-0.19896559039317518,-0.2042847816125407,0.7335841345289956,1.0,0.0,1.0,2.0,,0.00878549951665261,-0.02886811596773542,0.07174620123974598,3.0,,,
2017-07-01,2017,3,7,0.02981719,-0.12517,0.02981719,0.0,0.02236647,0.007450719999999999,-0.01491,2.25687,0.65602,0.23108000000000006,2.0,-0.0022700000000000003,0.5343,0.24872999999999995,0.13573999999999997,2.0,0.0263120014912679,0.002224782464418,0.03160331844698451,2.0,0.007856402320328899,2.0,0.05464693888190745,0.052125601781315145,0.015000000000000003,0.03214355371432909,0.0830033922091431,-0.33000000000000007,0.0561851394447217,-0.1383759130434783,0.0,-0.002,0.005,0.030000000000000002,0.0325,0.034999999999999996,0.0425,-0.040870000000000004,-0.114576,0.026443169968717414,0.029843561032268547,0.021821327967418147,0.018662168325036685,0.054646892725938576,0.04834663465726568,15.0,3.214355371432908,0.0830033922091431,-0.08933335048756998,0.0561851394447217,-0.1348369545454547,2.0,-0.01249999999998856,-0.009913793103496445,-0.00499999999999542,-0.0099999999999908,0.0060000000000002985,0.0010000000000001,0.037399999999999906,0.04020000000000021,0.024599999999999896,-0.0610468389107426,-0.039821157890457495,0.6190253335052341,1.0,0.0,1.0,2.0,,-0.036034835866618986,0.08470718888391451,-0.030898562915878027,3.0,,,
2017-10-01,2017,4,10,-0.004169010000000001,0.16144,-0.00607474,0.00190573,-0.011703419999999999,0.00753441,-0.22693,-1.29953,-0.15295999999999998,0.27954,2.0,-0.03459,-0.30766000000000004,-0.057999999999999996,0.16421000000000002,2.0,0.0112697015995578,-0.0012273383579907,0.009387913563194076,2.0,-0.0081391351073871,2.0,0.01444759463476274,0.026340210288998113,-0.09,0.02916670437066493,0.10995755613658975,-0.029999999999999805,0.05283263781277636,-0.33178865217391307,0.0,0.0,0.005,0.0012500000000000002,-0.0024999999999999996,-0.005,-0.0075,0.3413,0.18060500000000002,-0.01142419482336373,-0.015124867177999442,-0.010305910104392569,-0.004477101702094156,0.014461083479851462,0.01866378751688797,-90.0,2.891194781908268,0.10995755613658975,-0.3161247819053754,0.05283263781277725,-0.3056391363636365,2.0,0.0017193486590022494,0.006867816091947704,0.0,0.0,-0.0145000000000002,-0.0195000000000001,-0.030700000000000203,-0.0335000000000001,-0.0132500000000002,0.1278227048611767,0.1248994113669169,-0.3012956497654514,1.0,0.0,1.0,2.0,,-0.011883999263537162,-0.015873123578657618,-0.10870574381423394,3.0,,,
2018-01-01,2018,1,1,0.0037396700000000005,0.24429,0.0037396700000000005,0.0,-0.01268545,0.016425119999999998,-0.42785999999999996,-1.86064,2.9051400000000003,1.30641,2.0,-0.06520999999999999,-0.4405,1.10151,0.76745,2.0,0.0123950046000473,-0.0044329229687559,0.007238499265082601,2.0,0.0163924642871381,2.0,0.01980117437866903,0.014963675112058553,0.066,0.029425288582599407,0.11881412816725678,0.050000000000000044,0.09412545590854382,-0.164847652173913,0.0,0.003,-0.005,0.0,-0.0025000000000000005,0.005,0.005,0.022010000000000002,0.322341,0.0018797499021157823,0.030810767480832363,0.03279866805381214,0.044340555666865566,0.019801012359128116,0.0037728666028027276,66.0,2.94252885825994,0.11881412816725678,-0.08951271861959209,0.09412545590854293,-0.16078809090909105,2.0,-0.0074999999999931,0.010405172413768354,0.0025,-0.0074999999999931,0.0,-0.014499999999999999,-0.0208,0.0014999999999995989,0.0133000000000001,-0.2144430535845615,-0.2964235724912497,-0.2795890855967793,1.0,0.0,1.0,2.0,,0.004231699191811478,0.020148772890631376,0.015191884138429933,3.0,,,
2018-04-01,2018,2,4,0.013196920000000001,0.007470000000000004,0.013196920000000001,0.0,0.006153390000000002,0.00704353,-1.13813,2.40243,0.39426,0.62903,2.0,-0.17348,0.5687599999999999,0.14949,0.36952,2.0,0.0170189450134762,0.0007911400947672054,0.018153488689082,2.0,-0.016385211977360602,2.0,0.03069333856353626,0.05680969411371631,-0.041999999999999996,0.031328861019487064,-0.07884173090843571,-0.24,0.03770871650318153,-0.198608,0.0,-0.005,-0.01,-0.0025,0.0075,0.02,0.025,-0.135661,-0.0021900000000000253,0.032754159929059515,0.020283497759031648,0.018273314749113027,0.023849845242951997,0.030693174768310537,0.044335603759278225,-42.0,3.169334886220199,-0.07884173090843571,-0.27691356319394145,0.037708716503181534,-0.1869412727272728,2.0,-0.007084178499004341,-0.008142663962128358,-0.005000000000009599,-0.0050000000000096,-0.0040000000000005,0.0110000000000002,0.0168,0.0188000000000006,0.0199999999999996,-0.015913114782295013,-0.018995796087393296,-0.2588513151550981,1.0,0.0,1.0,2.0,,0.010228941800489576,-0.010196944837052265,-0.0078003383071131305,3.0,,,
2018-07-01,2018,3,7,-0.0020976500000000004,0.24758,-0.00307972,0.00098207,-0.01580013,0.01370248,1.0606799999999998,-1.33179,-0.53298,0.6755,2.0,0.16166999999999998,-0.31529,-0.20207999999999998,0.39681999999999995,2.0,0.009917470215176201,0.0034341093824295,0.0126969623672298,2.0,0.003832680919108722,2.0,0.008983431507829981,0.03225355924767266,0.026999999999999996,0.031204104012800826,0.11006367861039212,-0.25,-0.05975039268984528,-0.31307365217391303,0.0,0.001,0.005,0.0025,-0.01,-0.01,-0.0175,0.230958,0.274011,-0.005803119620220147,-0.014073424504008664,-0.007494205121437108,0.0009254904498948681,0.008983272513960711,0.014499184641125325,27.0,3.2089396923172586,0.11006367861039301,-0.3128672191822277,-0.05975039268984528,-0.28663972727272735,2.0,0.0074166666666741436,0.0100000000000051,-0.0024999999999977,0.005000000000009701,-0.0005000000000005998,-0.0110000000000001,-0.0121999999999999,-0.0185999999999996,-0.0243000000000001,-0.016611271952800096,-0.033089593530176396,-0.004924552328844298,1.0,0.0,1.0,2.0,,0.0036970044712008703,-0.024909999072995907,-0.00751213599124727,3.0,,,
2018-10-01,2018,4,10,0.02810714,-0.84684,0.02378951,0.00431763,0.06450998000000001,-0.03640284,2.73296,3.0028699999999997,-0.72875,-2.69457,2.0,0.41657,0.71092,-0.27631,-1.58294,2.0,0.029069511231305502,-0.0039870296723259,0.0254149854789094,2.0,0.006099748822812501,2.0,0.04646549679433702,0.10457007774095477,0.019000000000000003,0.03117006646133902,-0.14755181597388134,-0.5,-0.040904973820754975,-0.5305219565217392,0.0,0.015,0.0275,0.035,0.0275,0.0225,0.0225,-0.9049400000000001,-0.713112,0.011602934564191697,-0.006068935370824817,-0.009633984037261737,-0.020721204492465145,0.04646546315378243,0.08176747889075817,19.0,3.117006646133902,-0.14755181597388134,-0.18387393021912637,-0.04090497382075409,-0.553312590909091,2.0,0.03265151515152205,0.00920454545455139,0.015000000000000499,0.0250000000000056,0.0129999999999998,-0.0264999999999999,-0.0186000000000002,-0.0386000000000001,-0.0515000000000007,-2.4406907477546054,-2.438676659578714,0.5767834244303927,1.0,0.0,1.0,2.0,,-0.005453590324649135,-0.012848661760356301,-0.0036684549382184385,3.0,,,
2019-01-01,2019,1,1,-0.05979297,1.27982,-0.05979297,0.0,-0.1061507,0.04635773,0.25422,-10.935130000000001,-2.64311,1.89064,2.0,0.03875,-2.5888299999999997,-1.0021499999999999,1.11066,2.0,-0.0184341749160673,0.0016187229277667995,-0.022463203989607203,2.0,0.0037125142980902,2.0,-0.04666534211892576,0.008250363359120553,-0.023999999999999994,0.028862023424219174,0.028790298320442886,-0.77,0.013207079147541378,-1.1770329130434782,0.0,-0.002,0.0,-0.015,-0.052500000000000005,-0.08249999999999999,-0.1,1.4223,1.24267,-0.10364298237252279,-0.10178738998074993,-0.07235358653623662,-0.040661392380499185,-0.04666558546369428,-0.014100392063853705,-24.0,2.8862023424219183,0.028790298320442886,-0.43563998586546954,0.013207079147541378,-1.1548115,2.0,0.0,0.0,-0.0024999999999977,0.0049999999999954,-0.044500000000000095,-0.0980000000000002,-0.1140999999999995,-0.1309000000000004,-0.0858999999999996,1.2844990912344145,1.1424113923259762,-1.1131882145870682,1.0,0.0,2.0,2.0,,-0.020113319769176064,-0.013293861786720925,0.008669298531286753,3.0,,,
2019-04-01,2019,2,4,-0.11916309,0.44243,-0.11916309,0.0,-0.0859424,-0.03322069,3.6232999999999995,-13.1695,0.6929,-0.9159900000000001,2.0,0.55227,-3.1178100000000004,0.26272,-0.5381,2.0,-0.0517036870495036,0.0088471959213944,-0.0444160096805254,2.0,0.0133739387446585,2.0,-0.11666791467348409,-0.05993665925319591,-0.08399999999999999,0.027146304989285497,0.13347345394538834,-0.53,-0.017010149981745215,-1.2610862608695654,0.0,-0.0020000000000000018,0.0325,-0.08,-0.1225,-0.1525,-0.16,0.42542,0.53242,-0.12553906511162033,-0.10136309499079177,-0.06618678302810746,-0.03674577225102935,-0.11666840808050624,-0.07643139628048942,-84.0,2.608322456258527,0.13347345394538743,-0.06271258589872175,-0.017010149981745208,-1.2177636363636366,2.0,0.028712121212104508,-0.06015151515151956,-0.005000000000009601,0.039999999999992,-0.0895000000000001,-0.09499999999999889,-0.0766,-0.042400000000000194,-0.0282,0.10617180177265101,0.0464773644882428,0.23143973221208997,1.0,0.0,2.0,2.0,,-0.040128056884722485,-0.018334219451708596,0.0079705108366035,3.0,,,
2019-07-01,2019,3,7,0.08173432,-0.51103,0.08173432,0.0,0.07131534,0.01041898,7.3731,3.7604100000000003,-0.59488,-0.52098,2.0,1.1238199999999998,0.89025,-0.22554999999999997,-0.30604,2.0,0.0604329663380853,0.0648168224505698,0.1130089138080724,2.0,-0.005421125501259801,2.0,0.05020557964152483,0.07955310464282914,0.034,0.02503692945928293,0.06492674819538813,-0.12,0.008535654754948219,-0.43955173913043477,0.0,0.0165,0.014500000000000002,0.0275,0.0325,0.030000000000000002,0.0325,-0.588825,-0.19341,0.03405819735288168,0.029542938409212526,0.02263373795192249,0.01058971467169962,0.05020552503663968,0.05746342016650043,34.0,2.503692945928293,0.06492674819538811,-0.35413158828771885,0.008535654754948212,-0.41528727272727284,2.0,0.08687499999999895,0.10499999999997546,0.0187499999999971,0.07000000000000729,0.1245,0.1269999999999999,0.1666,0.1013999999999998,0.04785,-0.6292911600558664,-0.6051521889162451,0.7444633674798606,1.0,0.0,2.0,2.0,,-0.0027912197350571186,-0.004434848709498982,-0.02037130989358272,3.0,,,
2019-10-01,2019,4,10,0.0082069,0.51687,-0.00578206,0.01398896,-0.02669269,0.03489959,-1.91384,-0.78264,-0.85975,1.5266300000000002,3.0,-0.29171,-0.18529000000000004,-0.32598,0.89682,3.0,0.0292223424800402,-0.012232957938770144,0.017898579969068,3.0,0.0118658700070008,2.0,0.03338094039846664,0.08127727886087777,0.077,0.02685031835853202,0.03191518445488839,0.55,-0.008653380091676155,-0.49505978260869554,1.0,-0.003,-0.0185,-0.005000000000000001,0.009999999999999998,0.009999999999999998,0.009999999999999998,0.95228,0.51262,-0.005667431431848992,-0.0036839230850447885,-0.00680598184191001,-0.00646404856924406,0.033380687930071005,0.05914867830476676,68.0,4.013201560009705,0.03717117804000658,0.1834612185274794,0.01157403543458369,-0.7393079090909094,3.0,-0.0125000000000028,0.006875000000001541,0.0024999999999977,-0.0174999999999982,-0.0105,-0.0334999999999996,-0.0242999999999999,-0.0381,-0.0385999999999997,0.898283824808278,0.8823763274291303,-0.5594534278161828,1.0,1.0,2.0,3.0,,-0.0037270875411324483,-0.02021800620644628,-0.010800972720153519,3.0,,,
2020-01-01,2020,1,1,-0.25407894,0.02827,-0.19130331,0.00035906999999999953,-0.12101492,-0.06992932,-24.090159999999997,2.41052,-1.36456,0.38938999999999996,2.0,-3.67186,0.57068,-0.51739,0.22874,2.0,-0.18465401827004982,-0.014368089952837502,-0.18739764141417414,6.0,0.0246653173685424,2.0,-0.40534597476611184,-0.3466202198025136,0.045,0.02801288066591745,0.07262885556683685,-0.39,-0.08149881439713891,-0.9109850434782609,5.0,-0.33949999999999997,-0.2705,-0.56375,-0.4375,-0.3725,-0.3575,0.0,5.407063,-0.2831786364257026,-0.32999865216971364,-0.26380600842267543,-0.2440426541182793,-0.4053348700183342,0.02509770456303355,437.0,8.562934133306575,-0.9737119931040974,0.7476776333732343,-1.0356460974468913,-3.534343681818182,6.0,-0.4743377976190342,-0.2249999999999794,-0.3599999999999991,-0.29249999999997506,-0.221499999999999,-0.28149999999999886,-0.40509999999999996,-0.6131999999999999,-0.5465,-9.0196943514519,2.6928576926656373,-2.534231280134604,0.0,5.0,3.0,6.0,,0.08693041430383389,0.0464111456542913,-0.11639523040821743,4.0,,,
2020-04-01,2020,2,4,-0.01687229,0.4038,-0.00237514,-0.01449715,-0.03249535,0.015623060000000001,-2.9210599999999998,-0.4413499999999999,-0.5203999999999999,1.11689,2.0,-0.44524,-0.10449000000000003,-0.19732,0.6561199999999999,2.0,0.0003558867321665003,0.0082462367072491,0.0030970421732526,2.0,-0.00024366231108660045,2.0,0.007969222490294994,0.07466573424149564,9.408000000000001,-0.12023231339114204,-0.06451012859858452,0.76,-0.20360884921429445,-0.5850118260869565,0.0,-0.005,-0.034999999999999996,-0.005,-0.015,-0.0125,-0.005,0.0,0.36648,-0.006450414299859294,-0.007671570055022697,-0.0021692284335366185,0.02084838622108621,0.007969036182192538,0.0,9408.0,-12.023231339114204,-0.06451012859858457,0.5838429637430933,-0.20360884921429448,-0.5703535909090911,2.0,-0.0275000000000034,-0.0237500000000067,-0.0024999999999977,-0.0275000000000034,-0.0129999999999999,-0.0349999999999999,-0.0137999999999998,-0.0334,-0.0250999999999999,0.5708466784991244,0.5594535744427748,-0.38853468214854003,1.0,0.0,2.0,2.0,,0.006057410079561658,-0.031734957258558225,0.06468597743659418,2.0,,,
2020-07-01,2020,3,7,-0.00527841,0.47511,-0.00527841,0.0,-0.0309472,0.02566879,0.07474999999999993,-1.86563,-0.47948999999999997,1.4019,2.0,0.011389999999999997,-0.44168,-0.18180000000000002,0.82355,2.0,0.0129822375200477,0.0127496165211222,0.0193853857403221,3.0,0.0076214029543315,2.0,0.01785830374122832,0.051193697432427146,1.874,-0.2432892603124479,0.3888833306189836,0.009999999999999898,0.5089934829373295,0.49746295652173905,1.0,-0.002,0.005,-0.00625,-0.015,-0.01,-0.0025,,0.739537,-0.005530015633142262,-0.01666009765088895,-0.012484721484833771,-0.006594902536581879,0.017871680975681842,,1874.0,-24.32892603124479,0.3888833306189836,-0.0506957883489313,0.5089934829373294,0.5064599545454544,3.0,0.0049999999999954,0.005000000000025828,0.0,0.0049999999999954,-0.0069999999999999,-0.010499999999999999,-0.008899999999999901,-0.0126,-0.004899999999999901,0.1691699677905597,0.2043065063326513,-0.142329538054382,1.0,1.0,2.0,3.0,,-0.02746277508564372,-0.014462168380999807,-0.0353525810805377,2.0,,,
2020-10-01,2020,4,10,-0.00083259,-0.12827,-0.00083259,0.0,0.00722628,-0.008058870000000001,-0.53764,-0.41907,2.55609,-0.0043099999999999805,2.0,-0.08194,-0.09921,0.96916,-0.0025299999999999906,2.0,0.0128509159620904,0.003751941679115917,0.0149453412636576,2.0,0.0103261957825316,2.0,0.015328086109825327,0.04971098843205822,-0.41300000000000003,-0.12152431440494027,0.1285329279800589,0.5,0.1576085329140069,1.1689987391304348,0.0,0.0,-0.01,-0.0025,-0.005,0.0025,-0.005,0.0,-0.17934329999999998,0.0009205315268368945,0.013176225841088046,0.018971085724192503,0.027260226355080873,0.015327914908529684,0.0,-413.0,-12.55980751178818,0.1285329279800589,0.5602567674162675,0.1576085329140069,1.156238681818182,2.0,0.0,0.0,0.0,0.0,0.0,0.0124999999999999,-0.0059999999999998995,0.0015999999999999001,0.0034,0.2395485390956731,0.22627864207484272,-0.29864906204618,1.0,0.0,2.0,2.0,,-0.004245819568688346,-0.008990723832875087,-0.0026644548036903583,2.0,,,
2021-01-01,2021,1,1,-0.00662571,0.19333000000000006,-0.00662571,0.0,-0.014831839999999999,0.008206129999999999,-0.2716,-1.4105700000000003,-1.0938,0.1208499999999999,2.0,-0.041400000000000006,-0.33394,-0.4147200000000001,0.07099,2.0,0.00998003806377462,0.0020329690645401123,0.009577057766318264,2.0,0.0044895728607986,2.0,0.00683865029328885,0.020321558761550146,-0.01100000000000001,-0.12301646343195749,0.18976287735624098,1.0500000000000003,0.23635498110456865,1.2663146086956525,0.0,-0.003,-0.0075,-0.01,-0.01,-0.0075,-0.015,0.0,0.16992999999999997,-0.018439291297550807,-0.05081115865645218,-0.02365159713737127,0.00032231822325663826,0.0068384514582663725,0.02661523586748144,-11.0,-12.301646343195749,0.18976287735624092,1.2835395296325207,0.2363549811045677,1.2717499545454545,2.0,-0.01107142857144983,0.0010714285714274897,-0.0050000000000096,-0.0100000000000051,-0.0085,-0.015000000000000001,-0.0199999999999999,-0.0579500000000001,-0.02245,-0.3536028687307905,-0.33857527972152446,-0.393353453731619,1.0,0.0,2.0,2.0,,0.02872279188058842,-0.00390662890191415,0.03695177971325181,3.0,,,
2021-04-01,2021,2,4,0.01865883,-0.43722,0.01865883,0.0,0.03537985,-0.01672102,2.116,0.76705,4.30613,-0.22032000000000002,2.0,0.32252,0.18159,1.6326999999999998,-0.12943,2.0,0.0225116670398715,0.0058248614223557005,0.0244523025009576,2.0,0.0125792777113811,2.0,0.03416640007608721,-0.03826410854990041,0.14,0.041497467270394495,0.16015073329859675,0.52,0.19464990034894125,0.7960326956521737,0.0,0.01,0.0075000000000000015,0.005,0.02,0.009999999999999998,0.0275,0.0,-0.552163,0.024917926003126627,0.070680619493007,0.05303544908447925,0.030938380921981607,0.03416626434866256,-0.026297007068396494,140.0,4.149746727039449,0.16015073329859675,0.66365771337326,0.1946499003489421,0.7801775909090909,2.0,0.016785714285715188,0.007857142857121642,0.0125000000000028,0.0099999999999909,0.0034999999999999988,0.0154999999999999,0.024200000000000003,0.0616000000000001,0.044399999999999995,0.1138832392584961,0.14315336521089642,0.44498882204991586,1.0,0.0,2.0,2.0,,-0.0012340224636532137,-0.008476453356518133,0.011610757948538471,3.0,,,
2021-07-01,2021,3,7,0.00227073,0.55723,0.0,0.00227073,-0.03206551,0.034336240000000004,0.13835999999999998,-0.81942,-0.5405800000000001,2.00766,2.0,0.021089999999999998,-0.194,-0.20495999999999998,1.1794,2.0,0.0143272487047076,0.0128789431083089,0.0225267055566701,2.0,0.0050526090959538,2.0,0.018285137319553193,-0.06186951121796345,-0.368,0.10244919843564304,0.09565863410656483,-0.56,0.0902271674063666,0.42443430434782614,0.0,0.0,0.005,-0.01,0.0,0.0,0.0125,0.0,0.51498,0.01015514096617854,0.031016646382345525,0.010874192595752463,-0.004142702069240394,0.01828494318799592,-0.01730816468963613,-368.0,10.244919843564306,0.09565863410656485,-0.5887471468552012,0.0902271674063666,0.4206350454545454,2.0,-0.0049999999999954,0.01374999999998735,0.0,-0.0049999999999954,-0.004999999999999999,0.038999999999999896,0.019199999999999898,0.025899999999999902,-0.0032999999999998005,0.513152534703157,0.5471947757044837,-0.11456678550443289,1.0,0.0,2.0,2.0,,0.00416581829201378,0.020214340466230885,0.018758584409365606,3.0,,,
2021-10-01,2021,4,10,0.04298162,0.8540300000000001,0.0,0.04298162,-0.029393999999999997,0.07237562,-0.25946,0.7656700000000001,-0.28936999999999996,3.69201,2.0,-0.03955,0.18127,-0.10971999999999998,2.16888,2.0,0.0300818087052873,0.0022550455379447996,0.028621405333462198,2.0,0.0118266836892068,2.0,0.0722387277944247,0.018726681171039174,-0.646,0.08583210522413509,0.09035074966354273,0.52,0.07301749138460512,0.6202489130434783,0.0,0.003,-0.01,0.0325,0.05,0.0625,0.0625,0.0,0.90183,0.04381157410022534,0.044121407592698766,0.032908570536584615,0.04112670525510883,0.07223870143836311,0.07423361782238988,-646.0,8.476084068885825,0.09035074966354273,0.07950576817470112,0.07301749138460512,0.6173839999999999,2.0,-0.004843749999995543,-0.019687499999996187,-0.0024999999999977,-0.010000000000005,0.0355,0.016,0.0060999999999999995,0.0113999999999998,0.0466999999999998,2.193063723820279,2.190167698061068,-0.403669200575501,1.0,0.0,2.0,2.0,,0.008016939278013432,-0.15760838730028537,0.027869052516553305,3.0,,,
2022-01-01,2022,1,1,0.08769318,-0.9627300000000001,0.09758264,-0.00988946,0.10120796000000001,-0.01351478,-3.26394,12.557360000000001,0.75698,-0.9964200000000001,2.0,-0.4975,2.97289,0.28701,-0.58535,2.0,0.061441182250786895,0.03773338805045891,0.095023586331951,2.0,-0.005315982723982898,2.0,0.14050923764214818,0.08435513771497587,0.0040000000000000036,0.10010630071163362,-0.13419014629338122,0.32000000000000006,0.22868322341854963,0.24945956521739127,0.0,-0.012,-0.025,0.0625,0.11249999999999999,0.13749999999999998,0.1575,0.0,-0.82243,0.1166052683020912,0.0876411411555623,0.06298030365871156,0.052452480341125776,0.14050934486972846,0.0805288355324318,4.0,10.010630071163362,-0.13419014629338122,-0.7818788923568225,0.22868322341854966,0.234752909090909,2.0,-0.02566666666668681,0.015283950617315585,-0.0125000000000028,-0.0200000000000101,0.1079999999999998,0.1449999999999999,0.1564999999999998,0.11009999999999989,0.0526999999999999,-1.4344524014293438,-1.457732326431386,0.15956870129838158,1.0,0.0,2.0,2.0,,-0.0694477488379059,0.05561119372090051,0.011955494171224254,3.0,,,
2022-04-01,2022,2,4,0.20255837,-0.72774,0.2433427,-0.04078433,0.14463938,0.057918990000000004,10.569770000000002,7.966299999999999,-1.7073099999999999,-0.30038999999999993,3.0,1.61107,1.88598,-0.6473400000000001,-0.17645999999999995,3.0,0.0341498690922473,-0.20788898654308618,-0.15206087818316238,2.0,0.0402966185190173,2.0,0.07052706298230685,0.042394730662206656,0.012999999999999998,0.09396916029229985,-0.1778216475609682,0.4099999999999999,0.1870173405830995,0.025622565217391313,0.0,0.0034999999999999996,0.02,0.055,0.05500000000000001,0.06,0.027500000000000004,0.0,-0.20714,0.0024777732908260464,-0.010215047683010535,-0.0027161794345133133,0.004776178064481086,0.07052711221904223,0.03389776574404745,13.0,9.43824811558489,-0.17782164756096816,-0.21829079514222072,0.1870173405830995,0.037697636363636294,2.0,0.0227777777777692,-0.11777777777778231,0.004999999999995499,-0.0150000000000006,-0.234499999999999,-0.278,-0.283099999999999,-0.233099999999998,-0.1368999999999997,3.609797538543687,3.692034036280525,-1.364095864074308,1.0,0.0,2.0,2.0,,-0.09929927159499599,0.046541175159457854,-0.13286174406421206,3.0,,,
2022-07-01,2022,3,7,0.08573766,-1.30124,0.08573766,0.0,0.12039928999999999,-0.03466163,-5.14256,14.850940000000001,-2.4213299999999998,-2.92545,2.0,-0.78383,3.51588,-0.91806,-1.71856,2.0,0.057185362942786505,-0.0762813735949659,-0.0108617328606739,2.0,-0.005793652030992705,2.0,0.14467023934264725,0.11075697588791975,0.124,0.08408469493243942,-0.06350206014239212,-3.0700000000000003,-0.18771527293655854,0.08675747826086957,0.0,-0.014,-0.05,0.08499999999999999,0.1225,0.14750000000000002,0.1275,0.0,-1.344738,0.09988562537783663,0.057703483405336806,0.025333502652228345,-0.012890392507186882,0.14467042632477656,0.11907122211862087,124.0,8.408469493243942,-0.06350206014239215,-1.6510777738536617,-0.1877152729365585,0.07078622727272722,2.0,-0.0399999999999775,-0.07869047619049652,-0.0074999999999931,-0.0450000000000016,-0.03719999999999991,-0.032999999999999495,-0.037650000000000204,-0.0414000000000003,-0.0455999999999998,0.28439144517764303,0.238410689582089,-0.5879836395006816,1.0,0.0,2.0,2.0,,-0.12038851593073109,-0.036200875721626946,0.007663645305642133,3.0,,,
2022-10-01,2022,4,10,0.010968990000000012,-0.44089,0.010968990000000012,0.0,0.03175359,-0.0207846,-0.38126,1.89959,-0.78728,-1.6330600000000002,2.0,-0.05811,0.4497200000000001,-0.2985,-0.9593499999999999,2.0,0.0207129215638489,0.0628198126579613,0.0807607159167029,2.0,-0.0338369980210067,2.0,0.01188128841238481,0.0028922740915684197,0.07100000000000001,0.06794525294267473,-0.08819221982895797,-1.33,-0.1015270814096434,0.15510208695652172,0.0,-0.007,-0.025,-0.052500000000000005,0.0,0.0175,0.015,0.0,-0.4733200000000001,-0.019595868808936295,-0.0278458544845388,-0.017445357345598784,0.0002455730958847895,0.011880960559445819,-0.0026259769387124987,71.0,7.140226503700298,-0.08819221982895797,-0.8267858192179285,-0.1015270814096434,0.1427075454545454,2.0,-0.0049579831932726574,-0.015944989106739332,-0.0037499999999965,-0.007499999999979,0.1129000000000006,0.12300000000000011,0.1291999999999999,0.07549999999999979,0.05080000000000019,-3.2758660806711797,-3.11706492422634,0.7030773505915633,1.0,0.0,2.0,2.0,,0.00950968296967972,-0.13507664379162748,-0.04243286860261778,3.0,,,
2023-01-01,2023,1,1,-0.03439252,0.42259,-0.04912098,0.01472846,-0.04237501,0.00798249,2.76075,-8.86227,2.11592,0.40238999999999997,2.0,0.4208,-2.09809,0.8022600000000001,0.23639000000000002,2.0,-0.004999961457805501,-0.0854069392527992,-0.0920936174841846,2.0,0.0426423587045103,2.0,-0.03401204605451774,-0.05113913792809807,0.104,0.05858473565574407,0.06412978648534207,-1.5499999999999998,-0.09850131577560628,-0.041321391304347824,0.0,0.004,0.0375,-0.022500000000000003,-0.0475,-0.055,-0.07500000000000001,0.0,0.51878,-0.06703503458978424,-0.04606807475490121,-0.02180037283200715,0.00733521993988287,-0.03401230766370637,-0.04853724121161081,104.0,5.714021654721968,0.06412978648534207,-0.5571440962643637,-0.09850131577560628,-0.05377386363636369,2.0,0.02666666666664248,-0.008051146384505773,0.0024999999999978,0.024999999999991397,-0.1257999999999998,-0.271499999999998,-0.26779999999999904,-0.24914999999999798,-0.13349999999999962,1.6793507565382728,1.6705284480619516,-1.472055921369424,1.0,0.0,2.0,2.0,,0.06418177362322144,-0.022989847233161696,-0.08637160035628452,3.0,,,
2023-04-01,2023,2,4,0.10949363,-0.5811999999999999,0.09109378,0.01839985,0.08937587000000001,0.02011776,-0.5774499999999998,12.920720000000001,-0.65283,0.6218400000000001,2.0,-0.08801999999999999,3.05891,-0.24752000000000002,0.3653,2.0,0.0671167094853353,-0.0134058856378913,0.052430905906947406,2.0,-0.0419291937855719,2.0,0.12926382322286412,0.15110030228135635,0.15,0.05010331797664236,0.13542805734962116,-0.9000000000000001,-0.11835137438846122,-0.6701261739130433,0.0,0.006,0.0075,0.0275,0.0925,0.145,0.16499999999999998,0.0,-0.58223,0.1256119961333122,0.10305129405959748,0.06693651423731754,0.04849450882046871,0.12926380977898644,0.13084563123319648,150.0,5.010906125647097,0.1354280573496211,-0.3083773375249721,-0.11835137438846122,-0.6590882272727272,2.0,-0.00299107142857947,0.02781249999998756,0.0024999999999978,0.004999999999995499,0.0680999999999994,0.0799999999999996,0.0754000000000006,0.061850000000000196,0.0445999999999999,-0.8427203743129729,-0.8684838014400913,0.23706609402480291,1.0,0.0,2.0,2.0,,0.1779315731062228,0.021233717207805997,-0.09249062500786427,3.0,,,
2023-07-01,2023,3,7,0.07849996000000001,-0.08144999999999998,0.07062762,0.00787234,0.04410294,0.03439702,-0.7444299999999999,6.9305,-1.0729199999999999,1.05688,2.0,-0.11347,1.64076,-0.4068,0.62087,2.0,0.0580620586778908,-0.022020668815508203,0.036892466467012,2.0,0.0007271617400649,2.0,0.1010098132135486,0.09774123025501814,-0.004,0.044139943505316026,0.10481422311928057,0.5999999999999999,0.061134513323552575,-0.03739491304347828,0.0,-0.002,-0.0025,0.030000000000000002,0.0675,0.1075,0.11499999999999999,0.0,-0.11307600000000001,0.0754485331645823,0.05777007117276394,0.036750488532345985,0.01572308108240643,0.10100979216299001,0.08803445617838418,-4.0,4.413994350531603,0.10481422311928058,0.1432177190026413,0.06113451332355257,-0.03134272727272736,2.0,0.0049999999999954,0.0026724137931156797,0.0024999999999977,0.0049999999999954,0.023500000000000305,0.029000000000000803,0.0189000000000003,0.0066000000000005984,0.00040000000000040004,-0.5269778979416601,-0.5846229609498944,0.2122316437162095,1.0,0.0,2.0,2.0,,-0.16477823007652215,-0.013958729026167745,0.060407816654750576,3.0,,,
2023-10-01,2023,4,10,-0.10761417000000001,0.67484,-0.10761417000000001,0.0,-0.0940154,-0.01359877,-0.60171,-13.858889999999999,-0.5413999999999999,-0.9307000000000001,2.0,-0.09171,-3.28102,-0.20528000000000002,-0.5467299999999999,2.0,-0.0479455966910098,-0.07087621782086309,-0.1154543815954588,2.0,-0.0081391351073837,2.0,-0.08810312879680376,-0.01542382612274528,0.18000000000000002,0.03726800485178572,-0.055821552568072974,0.81,-0.09783960968785088,-0.562571347826087,0.0,-0.004,-0.0075,-0.021249999999999998,-0.08,-0.1375,-0.17250000000000001,0.0,0.663949,-0.15251594406856506,-0.13109026197448723,-0.08861679119261616,-0.06026237666643044,-0.08808976298613568,-0.05007474287776673,180.0,3.856385007817487,-0.055821552568072974,1.3723854314660566,-0.09783960968785088,-0.5958028636363637,2.0,-0.006891762452100939,-0.057576628352501116,-0.0049999999999954,-0.0200000000000102,-0.2147999999999985,-0.27599999999999897,-0.27515000000000056,-0.250199999999999,-0.1599,1.6792529929405695,1.664305067604305,-1.115578365102565,1.0,0.0,2.0,2.0,,-0.003349544949874999,-0.009071962678428292,0.014451823983159882,3.0,,,
2024-01-01,2024,1,1,-0.00662544,-0.06764,-0.00662544,0.0,0.0007174,-0.00734284,0.23947000000000002,-1.65731,2.0143,-0.12829000000000002,2.0,0.0365,-0.39236000000000004,0.7637400000000001,-0.07535999999999998,2.0,0.0109847189673757,-0.0025326218343400993,0.0034628096565221984,2.0,0.0021336368046701,2.0,,,,,,,,,,,,,,,,,,,,,,,,,,,,,,,-0.004545454545436164,0.04876515151514666,-0.0024999999999977,-0.0024999999999835,-0.014000000000000297,-0.014999999999999701,-0.0389999999999997,-0.0060000000000002,0.0147999999999997,0.34855557011599203,0.33981746977859917,-0.052707466174032214,1.0,0.0,2.0,2.0,,-0.00881326346209757,0.008657983185842946,-0.022923738108511234,3.0,,,
2024-04-01,2024,2,4,0.01007939,0.10248,0.01007939,0.0,-0.0010662599999999994,0.01114565,0.02496,0.2205299999999999,-0.45099999999999996,0.36753,2.0,0.0038000000000000004,0.05220999999999998,-0.171,0.21591,2.0,0.0226627325906772,-0.0029947597626987996,0.0167076725716998,2.0,0.0169856171188967,2.0,,,,,,,,,,,,,,,,,,,,,,,,,,,,,,,0.0,0.006666666666674835,0.0,0.0,0.007349999999999704,0.007000000000000492,-0.0037000000000002933,0.0081999999999995,0.029599999999999405,0.8136841120519871,0.7313886770433994,0.13710288437881768,1.0,0.0,2.0,2.0,,-0.021226690208631348,-0.05542940045428343,-0.06278720647487945,3.0,,,
2024-07-01,2024,3,7,-0.11379536999999999,0.51252,-0.13182738,0.01803201,-0.08743464,-0.02636073,-11.57076,-2.85083,1.45566,0.63187,2.0,-1.76364,-0.67491,0.55193,0.37119,2.0,-0.054925101766849706,-0.015295802801878401,-0.0755027412628086,2.0,-0.014640390324230297,2.0,,,,,,,,,,,,,,,,,,,,,,,,,,,,,,,-0.1187499999999985,-0.11277173913044641,-0.0474999999999994,-0.109999999999999,-0.1268999999999994,-0.11549999999999941,-0.1036999999999998,-0.060900000000000495,-0.0158999999999998,0.26234433943744984,0.252182231517948,-0.2039087941854324,1.0,0.0,2.0,2.0,,-0.0061527593530308,0.001197964116759563,0.008214764828306827,3.0,,,
2024-10-01,2024,4,10,0.09865663,-0.7963300000000001,0.08412838,0.01452825,0.09677524,0.0018813900000000001,,,,,,,,,,,0.0686983907251755,0.01669303151384864,0.08761538389549789,2.0,0.0006929693378537158,2.0,,,,,,,,,,,,,,,,,,,,,,,,,,,,,,,-0.01192307692309981,0.019999999999996,-0.0050000000000096,-0.0099999999999909,0.0984999999999995,0.1364999999999998,0.13100000000000014,0.1352999999999999,0.07979999999999969,-1.7264901881907235,-1.7611010592324672,1.0519416033590718,1.0,0.0,2.0,2.0,,-0.019365264740909296,0.006550771564107903,-0.007134686649906731,3.0,,,
2025-01-01,2025,1,1,-0.020000820000000002,0.018299999999999983,-0.020000820000000002,0.0,-0.011090760000000005,-0.008910060000000001,,,,,,,,,,,0.0024536172994859013,-0.0220579492925282,-0.025544966997646298,2.0,-0.0154120252668525,2.0,,,,,,,,,,,,,,,,,,,,,,,,,,,,,,,0.0049999999999954,0.005000000000013799,0.0,0.0099999999999908,-0.0461999999999989,-0.0909999999999997,-0.0960000000000001,-0.0920000000000004,-0.0755000000000007,1.0621242429388669,1.0452977837239208,-0.2268308590656251,1.0,0.0,2.0,2.0,,0.015210226599257168,-0.07043364487752937,0.03789509423338631,3.0,,,
2025-04-01,2025,2,4,-0.05079065,-0.59124,0.0,-0.05079065,0.00983193,-0.060622579999999995,,,,,,,,,,,-0.0152612088475794,0.0316658364716055,0.0081392873319228,2.0,0.0488183152644596,2.0,,,,,,,,,,,,,,,,,,,,,,,,,,,,,,,0.0062499999999943,0.011249999999989699,0.0024999999999977,0.007499999999993099,-0.0124000000000003,-0.0108999999999994,-0.0139999999999997,-0.0030000000000001,-8.98586760555986e-16,-0.7258391123616549,-0.6309329761720628,0.4474993348908116,1.0,0.0,2.0,2.0,,0.014122637615064937,0.06886176236997374,0.007606991358415825,3.0,,,
2025-07-01,2025,3,7,-0.0645876,-0.08608,0.0,-0.0645876,-0.027164980000000002,-0.037422620000000004,,,,,,,,,,,-0.0219892447414905,0.0808782114853298,0.0439279542520704,2.0,0.0146884326185855,2.0,,,,,,,,,,,,,,,,,,,,,,,,,,,,,,,0.0165384615384464,0.014615384615422698,0.0049999999999954,0.014999999999986299,0.0357000000000003,0.0382999999999996,0.040999999999999495,0.0329999999999999,0.0209999999999998,-0.5155403864914495,-0.542099470644393,0.5262503749889382,1.0,0.0,2.0,2.0,,-0.008939716110725866,0.019970684147028545,-0.001896512238325182,3.0,,,
2025-10-01,2025,4,10,-0.006565280000000001,0.231,-0.006565280000000001,0.0,-0.01704608,0.0104808,,,,,,,,,,,0.0095986471644667,0.0662608755829843,0.05803455133375719,2.0,0.0224236140412119,3.0,,,,,,,,,,,,,,,,,,,,,,,,,,,,,,,0.0263095238095073,0.0766666666666883,-0.0025000000000119,0.0300000000000011,0.06420000000000001,0.0430000000000001,0.027000000000000204,0.022000000000000207,0.0229999999999997,0.40639147308344276,0.42149330147282144,0.22221599722701652,1.0,0.0,2.0,2.0,,0.054007870352163964,-0.022484405496064164,0.018058977026848798,3.0,,,
2026-01-01,2026,1,1,-0.005870019999999999,-0.12881,0.00390433,-0.00977435,0.00473975,-0.01060977,,,,,,,,,,,0.00851490761864796,0.0337097220662188,0.0375029634073257,2.0,-0.0022726024960734,1.0,,,,,,,,,,,,,,,,,,,,,,,,,,,,,,,0.0,0.0100000000000051,0.0,0.0049999999999954,0.034499999999999795,0.0442,0.0410000000000004,0.0359999999999996,0.020999999999999,-0.4255922980560401,-0.4306908629062093,0.07337339819249841,1.0,0.0,2.0,2.0,,-0.010097873979118821,-0.050402525408927853,-0.0604153439456876,2.0,,,
2026-04-01,2026,2,4,,,,,,,,,,,,,,,,,0.0180655800496711,0.0054225346907951,0.0220305674999668,1.0,0.0155495744689245,1.0,,,,,,,,,,,,,,,,,,,,,,,,,,,,,,,0.0024999999999977,-0.0032692307692277,0.0,0.0024999999999977,0.0213,0.0276999999999998,0.0230000000000001,0.0190000000000001,0.0120000000000004,0.0628544330614256,0.027941741469037,0.0981225216476576,0.0,0.0,1.0,1.0,,,,,,,,
