date,IPP_qi,HT_qi,EQP_qi,NRS_qi,RI_qi,D_qi,GDP,IPP_nom,HT_nom,EQP_nom,NRS_nom,RI_nom,D_nom,GDP_nom,DGS1_Q,NHT_qi,NHT_nom,Intangible_qi,Tangible_qi,TI_qi,lTI,lTangible,lIntangible,lIPP,lHT,lNHT,lNRS,lRI,lD,lGDP,Intangible_nom,Tangible_nom,TI_nom,share_TI_IPP,share_GDP_IPP,share_TI_HT,share_GDP_HT,share_TI_NHT,share_GDP_NHT,share_TI_NRS,share_GDP_NRS,share_TI_RI,share_GDP_RI,share_TI_D,share_GDP_D,share_TI_Intangible,share_GDP_Intangible,share_TI_Tangible,share_GDP_Tangible,RR
1950-01-01,1.002,0.061,3.188,4.514,28.731,3.769,2346.104,2.181,1.607,15.13,,18.339,29.335,280.828,,90.20955024782238,13.523000000000001,93.472308847487,94.71942270770298,94.64627342710334,455.01465047418594,455.09190763927035,453.7665230371036,0.1998002662673058,-279.68814148088256,450.21353000427985,150.7183678395344,335.7976679207592,132.68097142849984,776.0511359006629,3.7880000000000003,,,,0.007766319597760908,,0.005722363866850884,,0.04815403022490636,,,,0.06530331733302946,,0.10445895708405147,,0.013488683464611793,,,
1950-04-01,1.018,0.07,3.547,4.89,31.485,3.801,2417.682,2.239,1.822,17.114,,20.603,29.799,290.383,,100.0,15.292000000000002,100.0,100.0,100.0,460.51701859880916,460.51701859880916,460.51701859880916,1.7839918128331016,-265.9260036932778,460.51701859880916,158.71923034867805,344.9511241940706,133.52641900071117,779.0564508878417,4.061,,,,0.007710506469042609,,0.006274471990440213,,0.05266148500428745,,,,0.07095112317181103,,0.10261964371192529,,0.013984978459482822,,,
1950-07-01,1.022,0.071,3.927,5.296,33.204,4.702,2511.127,2.298,1.878,19.343,,22.555,37.355,308.153,,111.87473093360197,17.465,100.85626292564933,114.94501184194334,114.07332119612654,473.68414100374264,474.44538561131645,461.3696363866648,2.176149178151271,-264.5075401940822,471.7379771529352,166.6951818634707,350.2670350592789,154.79879501178777,782.8486935337768,4.176,,,,0.007457334505911024,,0.006094375196736685,,0.056676391273166246,,,,0.0731941600438743,,0.12122224998620813,,0.013551709702647711,,,
1950-10-01,1.012,0.076,3.867,5.288,31.657,4.12,2559.214,2.328,2.056,19.609,,21.478,33.292,319.945,,109.181284410875,17.553,103.42947036615395,105.76856047025773,105.55070254341527,465.9191430296956,466.1253315246945,463.88899346780994,1.1928570865273813,-257.70219386958064,469.3009660443372,166.5440102549385,345.49592931722543,141.5853163361435,784.7455459079864,4.384,,,,0.007276250605572833,,0.006426104486708654,,0.05486255450155496,,,,0.06713028801825315,,0.10405538451921424,,0.013702355092281487,,,
1951-01-01,0.984,0.071,3.703,5.15,30.019,4.25,2593.967,2.289,1.979,19.383,,21.057,35.638,336.0,,104.85402703576727,17.404,98.69901466866676,104.58088579175015,104.15380649005331,464.58687151913296,464.9960798715988,459.20749632960553,-1.6129381929883644,-264.5075401940822,465.2569164199955,163.89967146756447,340.18305145245716,144.69189829363253,786.0943643130087,4.268000000000001,,,,0.006812500000000001,,0.005889880952380953,,0.05179761904761905,,,,0.06266964285714285,,0.10606547619047618,,0.012702380952380955,,,
1951-04-01,0.974,0.075,3.709,5.212,26.008,3.64,2638.898,2.301,2.106,19.672,,18.467,30.735,344.09,,104.39064240769193,17.566000000000003,100.68636267591357,93.09739272804264,93.40776726173078,453.6974503037592,453.3646178821512,461.2010365289671,-2.6343975339601977,-259.02671654458265,464.81400393211106,165.09636592625986,325.8404183001604,129.19836816486495,787.8116684752187,4.407,,,,0.006687203929204569,,0.006120491731814351,,0.05105059722746957,,,,0.05366909820105205,,0.08932256095788893,,0.012807695661018921,,,
1951-07-01,0.993,0.08,3.789,5.273,24.367,3.574,2693.259,2.365,2.251,20.198,,17.398,30.193,351.385,,106.09137510203131,17.947,104.89280061886979,91.05361476539024,91.71495625268301,451.8685465774247,451.1448506268482,465.2938882149711,-0.7024614936964466,-252.57286443082558,466.43007520426727,166.25994605483328,319.3229757884615,127.36854167372363,789.8507263456271,4.616,,,,0.00673050927045833,,0.00640607880245315,,0.05107503166042944,,,,0.04951264282766766,,0.08592569403930163,,0.013136588072911478,,,
1951-10-01,1.034,0.081,3.752,5.186,24.601,3.563,2699.156,2.482,2.261,20.242,,17.723,30.391,356.178,,104.76280046361065,17.981,107.74055266496656,90.84135074174452,91.67664504895573,451.8267658153694,450.9114586586787,467.9726046856519,3.343477608623742,-251.3306124309698,465.1698751466354,164.59626871164724,320.2787092518616,127.06028866236991,790.069441053258,4.743,,,,0.006968425899409846,,0.006347949620695271,,0.050483185373605334,,,,0.049758828450943066,,0.08532531487065456,,0.013316375520105117,,,
1952-01-01,1.122,0.085,3.773,5.236,25.246,3.583,2727.954,2.684,2.399,20.418,,18.269,30.776,359.82,,104.78607299644781,18.019,115.05911254540466,91.71523984209558,92.90717885554507,453.16009179208265,451.8688557843259,474.54460184330804,11.511280710050467,-246.51040224918205,465.1920871800848,165.55578480476532,322.86677273306697,127.62004383228167,791.1307156651096,5.083,,,,0.007459285198154634,,0.0066672225001389585,,0.05007781668612084,,,,0.05077260852648546,,0.08553165471624702,,0.014126507698293591,,,
1952-04-01,1.2,0.095,3.825,5.319,25.714,3.653,2733.8,2.869,2.641,20.821,,18.763,31.007,361.03,,104.85967310228905,18.18,125.6410728795193,93.01491542713435,94.71568018339022,455.0879563923724,453.2759861230537,483.34292139488485,18.232155679395458,-235.38783873815962,465.26230096713704,167.12853157601805,324.7035590662057,129.55487478131457,791.3447861718553,5.51,,,,0.007946708029803618,,0.00731518156385896,,0.05035592610032408,,,,0.05197075035315626,,0.08588482951555274,,0.015261889593662576,,,
1952-07-01,1.279,0.082,3.259,4.905,25.465,3.436,2753.517,3.071,2.241,17.671,,18.754,29.467,367.701,,89.17487079281999,15.43,121.03655715774121,86.38189677972088,88.2034840523341,447.96464639597167,445.877812584346,479.60926252366806,24.60785225967056,-250.1036031717884,449.05992823268326,159.02550930173265,323.7304960336568,123.4308004122009,792.0634282643891,5.312,,,,0.008351894610022817,,0.006094625796503137,,0.0419634431236249,,,,0.0510033967816242,,0.08013848208190893,,0.014446520406525954,,,
1952-10-01,1.374,0.091,3.668,5.34,26.84,4.029,2843.941,3.307,2.439,19.867,,19.647,33.723,380.812,,100.57173195852462,17.428,131.82141725700748,97.23534140853968,99.03374441543774,459.54606447387005,457.7134240119907,488.1448107023366,31.772619380015765,-239.6895772465287,461.08712237312363,167.52256529721035,328.9893312103481,139.35182062092102,795.2946045278969,5.746,,,,0.008684075081667594,,0.006404735144900896,,0.045765364536831825,,,,0.05159238679453378,,0.08855550770458914,,0.01508881022656849,,,
1953-01-01,1.435,0.097,3.929,5.629,27.273,4.164,2896.811,3.486,2.625,21.245,,19.982,35.186,387.98,,107.80170987812784,18.62,138.87182345318126,100.92357568027582,102.90502912637453,463.3806515565777,461.43635539842387,493.35513742737555,36.116484921158445,-233.3044300478754,468.0293519927283,172.79318064818895,330.58972018078305,142.64761507527223,797.1365755737787,6.111000000000001,,,,0.008984999226764266,,0.006765812670756224,,0.047992164544564155,,,,0.051502654776019376,,0.09069024176503943,,0.015750811897520492,,,
1953-04-01,1.501,0.098,3.923,5.685,27.363,4.14,2919.206,3.66,2.681,21.306,,20.073,35.019,391.749,,107.45840681349218,18.625,143.10923168166542,100.65455919449754,102.88793868341516,463.3640422008931,461.16944485710525,496.36081965826753,40.613155265132484,-232.2787800311565,467.7103859334566,173.78311272024993,330.9191735866131,142.06957878372228,797.9066940477759,6.341,,,,0.009342716892704257,,0.0068436677566503035,,0.04754319730235431,,,,0.051239441581216544,,0.08939142154798096,,0.01618638464935456,,,
1953-07-01,1.529,0.102,4.055,5.812,26.339,4.114,2902.785,3.74,2.811,22.125,,19.49,34.577,391.171,,110.9636889808698,19.314,147.1114648954018,100.12565639920037,102.61395006792701,463.09738890685253,460.6425961164291,499.11905640359515,42.46139269469252,-228.2782465697866,470.9203021496385,175.99247457080364,327.105073052231,141.43957912307656,797.3425899966074,6.551,,,,0.009561035966367652,,0.0071861155351495894,,0.04937482584342909,,,,0.04982475694772874,,0.0883935670077792,,0.01674715150151724,,,
1953-10-01,1.547,0.092,3.938,5.759,26.125,3.999,2858.845,3.783,2.547,21.446,,19.251,33.683,385.97,,108.92742394623022,18.899,141.68360205398133,98.10371363365043,100.40018264781285,460.91640264572976,458.602522144758,495.3596417021959,43.631757159092906,-238.59667019330968,469.0681825106652,175.07638485245354,326.2892710284975,138.60443298646814,795.8172976092233,6.33,,,,0.009801279892219602,,0.006598958468274736,,0.04896494546208254,,,,0.04987693344042283,,0.08726844055237452,,0.016400238360494337,,,
1954-01-01,1.562,0.09,3.718,5.607,26.411,3.875,2845.192,3.842,2.457,20.57,,19.351,32.91,385.345,,102.35112773417426,18.113,141.24833656794826,95.37242812228787,97.80403265888077,458.2965809921572,455.77895232886124,495.05195934471055,44.596705141749425,-240.79456086518724,462.84093304557246,172.40158171415354,327.37805900374866,135.45456628053103,795.3385831102279,6.2989999999999995,,,,0.00997028636676225,,0.006376104529707145,,0.04700463221269252,,,,0.050217337710363436,,0.08540398863356212,,0.016346390896469394,,,
1954-04-01,1.571,0.085,3.635,5.557,28.133,4.062,2848.305,3.859,2.349,20.424,,20.668,33.646,386.121,,100.53676652668828,18.075,138.6189158147643,98.75026520652605,100.82307804776595,461.33672783190383,459.25940894133316,493.1728555183565,45.171235927348405,-246.51040224918205,461.0523496683876,171.5058394297784,333.69432645223776,140.1675463158193,795.4479359494483,6.208,,,,0.009994276405582706,,0.006083585197386312,,0.04681175072062903,,,,0.05352726217947224,,0.08713848767614298,,0.016077861602969017,,,
1954-07-01,1.586,0.087,3.807,5.699,29.846,4.08,2880.482,3.896,2.402,21.131,,22.183,33.233,390.996,,105.60880255335074,18.729,140.67266018138926,101.88193019977423,103.8848909213092,464.3283468101581,462.3814595748181,494.64356323847784,46.12151232126563,-244.18471603275535,465.97417253109074,174.02907208528623,339.60508275092764,140.60969884160704,796.5712920237794,6.298,,,,0.009964296309936675,,0.006143285353302848,,0.04790074578768069,,,,0.05673459575034016,,0.0849957544322704,,0.01610758166323952,,,
1954-10-01,1.61,0.087,3.798,5.691,31.714,4.331,2936.852,3.956,2.488,21.123,,23.565,35.064,399.734,,105.32715931853843,18.635,141.98572958903944,106.4911527359621,108.28796208406553,468.4793994403881,466.80619087969706,495.57265566993794,47.62341789963717,-244.18471603275535,465.70713091364223,173.8885979620987,345.67582237673753,146.57984622324898,798.5093538372913,6.444,,,,0.009896581226515632,,0.006224139052469893,,0.04661850130336675,,,,0.058951702882416815,,0.08771833269123967,,0.016120720278985527,,,
1955-01-01,1.626,0.085,3.833,5.789,34.045,4.72,3020.746,4.062,2.396,21.144,,25.419,38.437,413.073,,106.75903535838195,18.747999999999998,141.57335354070747,113.52051187632773,114.84356660431399,474.35709119311184,473.19835419706527,495.2817982341621,48.61230111256188,-246.51040224918205,467.0574288886491,175.59595650968674,352.768317893493,155.1808799597464,801.325909973208,6.458,,,,0.009833612944927411,,0.005800427527337783,,0.045386650785696474,,,,0.06153633861327175,,0.0930513492772464,,0.015634040472265194,,,
1955-04-01,1.677,0.094,4.173,6.134,34.535,4.976,3069.91,4.201,2.619,23.119,,26.005,40.709,421.532,,115.99659630647946,20.5,149.84228683843665,119.07965272209435,120.54575852644662,479.20294196568614,477.97926198021605,500.9583319888277,51.70064828410719,-236.4460496712133,475.3560848490352,181.38470656920597,354.19733025409363,160.46263554368784,802.9403524190609,6.82,,,,0.009966028676351973,,0.006213051440934497,,0.04863213231735669,,,,0.061691639068920036,,0.09657392558572067,,0.01617908011728647,,,
1955-07-01,1.737,0.108,4.434,6.438,33.799,5.137,3111.379,4.378,3.025,25.01,,25.626,42.421,430.221,,122.02685253997458,21.985000000000003,161.50766289055014,121.52807075941257,123.51260902497552,481.63432482246736,480.01452711530084,508.45525897757796,55.215948725896794,-222.56240518579173,480.4241123300869,186.22179328766165,352.04312162524883,163.64692514851308,804.2821315256971,7.4030000000000005,,,,0.0101761652731968,,0.007031269975198793,,0.05110164310900677,,,,0.05956473533370059,,0.09860281111335802,,0.017207435248395592,,,
1955-10-01,1.826,0.115,4.563,6.63,32.381,5.001,3130.068,4.633,3.232,26.28,,24.565,41.413,437.092,,124.98881335945526,23.048000000000002,170.67557294950748,119.24262180904283,121.87496382049417,480.2995632460483,478.11602562320405,513.9764520260816,60.21277821727767,-216.2823150618887,482.82242401731946,189.16048041977712,347.75718310338834,160.96378924367667,804.8810008537826,7.865,,,,0.010599599169053654,,0.007394324307010882,,0.052730317644797894,,,,0.056200982859443784,,0.09474664372717871,,0.017993923476064537,,,
1956-01-01,1.911,0.108,4.337,6.549,31.553,4.773,3117.922,4.915,3.123,25.442,,24.132,39.674,439.746,,118.99839884069512,22.319,170.84543920213073,114.3874083950774,117.31720975638801,476.48814606384616,473.9591006411342,514.0759283455974,64.7626665258136,-222.56240518579173,477.9110037900799,187.93123662359164,345.16686716299574,156.29750380237596,804.4922033268895,8.038,,,,0.011176906668849745,,0.007101826963747255,,0.05075429907264648,,,,0.054877133618043146,,0.09022026351575682,,0.018278733632597,,,
1956-04-01,1.985,0.122,4.346,6.666,31.39,4.779,3143.694,5.16,3.39,25.92,,24.374,39.819,446.01,,117.26280521676885,22.53,183.34107418661932,113.85332555740672,117.5221244750893,476.66266092642513,473.49110020735424,521.1348211503154,68.56189141391538,-210.37342342488805,476.44176142992853,189.7019979885548,344.64893708538625,156.4231319596021,805.3153820568122,8.55,,,,0.011569247326293133,,0.007600726441111186,,0.05051456245375665,,,,0.05464899890136992,,0.0892782673034237,,0.01916997376740432,,,
1956-07-01,2.031,0.116,4.39,6.733,30.797,4.695,3140.874,5.334,3.432,26.822,,23.952,39.685,451.191,,119.53327530912378,23.39,182.21345422026252,112.88736379690562,116.54962391200505,475.8317138638336,472.6390541037871,520.5178825240436,70.85282825982478,-215.41650878757724,478.359478707997,190.70208095631438,342.7417282638185,154.64981126602262,805.2256384120855,8.766,,,,0.011822044322692607,,0.007606534704814591,,0.05184057306107613,,,,0.05308616528255219,,0.08795609841508364,,0.0194285790275072,,,
1956-10-01,2.076,0.119,4.379,6.734,30.338,4.846,3192.57,5.489,3.476,27.188,,23.491,41.497,460.463,,118.74416941508906,23.712,186.5147348539364,113.85351866843793,117.7065295070513,476.8194488573308,473.4912698210801,522.8510243222674,73.04429653036422,-212.86317858706076,477.6971342046915,190.71693207388827,341.24010521694805,157.8153622394334,806.8581514056291,8.965,,,,0.011920610342199047,,0.007548923583436671,,0.05149599424926649,,,,0.05101604254847838,,0.09012016166336925,,0.019469533925635718,,,
1957-01-01,2.055,0.121,4.458,6.769,29.922,4.935,3213.011,5.492,3.644,28.203,,23.101,42.597,469.779,,120.90788512566796,24.558999999999997,186.55899948582203,114.96153082224615,118.74901219367635,477.7012124511112,474.45975578116,522.8747540185816,72.0275847948198,-211.1964733385396,479.50289757228506,191.23533655264706,339.859399579204,159.6352672885445,807.4963782701657,9.136,,,,0.011690603453964523,,0.007756838854014334,,0.052277773165680025,,,,0.04917418615987517,,0.09067455122515056,,0.019447442307978857,,,
1957-04-01,2.059,0.133,4.441,6.756,29.214,4.818,3205.97,5.536,3.968,28.112,,22.61,42.17,472.025,,118.70139612061284,24.144,193.9561870861924,112.40778798289837,116.76774445811492,476.018687179346,472.2133223163359,526.7632293795793,72.22204280456525,-201.7406150760383,477.6611063303933,191.04309989455538,337.4648046428619,157.23589041926795,807.2769975670944,9.504,,,,0.011728192362692654,,0.008406334410253695,,0.05114983316561623,,,,0.047900005296329644,,0.08933848842751974,,0.02013452677294635,,,
1957-07-01,2.084,0.143,4.598,6.892,28.829,4.785,3237.386,5.636,4.285,29.334,,22.464,41.876,479.49,,122.13759101517951,25.049,201.32684659926795,112.53328354198104,117.30721913701525,476.4796297985741,472.32490315948945,530.4929689869857,73.42891238911206,-194.49106487222298,480.5148204456384,193.03613186656833,336.1381824957857,156.54860249049176,808.2521493032611,9.921,,,,0.011754155456839558,,0.008936578447934263,,0.05224092264697908,,,,0.046849777889007065,,0.0873344595299172,,0.02069073390477382,,,
1957-10-01,2.094,0.129,4.416,6.733,28.791,4.729,3203.894,5.678,4.031,28.595,,22.349,41.467,474.864,,118.56691142716458,24.564,193.08842690783908,110.95094253233434,115.33905987627689,474.7876137263437,470.9088144451437,526.3148254483766,73.9076112448345,-204.7942874620465,477.5477454612237,190.70208095631438,336.00628383036,155.37137636617388,807.212222399553,9.709,,,,0.01195710771926278,,0.00848874625155834,,0.051728494895380575,,,,0.04706400148252974,,0.08732394959398902,,0.020445853970821118,,,
1958-01-01,2.1,0.121,3.947,6.305,27.659,4.415,3120.724,5.76,3.696,25.526,18.037,21.37,39.396,467.54,,105.13864754779536,21.83,188.33849426831642,102.8530820815268,107.46075079161758,467.7125671984045,463.33015824125073,523.8240845297471,74.19373447293773,-211.1964733385396,465.5279931962509,184.1342969416883,331.9951172293117,148.50078340559233,804.5820305165845,9.456,100.633,110.089,0.05232130367248317,0.012319801514308936,0.033572836523176705,0.007905205971681567,0.19829410749484508,0.046691192197459035,0.1638401656841283,0.03857851734610942,0.19411567004877872,0.04570731915985798,0.35785591657658805,0.08426230910724215,0.08589414019565987,0.0202250074859905,0.9141058598043401,0.2152393378106686,
1958-04-01,2.13,0.113,3.745,6.073,27.758,4.347,3141.224,5.871,3.475,24.365,17.55,21.469,38.636,471.978,,100.02622772594808,20.889999999999997,184.96102752812394,100.52947131924766,105.07595221413044,465.46834430830995,461.0450931468334,522.0145140875826,75.61219797213337,-218.03674602697964,460.54324288589044,180.38527169154384,332.3524086933648,146.94859520066552,805.236781186374,9.346,98.545,107.891,0.05441603099424419,0.012439139112416257,0.0322084325847383,0.00736263130908644,0.19362134005616777,0.04426053756742898,0.16266417032004524,0.03718393653941497,0.19898786738467528,0.04548728966180627,0.35810215866012923,0.08185974770010467,0.08662446357898249,0.019801770421502697,0.9133755364210174,0.2087915114687549,
1958-07-01,2.185,0.116,3.706,6.009,29.759,4.437,3213.884,6.04,3.564,24.136,17.219,23.017,39.396,485.841,,98.38258752440343,20.572,189.78700759196664,102.33491947516374,107.0368067667306,467.31727637855533,462.8250958556268,524.5902430681942,78.16158285475535,-215.41650878757724,458.8863832346828,179.3258345351791,339.31316072497884,148.99784723967724,807.5235453549046,9.604,100.204,109.80799999999999,0.05500509981057847,0.012432050814978562,0.03245665161008306,0.00733573329546086,0.1873451843217252,0.042343071087042876,0.15681006848317064,0.035441636255482765,0.2096113215794842,0.04737558172323867,0.3587716741949585,0.08108825726935355,0.08746175142066152,0.01976778411043942,0.9125382485793385,0.20624854633511785,
1958-10-01,2.261,0.121,3.906,6.234,32.856,4.6,3289.032,6.272,3.691,25.482,17.546,25.434,40.693,499.555,,103.87823726908498,21.791,196.97284852584144,108.05629881459343,112.85079186204091,472.6066520182133,468.2652376622536,528.3065894497365,81.58071932958329,-211.1964733385396,464.3219417735335,183.00181813451454,349.2134376654258,152.6056303495049,809.834857554276,9.963000000000001,105.464,115.42699999999999,0.054337373404835965,0.01255517410495341,0.03197692047787779,0.007388575832490916,0.1887859859478285,0.04362082253205353,0.152009495178771,0.03512325970113401,0.22034705918026115,0.05091331284843511,0.35254316581042566,0.0814584980632763,0.08631429388271376,0.019943749937444327,0.9136857061172863,0.21111589314489895,
1959-01-01,2.33,0.122,4.121,6.429,36.565,4.85,3352.129,6.469,3.752,27.077,17.421,28.348,43.649,510.33,,110.4411900289022,23.325000000000003,201.34893126017244,115.19761894642609,119.8733799217602,478.6436018382435,474.6649079180358,530.5039379412368,84.58682675776092,-210.37342342488805,470.4483162347093,186.08190051595497,359.90914987229144,157.89787049493918,811.7350945348338,10.221,112.743,122.964,0.052608893659932994,0.012676111535672998,0.03051299567353046,0.00735210550036251,0.1896896652678833,0.04570571982834637,0.14167561237435347,0.034136735053788725,0.2305390195504375,0.05554837066212059,0.35497381347386225,0.08553093096623754,0.08312188933346346,0.02002821703603551,0.9168781106665366,0.2209217565104932,
1959-04-01,2.371,0.125,4.245,6.614,37.842,5.032,3427.667,6.64,3.831,28.059,18.083,29.358,45.465,522.653,,113.862347859015,24.228,205.40777638630706,119.13269949455906,123.82779952475646,481.8891886938748,478.02379936280596,532.4997156496916,86.33118070832684,-207.94415416798358,473.4990243888369,188.9188614559601,363.3419596909569,161.58175193981396,813.9635133808961,10.471,117.134,127.605,0.05203557854316053,0.012704413827147265,0.030022334548019277,0.0073299110499700565,0.18986716821441166,0.04635580394640421,0.14171074801144154,0.03459848121028675,0.2300693546491125,0.05617111161707672,0.3562948160338545,0.08698888172458591,0.08205791309117981,0.020034324877117322,0.9179420869088202,0.22411427849835358,
1959-07-01,2.359,0.128,4.383,6.792,37.134,5.13,3430.057,6.659,3.949,29.118,18.712,28.801,46.336,525.034,,117.71781048820107,25.168999999999997,206.53227057079866,120.7809445517521,125.4557240030144,483.1952899535681,479.397852928097,533.0456674142184,85.82378004255379,-205.572501506252,476.82903238735895,191.5745449009046,361.45329919852793,163.51056591826782,814.0332158097708,10.608,119.018,129.626,0.05137086695570333,0.0126829881493389,0.030464567293598505,0.007521417660570553,0.19416629379908348,0.047937847834616416,0.1443537561908876,0.03563959667373923,0.22218536404733616,0.05485549507270005,0.3574591517133908,0.08825333216515502,0.08183543424930184,0.020204405809909454,0.9181645657506982,0.22668627174621073,
1959-10-01,2.377,0.14,4.374,6.773,36.082,4.884,3439.832,6.752,4.363,29.127,18.609,28.006,44.103,528.6,,115.79857134601014,24.764,214.5596742349748,117.21101389491024,122.42835309410802,480.75259861788646,476.3975847940063,536.8587901238847,86.58391883780567,-196.61128563728326,475.18522278089915,191.29441202327666,358.57941260306114,158.59645562484585,814.3177911965565,11.115,115.482,126.597,0.05333459718634723,0.01277336360196746,0.03446369187263522,0.008253878168747635,0.19561285022551878,0.046848278471433975,0.14699400459726536,0.03520431328036323,0.22122167191955577,0.05298146046159667,0.34837318419867774,0.08343359818388195,0.08779828905898245,0.021027241770715095,0.9122017109410175,0.2184676503972758,
1960-01-01,2.415,0.147,4.526,7.008,37.19,5.041,3517.181,6.874,4.516,30.089,19.438,28.954,45.455,542.648,,119.5142216823463,25.573,220.82579320217155,120.98459747631992,126.33772320804573,483.89586641592535,479.56632439100923,539.7374124619182,88.1699287104536,-191.73226922034007,478.34353741845615,194.70523536340903,361.60399079369785,161.76044751004937,816.5415095465919,11.39,119.42,130.81,0.05254949927375582,0.012667511904586398,0.03452335448360217,0.008322153587592694,0.19549728614020334,0.047126313927260396,0.14859720204877302,0.03582064247910247,0.22134393395000382,0.053356872226563073,0.3474887241036618,0.08376516636935914,0.087072853757358,0.020989665492179094,0.912927146242642,0.22006899500228508,
1960-04-01,2.446,0.156,4.602,7.111,34.145,5.156,3498.246,6.967,4.821,30.749,19.553,26.684,46.434,541.08,,120.60669357089395,25.927999999999997,227.83745303497545,120.04432452480246,125.78292164794762,483.45575770849536,478.7861045621377,542.8632449417165,89.44540372649807,-185.78992717326,479.25347849991107,196.1642880901381,353.0616162413053,164.01610850769407,816.0016979006311,11.788,118.59899999999999,130.387,0.053433241043969106,0.012876099652546756,0.03697454500832138,0.00890995786205367,0.19885418024803084,0.04791897686109262,0.1499612691449301,0.036136985288681894,0.20465230429413975,0.04931618244991498,0.3561244602606088,0.08581725438012862,0.0904077860522905,0.02178605751460043,0.9095922139477094,0.2191893989798181,
1960-07-01,2.548,0.152,4.403,6.986,33.125,5.115,3515.385,7.276,4.668,29.471,19.512,25.892,45.922,545.604,,115.0009496687281,24.803,230.939381627785,117.28217523415245,123.29827502777887,481.4606420030092,476.4582785324394,544.2155258888641,93.53087377099169,-188.38747581358606,474.4940386318093,194.390814638464,350.0288284306386,163.21773994035897,816.4904328829945,11.943999999999999,116.12899999999999,128.07299999999998,0.056811349777080265,0.013335679357189462,0.03644796327094704,0.00855565575032441,0.19366298907654234,0.045459710705933236,0.15235061254128507,0.035762201156883014,0.20216595223036865,0.04745566381478141,0.3585611331037768,0.08416727150094207,0.0932593130480273,0.02189133510751387,0.9067406869519727,0.21284484717853971,
1960-10-01,2.605,0.163,4.248,6.97,33.09,4.987,3470.278,7.452,4.965,28.407,20.13,25.893,44.69,540.197,,108.76700943632203,23.442,240.55274297660972,114.66752575914785,121.26359062748584,479.79666111856096,474.20368607628143,548.2939371017925,95.74326752053302,-181.40050781753746,468.92080663481,194.16152247724327,349.9231121933521,160.68345265639857,815.1989985005622,12.417,114.155,126.572,0.05887558069715261,0.013794967391525683,0.03922668520683879,0.009191091398138087,0.18520683879531016,0.043395279870121456,0.1590399140410201,0.0372641832516656,0.20457131119046867,0.04793251350896062,0.3530796700692096,0.08272907846581895,0.0981022659039914,0.022986058789663772,0.9018977340960086,0.21132105509656662,
1961-01-01,2.68,0.154,4.11,6.87,33.225,4.713,3493.703,7.675,4.675,27.408,20.05,25.914,42.24,545.018,,105.7648017433689,22.733,239.19118069922868,111.33474813914022,118.01454538376088,477.08078828331156,471.2541412064436,547.726315141026,98.58167945227653,-187.0802676568508,466.1217777336046,192.7164106234258,350.3302604599309,155.03246479415938,815.8717484219004,12.35,110.93700000000001,123.287,0.0622531167114132,0.014082103710336172,0.037919650895877094,0.008577698351247115,0.18439089279486076,0.041710549009390516,0.16262866320049965,0.036787775816578536,0.2101924777146009,0.04754705349181128,0.34261519868274837,0.07750202745597393,0.1001727676072903,0.022659802061583287,0.8998272323927098,0.20354740577375427,
1961-04-01,2.766,0.169,4.307,7.024,33.357,4.81,3553.021,7.928,5.177,28.635,19.78,26.118,43.32,555.545,,109.7878987710221,23.458000000000002,252.66795947305238,113.6224711380131,120.85615544956876,479.4601040478506,473.2881296038864,553.2076213609137,101.74022332425665,-177.78565640590637,469.85503114445146,194.93328563328157,350.72676453892217,157.06970841176698,817.5553506501731,13.105,112.67599999999999,125.78099999999999,0.06303018738919233,0.014270671142751714,0.04115883957036436,0.009318777056764078,0.18649875577392455,0.042225202278843306,0.15725745541854494,0.03560467648885329,0.20764662389391084,0.0470132932525718,0.34440813795406305,0.07797748157214987,0.1041890269595567,0.023589448199515792,0.8958109730404433,0.20282065359241824,
1961-07-01,2.818,0.172,4.365,7.092,35.177,4.928,3621.252,8.102,5.187,28.944,19.84,27.55,44.58,567.664,,111.16279565802682,23.756999999999998,257.31338331098357,116.60542214552993,123.92960276829109,481.97136847806837,475.8795774940948,555.0294732357784,103.60274134764884,-176.02608021686842,471.09957544143555,195.89673882119612,356.0392459948387,159.49332262312186,819.4575101378886,13.289000000000001,115.72699999999999,129.016,0.0627984125999876,0.014272527410580908,0.04020431574378372,0.00913744750415739,0.18413995163390587,0.04185046083598748,0.1537793762014014,0.034950252261901404,0.21353940596515164,0.048532230333436684,0.3455385378557698,0.07853237126187322,0.10300272834377133,0.0234099749147383,0.8969972716562287,0.20386531469319877,
1961-10-01,2.85,0.177,4.628,7.308,36.374,5.167,3692.289,8.212,5.337,30.628,19.838,28.462,46.683,580.612,,118.63125579511856,25.291,262.0050430334658,121.93610846132134,129.24009876502217,486.16719051545675,480.349720641721,556.8363751795188,104.73189942805593,-173.1605546408308,477.60199914310147,198.89696385157603,359.3854233704826,164.22922493050476,821.4001869915677,13.549,120.274,133.823,0.06136463836560232,0.014143696651119853,0.039881036892014075,0.009192024966759213,0.18898843995426795,0.04355920993710086,0.14824058644627605,0.03416739578238135,0.2126839183100065,0.049020688514877404,0.34884138003183307,0.08040309190991575,0.1012456752576164,0.023335721617879068,0.8987543247423836,0.20715038614427536,
1962-01-01,2.854,0.19,4.748,7.454,37.008,5.279,3758.147,8.225,5.667,31.401,20.261,29.01,47.702,594.013,3.202258064516129,120.5499777065161,25.734,269.65179408799645,124.2811432355343,131.8552794074281,488.17049530096443,482.25462833523017,559.7131475156231,104.87215190546446,-166.0731206821651,479.2064419695733,200.87508010570664,361.11341054890835,166.37366858414794,823.1681295759735,13.892,122.70700000000001,136.59900000000002,0.06021273947832707,0.013846498308959567,0.04148639448312212,0.009540195248252142,0.18839083741462234,0.0433222841924335,0.14832465830642974,0.0341086811231404,0.21237344343662837,0.048837315008257394,0.3492119268808702,0.08030463979744551,0.10169913396144918,0.023386693557211707,0.8983008660385507,0.20657292012127682,
1962-04-01,2.885,0.185,4.868,7.656,38.154,5.42,3792.149,8.33,5.522,32.197,21.071,29.906,49.047,600.366,3.0144444444444445,125.009950781195,26.675000000000004,268.4457799177104,128.00087633505603,135.33331292129762,490.7740720105761,485.20371102638063,559.2648956565132,105.95248999600628,-168.73994539038122,482.83933403834516,203.54896541506534,364.1630601513326,169.0095815451555,824.0688155851897,13.852,126.69900000000001,140.55100000000002,0.05926674303277813,0.013874869662839002,0.03928822989519818,0.009197722722472625,0.18978875995190359,0.0444312302828608,0.14991711193801538,0.0350969242095655,0.21277685679931124,0.04981294743539774,0.34896229838279336,0.08169516594877124,0.09855497292797631,0.02307259238531163,0.9014450270720237,0.2110362678765953,
1962-07-01,2.918,0.181,4.885,7.751,38.124,5.46,3838.776,8.425,5.329,32.321,21.607,29.871,49.567,609.027,3.1877777777777774,126.1064141432055,26.991999999999997,267.94310741739173,128.8420720396324,136.10963927903077,491.34607321239605,485.8587406603413,559.0774672219045,107.0898450100594,-170.92582477163114,483.7126107206256,204.78218672993745,364.08440050753796,169.74487897568136,825.2908844770193,13.754000000000001,128.037,141.791,0.05941843981634942,0.013833541041694375,0.037583485552679645,0.008750022576995765,0.19036469169411316,0.0443198741599305,0.1523862586482922,0.035477901636544844,0.21066922442186034,0.04904708658236826,0.34957789986670523,0.08138719629835786,0.09700192536902907,0.02258356361869014,0.902998074630971,0.2102320586772015,
1962-10-01,2.984,0.186,4.9,7.722,38.064,5.7,3851.421,8.615,5.424,32.304,21.166,29.785,51.546,612.28,2.9936065573770496,125.89112697647626,26.880000000000003,274.52243451268424,130.82760930857563,138.32741763387094,492.96234665556796,487.388049708957,561.503298625364,109.32646823415143,-168.2008605268936,483.54174618111483,204.40733978420445,363.9268953560602,174.04661748405047,825.6197450093626,14.039000000000001,129.377,143.416,0.06007000613599599,0.014070359966028616,0.03782004797233224,0.00885869210165284,0.187426786411558,0.04390148298164239,0.14758464885368439,0.03456915136865486,0.20768254588051543,0.04864604429346051,0.359415964745914,0.0841869732801986,0.09789005410832824,0.022929052067681456,0.9021099458916718,0.2113036519239564,
1963-01-01,3.081,0.199,4.99,7.74,39.407,5.814,3893.482,8.867,5.722,32.872,20.506,30.848,52.589,621.672,3.027868852459016,126.9328921949342,27.15,287.3682629519132,133.199237580752,141.21831418361486,495.0307020498288,489.1846034221679,566.0764539405025,112.52542196145308,-161.44504542576445,484.36585388880263,204.6401687601636,367.3943465497955,176.02688021366842,826.705915191659,14.589000000000002,131.093,145.682,0.060865446657788896,0.014263148412667775,0.039277330075095075,0.009204210580499042,0.18636482200958251,0.04367254758136123,0.1407586386787661,0.0329852398049132,0.21174887769250836,0.049621022018041666,0.3609848848862591,0.08459283995418805,0.10014277673288398,0.023467358993166817,0.899857223267116,0.21087164935850414,
1963-04-01,3.187,0.211,5.09,7.981,42.233,5.939,3937.183,9.183,6.058,33.467,21.488,32.93,53.881,629.752,3.141746031746032,128.42458419526795,27.409,300.1519381987296,137.53698301316666,145.9849039356738,498.35032186615615,492.38928483098726,570.4288807110718,115.90800354351994,-155.58971455060706,485.5341838623877,207.70637168938717,374.320190596801,178.15407690337233,827.8220771956443,15.241,135.708,150.949,0.06083511649630007,0.014581930664769625,0.04013276007128235,0.009619659802588956,0.18157788392105942,0.04352348225968318,0.14235271515544984,0.03412136841169222,0.21815315106426672,0.05229042543731501,0.35694837329164153,0.08555907722405011,0.10096787656758242,0.02420159046735858,0.8990321234324175,0.21549435333274053,
1963-07-01,3.244,0.221,5.31,8.2,43.041,6.012,4023.755,9.381,6.288,34.894,21.685,33.184,54.701,644.444,3.52609375,133.85723745058493,28.605999999999998,309.0103876509441,140.61086826384215,149.35285642085375,500.6311670162879,494.5996275562979,573.3374893326054,117.68071362531664,-150.95925774643842,489.67738398574534,210.41341542702074,376.21531497843625,179.3757471890728,829.9970825234178,15.669,138.176,153.845,0.060976957327179955,0.014556734177058054,0.04087230654229907,0.009757248108446972,0.18594039455295913,0.04438865130251814,0.14095355715167862,0.03364916113735251,0.21569761773213297,0.05149244930513745,0.3555591666937502,0.08488092060753145,0.10184926386947903,0.024313982285505027,0.8981507361305209,0.21441118235253956,
1963-10-01,3.283,0.223,5.518,8.44,44.392,6.107,4050.147,9.54,6.312,36.238,22.134,34.456,55.739,653.938,3.7268852459016393,140.00291104288038,29.926,312.3564467122654,144.52404513193403,153.24876157478752,503.20624937056107,497.3445896006281,574.4144993112744,118.87576385194556,-150.05835075220182,494.1663215556561,213.29823086078656,379.30592730236003,180.94356542409977,830.6508455738186,15.852,142.255,158.107,0.06033888442636948,0.014588538974642856,0.039922331079585344,0.009652291195801438,0.18927688211148144,0.04576274815043628,0.1399938016659604,0.033847245457520436,0.217928364968028,0.05269001036795538,0.35253973574857533,0.08523590921463503,0.10026121550595483,0.024240830170444295,0.8997387844940451,0.2175359131905471,
1964-01-01,3.27,0.235,5.653,8.617,47.12,6.345,4135.553,9.542,6.647,37.146,22.678,36.237,57.995,669.822,3.8308196721311476,142.57627645229888,30.499000000000002,318.1832466027845,149.89454492971677,158.6568261063033,506.6743543301545,500.99320130502167,576.2627463992095,118.47899849091621,-144.81697648379782,495.98771298504926,215.373699625763,385.26975393433315,184.7667101166351,832.7376334912492,16.189,147.40900000000002,163.598,0.058325896404601514,0.014245575690258009,0.0406300810523356,0.009923531923406517,0.18642648443135001,0.04553299234722061,0.13862027653149794,0.033856755973975174,0.221500262839399,0.05409944731585407,0.35449699874081586,0.08658270406167608,0.09895597745693711,0.024169107613664524,0.9010440225430629,0.22007189969872595,
1964-04-01,3.302,0.239,5.77,8.818,44.775,6.51,4180.592,9.686,6.745,37.939,23.696,34.988,59.476,678.674,3.86140625,145.6416413079012,31.194,322.2402180936795,150.7212282097951,159.64506256303497,507.29529920495116,501.54319597451894,577.5297286335081,119.45283454979364,-143.12917270506264,498.1149092866782,217.6795086935746,380.16499479467757,187.3339456220478,833.8208142284932,16.431,149.35399999999998,165.785,0.05842506861296257,0.014271947945552652,0.04068522483940043,0.00993849771760816,0.188159363030431,0.045963157569024304,0.14293211086648372,0.0349151433530679,0.21104442500829387,0.05155347044383607,0.3587538076424284,0.08763559529317463,0.09911029345236301,0.02421044566316081,0.9008897065476369,0.22006736665910287,
1964-07-01,3.363,0.24,5.974,9.102,44.059,6.725,4245.918,9.892,6.69,39.264,24.471,34.533,61.378,692.031,3.765625,151.79085932305102,32.574000000000005,326.29505906379705,154.20167869640818,163.16453427793473,509.47591044403555,503.8261347557703,578.780206117325,121.28334327581325,-142.71163556401459,502.2503647885349,220.84941695944505,378.5529644793436,190.5831925487903,835.3713329782793,16.582,152.95600000000002,169.538,0.05834680130708159,0.014294157342662395,0.039460180018638887,0.00966719698973023,0.1921339168799915,0.047070145701565404,0.1443393221578643,0.03536113266602219,0.20368884851773644,0.04990094374384963,0.3620309311186872,0.08869255857035307,0.09780698132572048,0.023961354332392628,0.9021930186742796,0.2210247806817903,
1964-10-01,3.435,0.259,6.151,9.296,43.277,6.519,4259.046,10.111,7.212,40.39,25.011,34.644,59.377,697.319,3.933770491803279,154.78709894892071,33.178,340.7597063884667,152.82155457590895,162.5345247721742,509.08904393397904,502.9270930762294,583.1177555536948,123.40169256743127,-135.09272172825993,504.2050617559394,222.9584200109555,376.76213160544245,187.4720989942402,835.6800470522318,17.323,152.21,169.53300000000002,0.05964030601711761,0.014499820024981395,0.04254039036647732,0.010342468798354843,0.1957023116443406,0.047579371851333464,0.14752879970271274,0.035867372034893645,0.20434959565394345,0.049681709518885904,0.3502385966154082,0.08515041179144696,0.10218069638359492,0.024842288823336237,0.897819303616405,0.21827886519655998,
1965-01-01,3.586,0.262,6.619,9.888,43.489,7.125,4362.111,10.546,7.268,43.542,26.283,34.768,64.915,717.79,4.012950819672131,168.8172492046594,36.274,351.103866435633,163.05966054688383,172.8052771821893,515.2165395152423,509.41161494644376,586.1082095462464,127.70373751829412,-133.94107752210402,512.8816764172492,229.1321900715335,377.25080325535095,196.36097261547144,838.0711393480444,17.814,162.24,180.054,0.05857131749364079,0.014692319480628038,0.04036566807735457,0.010125524178380864,0.2014617836871161,0.05053567199320136,0.1459728748042254,0.03661655916075733,0.19309762626767527,0.04843756530461556,0.36053072966998795,0.09043731453489183,0.09893698557099537,0.024817843659008902,0.9010630144290047,0.2260271109934661,
1965-04-01,3.704,0.279,6.738,10.252,43.869,7.137,4417.225,10.92,7.626,44.296,28.249,35.102,64.818,730.191,4.018253968253968,170.3081644660111,36.67,367.1969345859528,164.75775258136537,175.2011006630104,516.5934460805677,510.44762289150344,590.5898310634019,130.9413316783933,-127.65434971607715,513.7609528187188,232.74728085018248,378.1207920297852,196.52925199889302,839.3266949850884,18.546,164.839,183.385,0.05954685497723369,0.014954991228322452,0.041584644327507705,0.010443842775383428,0.19996182893911718,0.05021973702770919,0.1540420426970581,0.03868713802279129,0.19141151130136053,0.0480723536718475,0.3534531177577228,0.08876855507668541,0.1011314993047414,0.025398834003705878,0.8988685006952587,0.2257477837990334,
1965-07-01,3.827,0.293,7.099,10.624,44.077,7.381,4515.427,11.327,8.07,46.825,28.571,35.258,66.7,749.323,4.08578125,179.55328630271447,38.755,381.9408505035249,170.13125345707758,181.0483324277302,519.8764025607124,513.6570218309753,594.5265755003566,134.2081206443565,-122.75826699650698,519.0472023499384,236.3115592734078,378.5938104452378,199.89091307879153,841.5255035022691,19.397,169.284,188.68099999999998,0.06003254169736222,0.015116311657322678,0.042770602233399235,0.010769721468578972,0.20539958978381503,0.05172001927072838,0.15142489174850676,0.038129084520293656,0.18686566214934205,0.047053139967677494,0.35350671238757486,0.0890136830178708,0.10280314393076144,0.025886033125901646,0.8971968560692386,0.22591592677657032,
1965-10-01,3.957,0.313,7.374,11.056,43.213,7.692,4619.458,11.746,8.395,48.457,30.414,35.523,69.126,771.857,4.4731147540983605,185.42358923762202,40.062,400.3120618329804,174.6529045717643,186.25699162346302,522.7127395473024,516.2800601929118,599.2244397528032,137.54861624032873,-116.15520884419838,522.264287932954,240.29732670253142,376.6141375906866,204.01808277265334,843.8032661176405,20.141,175.125,195.266,0.060153841426566844,0.015217844756217798,0.04299263568670429,0.010876366995440865,0.20516628598936834,0.051903396613621436,0.15575676257003268,0.03940367192368535,0.18192107176876673,0.046022773648486705,0.35400940255856117,0.0895580398959911,0.10314647711327113,0.02609421175165866,0.8968535228867289,0.2268878820817846,
1966-01-01,4.093,0.339,7.78,11.52,44.297,8.058,4731.888,12.215,8.959,51.069,31.062,35.946,72.312,795.734,4.930634920634921,194.5615408593767,42.11,422.0871441468155,182.05690693055814,194.38233116729387,526.9826998838548,520.4319313646644,604.5211795434833,140.9278197510266,-108.17551716016867,527.0748518459521,244.4084655267745,379.0916954667688,208.66653867691554,846.2079556179118,21.174,181.43,202.604,0.06029002388896566,0.015350607112427016,0.0442192651675189,0.011258787484259814,0.20784387277645058,0.05291969426969313,0.15331385362579217,0.039035657644388704,0.1774199917079623,0.045173387086639503,0.35691299283331024,0.09087458874447993,0.10450928905648456,0.02660939459668683,0.8954907109435154,0.2280033277452013,
1966-04-01,4.214,0.365,8.054,11.709,40.851,7.736,4748.046,12.628,9.523,53.024,31.121,34.362,69.721,804.981,4.934285714285714,199.73732476575006,43.501000000000005,442.8742129777266,177.8427820378649,191.30697210604407,525.3879321710162,518.0899913021353,609.3285786108645,143.84123153819974,-100.78579253996456,529.7003127142386,246.03577768665878,370.9931300810548,204.58847581509932,846.5488443972434,22.151,178.705,200.85600000000002,0.06287091249452344,0.0156873267816259,0.04741207631337873,0.011830092884179876,0.21657804596327718,0.05403978478995157,0.15494184888676463,0.03866053981398319,0.17107778707133467,0.042686721798402695,0.3471193292707213,0.08661198214616246,0.11028298880790216,0.027517419665805776,0.8897170111920978,0.22199902854849993,
1966-07-01,4.328,0.385,8.09,11.864,39.494,7.99,4788.254,13.0,9.883,53.417,31.819,33.018,72.323,819.638,5.51921875,198.49444535292557,43.534000000000006,460.0970173324868,179.07037265393942,193.2929897976706,526.4207119636695,518.7778871898267,613.1437374489872,146.51055415441806,-95.45119446943528,529.0761116627024,247.3508604835631,367.6148761635118,207.81907597781833,847.3921114560691,22.883,180.69400000000002,203.57700000000003,0.06385790143287305,0.015860660437900635,0.04854674152777572,0.012057762085213227,0.2138453754598997,0.053113691654120485,0.1562995819763529,0.03882079649796617,0.16218924534696944,0.04028363741066178,0.35526115425612903,0.08823773421925288,0.11240464296064878,0.02791842252311386,0.8875953570393512,0.22045585978200133,
1966-10-01,4.437,0.402,8.206,11.863,35.351,7.987,4827.537,13.366,10.244,54.581,31.104,30.188,72.625,833.302,5.4365,200.0206957234464,44.337,475.43463805065096,175.77570212077373,190.83522400398982,525.1410354155695,516.920876250634,616.4229413127257,148.99784723967724,-91.13031903631159,529.8420839811727,247.34243126789664,356.5326680485609,207.7815219935252,848.2091678695876,23.61,178.25400000000002,201.86400000000003,0.06621289581104109,0.01603980309659643,0.05074703760947964,0.012293262226659721,0.21963797408155986,0.05320640056066108,0.15408393770063009,0.03732620346525029,0.1495462291443744,0.03622696213377623,0.35977192565291477,0.08715327696321382,0.11695993342052073,0.028333065323256152,0.8830400665794792,0.21391284312290143,
1967-01-01,4.515,0.39,7.88,11.671,34.378,7.836,4870.299,13.618,9.954,52.713,31.523,29.389,71.102,844.17,4.5939344262295085,191.62090787206097,42.759,473.8761266047253,171.26080178294796,186.42864187248543,522.8048548561485,514.3187551257927,616.094595126385,150.74051868689486,-94.1608539858445,525.551898208887,245.71071324302167,353.74168249059653,205.87285000822945,849.0910610495862,23.572000000000003,174.773,198.345,0.06865814615946961,0.016131821789449993,0.0501852832186342,0.011791463804683893,0.21557891552597747,0.05065211983368279,0.15893014696614485,0.03734200457253871,0.148171115984774,0.03481407773315801,0.3584763921449999,0.08422711065306752,0.11884342937810383,0.027923285594133887,0.8811565706218962,0.20703531279244702,
1967-04-01,4.547,0.394,7.965,11.643,38.341,8.172,4873.287,13.786,10.043,53.577,30.78,32.857,74.483,848.983,4.24953125,193.71155205494944,43.534,477.8682710378459,177.83141105029742,192.90921677918206,526.2219698859324,518.0835972551156,616.9335110908485,151.44676748428734,-93.14043696842032,526.6370207534723,245.4705141054879,364.65198196978065,210.07136769553756,849.1523937066523,23.829,181.654,205.483,0.06709070823377115,0.016238252120478268,0.04887508942345595,0.011829447703899843,0.21186180851943956,0.05127782299527788,0.14979341356705908,0.03625514291805608,0.1599013057041215,0.038701599443098395,0.36247767455215274,0.08773202761421608,0.11596579765722712,0.028067699824378112,0.8840342023427729,0.21396659297064843,
1967-07-01,4.625,0.387,7.856,11.623,40.38,8.107,4919.392,14.116,9.903,53.193,31.288,34.786,74.699,865.233,5.127301587301587,191.24349979710573,43.29,478.96144107479404,178.31815749402486,193.4271747509476,526.4901083753197,518.3569356442496,617.16200953707,153.14763709643887,-94.93305859523552,525.3547484140051,245.2985893661571,369.83346128846915,209.272788600557,850.0940224614286,24.019,184.063,208.082,0.06783864053594256,0.016314680554255327,0.047591814765332904,0.011445471913345885,0.20804298305475727,0.05003276574055775,0.15036379888697726,0.03616135769208988,0.16717447929181767,0.0402041993312784,0.35898828346517236,0.08633397015601578,0.11543045530127545,0.02776015246760121,0.8845695446987245,0.2127322929199418,
1967-10-01,4.706,0.412,8.106,11.857,42.719,8.128,4956.477,14.492,10.512,55.286,31.761,37.476,75.642,881.439,5.560819672131148,195.92280745289693,44.774,496.5246143061744,182.0597032655446,197.83363361017138,528.742644320778,520.4334673204039,620.7633057898238,154.88382903051706,-88.67319296326107,527.7720742129327,247.29184104759335,375.46437861382617,209.5314890836126,850.8450485090956,25.004,189.653,214.65699999999998,0.06751235692290493,0.01644129656164522,0.04897114932194152,0.011925952902015908,0.20858392691596364,0.05079648166237256,0.14796163181261268,0.03603312310891622,0.17458550152103125,0.042516838941775895,0.3523854335055461,0.08581648871901515,0.11648350624484645,0.02836724946366113,0.8835164937551536,0.21516293243207982,
1968-01-01,4.793,0.419,8.415,12.206,42.845,8.633,5057.553,14.93,10.625,57.601,32.845,38.268,80.859,909.387,5.476129032258064,204.37570181159384,46.976,505.39131170262016,189.38613904856865,205.2740375828162,532.4345855155248,524.3787994592251,622.5333003873641,156.71565201774942,-86.98843590599994,531.9959975586142,250.19276341223033,375.7588952121082,215.55920692533857,852.8638048472903,25.555,198.94799999999998,224.503,0.06650245208304566,0.01641765277049265,0.04732676178046619,0.011683694620662051,0.20924441989639336,0.05165677538825605,0.14630094029923876,0.03611773645323718,0.17045651951198873,0.0420810941876231,0.36016890642886734,0.08891594007831649,0.11382921386351186,0.0281013473911547,0.8861707861364881,0.2187715461074328,
1968-04-01,4.915,0.412,8.212,12.056,43.891,8.817,5142.033,15.417,10.426,56.698,32.99,39.563,83.084,934.344,5.9514516129032256,199.1041534547511,46.272,509.2876836699707,190.33532154526753,206.36580914605253,532.9650366523225,524.8787366880457,623.3013050739265,159.229175359913,-88.67319296326107,529.3828072001485,248.95624613241944,378.1709287673896,217.668167610489,854.5203805541531,25.843,201.909,227.75199999999998,0.0676920510028452,0.01650034676735763,0.04577786364115354,0.011158631082342264,0.20316835856545717,0.04952351596414168,0.14485053918297097,0.03530819484044421,0.17371087849942043,0.042343077067974966,0.36480030910815275,0.08892228130110537,0.11346991464399875,0.027658977849699895,0.8865300853560013,0.21609706917366622,
1968-07-01,4.998,0.423,8.415,12.222,44.778,9.213,5181.859,15.796,10.69,58.581,33.061,40.394,87.545,950.825,5.51,203.93731058595668,47.891000000000005,519.8983055713024,196.07891360047861,212.37350198576596,535.8346526339278,527.8517198611274,625.3633226240875,160.90378324127607,-86.03830999358591,531.7812645568342,250.32376064727237,380.17169473773055,222.0615530126795,855.2919151180274,26.485999999999997,208.89100000000002,235.377,0.06710936072768367,0.016612941393000815,0.04541650203715741,0.011242868035653247,0.2034650794257723,0.05036783845607762,0.14045977304494492,0.034770856887439854,0.1716140489512569,0.042483106775694786,0.3719352358131848,0.09207267373070754,0.11252586276484107,0.02785580942865406,0.887474137235159,0.21969447584991983,
1968-10-01,5.07,0.419,8.707,12.555,45.398,9.159,5202.212,16.187,10.643,61.233,34.589,42.572,87.826,968.03,5.83241935483871,213.07818052817512,50.589999999999996,522.3451589326868,198.9432325376657,215.2381979048358,537.1745312094233,529.3019520399264,625.8328593379341,162.3340817603092,-86.98843590599994,536.1659143098202,253.0118992609548,381.54680512135104,221.47370024208504,855.6839198734517,26.830000000000002,215.577,242.407,0.06677612445185165,0.016721589206946066,0.0439054977785295,0.010994493972294248,0.208698593687476,0.05226077704203382,0.14268977381016223,0.03573133064057932,0.175621991114118,0.04397797588917699,0.36230801915786254,0.09072652707044203,0.11068162223038114,0.027716083179240316,0.8893183777696189,0.22269661064223217,
1969-01-01,5.105,0.452,9.024,12.876,46.923,9.332,5283.597,16.51,11.515,63.689,35.609,44.906,90.011,993.337,6.362622950819672,218.98291987893958,52.174,540.5311239161377,203.9006784068696,220.83646770018697,539.742246245088,531.7633004729704,629.2552218985015,163.0220451616629,-79.40730991499059,538.8993735354645,255.53651134365617,384.8507960360214,223.34493541591834,857.2362394754862,28.025000000000002,222.7,250.725,0.06584903779040782,0.01662074401738786,0.04592681224449098,0.011592239089050342,0.20809253165819125,0.05252396719340969,0.14202413002293351,0.03584785425288699,0.179104596669658,0.045207215678062934,0.3590028916143185,0.09061476618710468,0.1117758500348988,0.0282129831064382,0.8882241499651011,0.22419380331146427,1.0977281802333891
1969-04-01,5.204,0.49,9.118,13.017,46.483,9.306,5299.625,17.006,12.492,64.691,36.489,45.13,90.448,1009.02,6.574285714285715,217.85456551080878,52.199,565.1183946629808,203.39232541135448,221.44568818943722,540.0177359371056,531.5136751395011,633.7035257270383,164.9427560650259,-71.33498878774648,538.382770947403,256.6256195484323,383.90866543506337,223.06593534224567,857.5391342319999,29.498,224.26599999999996,253.76399999999995,0.06701502183130784,0.01685397712632059,0.049226840686622225,0.012380329428554441,0.20569899591746665,0.051732373986640504,0.14379108147727812,0.036162811440803945,0.17784240475402346,0.0447265663713306,0.35642565533330184,0.08963945214168202,0.11624186251793008,0.02923430655487503,0.88375813748207,0.22226120394045704,
1969-07-01,5.242,0.522,9.237,13.313,46.115,9.28,5334.6,17.355,13.342,66.122,38.748,44.962,90.628,1029.956,7.652857142857143,218.05730958520817,52.78,582.9027623280009,203.62575438217866,222.47012361850307,540.4792816718586,531.6283771677428,636.8020383980061,165.67031049012147,-65.00876910994982,538.4757916245635,258.874100144978,383.11382766876824,222.78615467981092,858.1969184355149,30.697000000000003,227.118,257.815,0.06731571087795513,0.016850234378944347,0.05175028605783217,0.012953951430934916,0.2047204390745302,0.05124490754944872,0.1502938153326998,0.037621024587458106,0.17439636948975043,0.04365429202800897,0.3515233791672323,0.08799210840074723,0.1190659969357873,0.02980418580987926,0.8809340030642127,0.22051233256566302,
1969-10-01,5.298,0.544,9.159,13.243,42.944,9.244,5308.556,17.736,13.939,66.149,39.237,42.503,90.844,1038.147,7.899180327868853,213.5132119882915,52.21,597.0319188510579,199.30492351690592,218.92962654394756,538.8750338193771,529.483593096231,639.1970577375536,166.7329390849878,-60.880603212619434,536.3698713603155,258.3469110944827,375.98969413492165,222.39746924121343,857.7075137517322,31.675,224.79399999999998,256.469,0.06915455669106209,0.017084285751439828,0.05434964849552967,0.013426807571567419,0.20357236157196387,0.05029152904164825,0.15298925016278772,0.03779522553164437,0.16572373269284008,0.04094121545407346,0.3542104503858166,0.08750591197585698,0.12350420518659176,0.030511093323007245,0.8764957948134082,0.21653388200322304,
1970-01-01,5.272,0.559,9.094,13.15,42.969,9.102,5300.652,17.905,14.436,66.401,39.354,42.493,89.611,1051.2,7.55,210.0641995873268,51.964999999999996,602.5590884003558,197.09334449963765,217.04573330099805,538.0108083874425,528.3677446463427,640.1185732589848,166.24097972002062,-58.16058058270378,534.7413196317583,257.64217586237737,376.0478925465838,220.84941695944505,857.5585110841937,32.341,223.423,255.764,0.07000594297868347,0.017032914764079147,0.05644265807541327,0.013732876712328767,0.20317558374126146,0.0494339802130898,0.15386840994041381,0.03743721461187215,0.1661414428926667,0.04042332572298326,0.3503659623715613,0.08524638508371385,0.12644860105409675,0.030765791476407914,0.8735513989459033,0.21254090563165906,-2.1261103032156825
1970-04-01,5.236,0.565,9.055,13.064,40.339,9.208,5308.164,17.948,14.622,66.748,40.203,41.365,91.006,1067.375,7.446769230769231,208.29505610235333,52.126000000000005,603.1451138857029,195.03636836434487,215.09208208305654,537.1066225196614,527.3186045606495,640.2157820984968,165.55578480476532,-57.09295478356962,533.8955613479034,256.9860355668164,369.731874292778,222.00726714195818,857.7001291734412,32.57,224.70000000000002,257.27000000000004,0.06976328370972129,0.01681508373345825,0.05683523146888482,0.013699027989225905,0.2026120418237649,0.04883569504625835,0.15626773428693588,0.03766530038646212,0.16078438994052938,0.038753952453448884,0.35373731877016357,0.0852615060311512,0.12659851517860612,0.030514111722684156,0.8734014848213938,0.21051645391732055,
1970-07-01,5.2,0.544,9.111,13.109,42.666,9.241,5357.077,18.016,13.993,67.661,40.504,42.566,92.011,1086.059,6.940625,212.1885562965149,53.668,590.7256187826531,198.3178041708568,217.67534221305047,538.3004696841848,528.9870815513847,638.1351643582062,164.86586255873817,-60.880603212619434,535.7475295868529,257.3299017215672,375.3402350129436,222.36501049059032,858.6173769494293,32.009,228.749,260.758,0.06909088120019329,0.016588417388005622,0.053662783116913006,0.012884198740584076,0.20581535369959889,0.04941536325374588,0.1553317635508786,0.037294474793726676,0.16323947875041228,0.03919308251209189,0.352859739682004,0.08472007506037886,0.1227536643171063,0.0294726161285897,0.8772463356828938,0.2106229956199433,
1970-10-01,5.116,0.555,8.63,12.66,46.965,8.627,5299.672,17.918,14.215,64.834,40.727,47.218,87.324,1088.608,5.6411475409836065,197.13251040592846,50.619,590.4805888681122,191.83605458652698,211.4107966713178,535.3803144370962,525.664112490074,638.0936762731508,163.23728837165962,-58.87871652357024,528.3876144270444,253.84474167160303,384.94026434464786,215.48968200944415,857.5400210832694,32.132999999999996,225.88800000000003,258.021,0.06944395998775293,0.016459552015050415,0.05509241495847237,0.01305796025750316,0.1961817061401979,0.0464988315353185,0.15784374140089372,0.03741199770716364,0.18300060847760455,0.043374658279196926,0.3384375690350785,0.08021620271025015,0.12453637494622528,0.02951751227255357,0.8754636250537747,0.20750169023192927,
1971-01-01,5.121,0.546,8.776,12.764,49.403,9.553,5443.619,18.133,13.928,66.644,41.484,50.961,98.052,1135.156,4.034262295081967,202.3410697017424,52.71600000000001,586.544734947135,203.15193269816677,222.10399621821483,540.3145723616561,531.3954136039315,637.4248939604452,163.33497324804134,-60.51363032372319,530.995473741862,254.6628708415997,390.00111510949006,225.68552412878714,860.2199376017347,32.061,243.21300000000002,275.274,0.06587254880591702,0.01597401590618382,0.05059685985599802,0.012269679233515043,0.19150373809368124,0.04643943211329545,0.1507007563373221,0.036544756843993255,0.1851282721942501,0.04489338910246697,0.3561978247128316,0.08637755515541477,0.11646940866191503,0.028243695139698863,0.8835305913380851,0.21425513321517045,-1.6443127058446407
1971-04-01,5.179,0.592,8.989,12.938,54.143,9.77,5473.059,18.456,14.957,68.69,42.333,56.974,100.989,1156.271,5.004126984126984,204.15926193144307,53.733,611.4040256643243,209.8629524292551,229.68194638571669,543.6695510113877,534.6454710196776,641.5757993773174,164.46119874417545,-52.424864409813146,531.8900385002178,256.01687176217933,399.162869454606,227.93164660546915,860.7592971279491,33.413,254.029,287.442,0.06420773582148746,0.01596165604776043,0.052034845290528174,0.012935548846247983,0.18693510342956143,0.04647093977103983,0.14727492850731624,0.03661165937742968,0.19821042158070148,0.04927391588996005,0.35133696537040515,0.08734025155002591,0.11624258111201563,0.028897204894008408,0.8837574188879843,0.21969676658845547,
1971-07-01,5.246,0.605,9.052,12.995,56.632,10.031,5518.072,18.812,15.144,69.26,43.129,60.68,103.442,1177.675,5.75203125,204.7484495944207,54.11600000000001,621.7770132222711,214.51039536274018,234.62969215550405,545.8008493238422,536.8358200423326,643.2581528820169,165.7465881444682,-50.252682095129565,532.1782150516088,256.4564668093454,403.6574196471888,230.56802979013483,861.5783802897976,33.956,261.367,295.32300000000004,0.06369974570216339,0.015973846774364746,0.051279446572058386,0.012859235357802451,0.18324343176792868,0.04595155709342561,0.14604009846845656,0.03662215806568026,0.2054699430792725,0.05152525102426391,0.35026733441012037,0.08783577812214745,0.11497919227422178,0.028833082132167197,0.8850208077257782,0.22193474430551724,
1971-10-01,5.361,0.63,9.364,13.26,58.813,10.459,5531.032,19.312,15.672,71.642,43.781,63.995,107.302,1190.297,4.720819672131148,211.4145158168385,55.97,640.7592236206833,222.2121474152867,242.90846925208328,549.2684702638168,540.3632544546917,646.2653760178705,167.91505248454007,-46.20354595965587,535.3820736248322,258.47519847577166,407.43629189035084,234.7462851772131,861.812969555017,34.984,271.048,306.032,0.06310451194646312,0.01622452211506876,0.05121033094578345,0.013166461815832519,0.18288937104616512,0.04702187773303637,0.14306020285460344,0.03678157636287414,0.20911211899409213,0.053763892541105286,0.3506234642128928,0.09014724896391406,0.11431484289224657,0.02939098393090128,0.8856851571077535,0.22771459560092985,
1972-01-01,5.48,0.664,9.719,13.683,62.651,10.698,5632.649,19.923,16.428,74.881,45.803,69.156,110.704,1230.609,4.413015873015873,218.48824363381107,58.453,664.0250549691513,230.29725452838667,251.7445260745816,552.8414787865084,543.937088547198,649.8319882151823,170.11051009599242,-40.947312950570314,538.6732208208527,261.6154186397673,413.757964290663,237.00568081090583,863.6335125573908,36.351,284.116,320.467,0.06216864762986516,0.016189545176412655,0.05126268851394996,0.01334948793646073,0.18239943582334534,0.04749924630812875,0.1429257926713203,0.03721978305050589,0.21579757042066736,0.05619656609044791,0.34544586494085194,0.08995871149975337,0.11343133614381512,0.029539033112873384,0.8865686638561848,0.2308743069488359,-0.6356886569410563
1972-04-01,5.573,0.663,9.94,13.906,63.838,10.967,5760.47,20.424,16.308,76.946,46.628,70.824,114.066,1266.369,4.8409375,224.96823267980065,60.638,669.7214979119851,235.62346459464226,257.14866244816517,554.9654370761414,546.2235041871834,650.686195121008,171.79335085873996,-41.09802887962745,541.5959204146668,263.2320401676826,415.63486243300093,239.4890763778072,865.8774347583287,36.732,292.15599999999995,328.8879999999999,0.06210016783829147,0.016128000606458307,0.04958526914937609,0.012877763116437627,0.1843727956021503,0.04788335785225318,0.14177470749920948,0.03682023170181835,0.2153438252535818,0.055926827014874815,0.34682323465739107,0.09007327248219121,0.11168543698766756,0.029005763722895934,0.8883145630123326,0.23070368905113753,
1972-07-01,5.619,0.679,10.178,14.11,64.12,11.249,5814.854,20.763,16.658,78.938,47.334,72.36,117.591,1290.566,5.148888888888889,230.3433581504181,62.28,679.9502546490061,239.9524939222233,261.7840291721608,556.7519847688936,548.0440961758154,652.2019640566268,172.6153712130061,-38.71341514234409,543.9571057236762,264.68837658647226,416.0756327741352,242.0279235810689,866.8170957156914,37.42100000000001,299.565,336.986,0.06161383558960907,0.016088289944102045,0.04943232063053065,0.01290751499729576,0.1848147994278694,0.0482578961478917,0.14046280854397514,0.03667693089698629,0.21472702130058816,0.05606842269205914,0.3489492145074276,0.09111583599753906,0.11104615622013973,0.02899580494139781,0.8889538437798603,0.23211908573447618,
1972-10-01,5.693,0.705,10.957,14.786,66.386,11.845,5912.22,21.197,17.309,84.78,49.003,77.257,123.416,1328.904,5.437833333333333,250.38414274020354,67.471,696.4572279823915,253.11249145764052,275.2411018530366,561.764744757084,553.3834020176128,654.6006381402235,173.9237349968945,-34.95574761698684,552.2996309505817,269.36807871349083,419.5486190878305,247.1905837610749,868.4776674384927,38.506,317.147,355.653,0.059600228312428116,0.01595073835280803,0.04866822436476003,0.013025019113495032,0.1897101950496692,0.050771914299302286,0.13778317629824574,0.03687474791256554,0.21722577905992638,0.05813587738467189,0.3470123969149705,0.09287051585366587,0.10826845267718815,0.02897575746630306,0.8917315473228118,0.23865305545020557,
1973-01-01,5.759,0.749,11.561,15.406,68.603,12.599,6058.544,21.704,18.588,89.808,51.297,80.925,131.812,1377.49,6.317903225806451,263.72042847672583,71.22,720.2264550800943,265.9312344277908,288.6848858938879,566.5335733008499,558.3237758171614,657.9565683503333,175.07638485245354,-28.90162954649176,557.488955898489,273.4757043930774,422.83362655540583,253.3617445728493,870.9224786168932,40.292,335.254,375.54600000000005,0.05779318645385651,0.015756194237344735,0.04949593392021217,0.013494108850154993,0.18964387851288522,0.05170273468409934,0.1365931204166733,0.037239471792898673,0.21548625201706312,0.05874815788136393,0.3509876286793096,0.0956899868601587,0.10728912037406868,0.029250303087499728,0.8927108796259312,0.24338035121852067,-0.3185648992657661
1973-04-01,5.842,0.786,12.095,15.979,65.048,12.45,6124.506,22.326,19.602,94.897,54.003,78.707,131.295,1413.887,7.016666666666667,275.6811393675774,75.295,742.12530450475,265.2642096640377,288.96550975116435,566.6307337568862,558.072634689443,660.9518102905392,176.50732039655492,-24.079848655293045,561.9244905706284,277.1275360157251,417.5125458905536,252.17206229107165,872.005337909907,41.928,339.29999999999995,381.22799999999995,0.05856337939500772,0.01579051225451539,0.05141804904151847,0.013863908501881694,0.19750647906239838,0.053253902185959705,0.14165538732726873,0.03819470721493302,0.2064565037195589,0.055667107767452415,0.3444002014542479,0.09286102779076404,0.10998142843652618,0.02965442075639708,0.8900185715634739,0.23997674495910915,
1973-07-01,5.907,0.811,12.244,16.225,62.259,12.34,6092.301,22.961,20.064,96.85,56.75,77.932,130.8,1433.838,8.522380952380951,277.6954073069982,76.786,757.518899849667,262.7423703424283,287.1668791382543,566.0063507189053,557.1173971628239,663.0048487368862,177.61380883250982,-20.948722486672406,562.6524855850457,278.6553262590154,413.1303103207633,251.28460184772416,871.4781121855528,43.025,342.26800000000003,385.293,0.05959360798145826,0.016013664026201007,0.05207465487304467,0.013993212622346459,0.1992924864972891,0.0535527723494565,0.14729050359077378,0.039579087735155574,0.20226684627024108,0.05435202582160607,0.33948190078719315,0.09122369472701938,0.11166826285450293,0.030006876648547464,0.8883317371454971,0.23870758063323752,
1973-10-01,5.982,0.866,12.441,16.347,59.436,12.051,6150.131,23.735,21.184,98.693,57.618,75.723,128.201,1476.289,7.414,278.52601462292233,77.509,786.3335199405946,258.1301584092197,283.8653456831684,564.8499990805283,555.3463947667558,666.7381028052714,178.87549602077564,-14.38703704197019,562.9511464782017,279.4044394269071,408.49001033941005,248.9147644045255,872.4228661386712,44.919,339.05100000000004,383.97,0.06181472510873245,0.016077475345274535,0.05517097689923692,0.014349493899907133,0.20186212464515454,0.0525025926495422,0.15005859832799437,0.03902894351986637,0.19721071958746775,0.051292802425541344,0.3338828554314139,0.08684004283714096,0.11698570200796936,0.030426969245181668,0.8830142979920307,0.2296643814320909,
1974-01-01,5.995,0.885,12.451,16.33,55.571,11.769,6097.258,24.388,21.567,100.032,58.876,72.438,126.652,1491.209,7.378852459016394,277.1622163828374,78.465,795.3348261917232,251.6891392464675,277.97146921882336,562.7518479714682,552.8194751613429,667.8763191010274,179.09257884794775,-12.216763397420753,562.4602953490222,279.3003906982374,401.7661482451133,246.54689558955255,871.5594440905585,45.955,336.431,382.38599999999997,0.06377848561401307,0.016354515027739238,0.056401123472093646,0.014462761423784325,0.20519841207575593,0.052618378778561556,0.15397007212607156,0.03948205784702211,0.18943685176758565,0.048576691798399824,0.3312150549444802,0.08493242731233516,0.12017960908610671,0.03081727645152356,0.8798203909138933,0.22560955573631863,0.7939630225300789
1974-04-01,6.02,0.883,12.428,16.302,53.328,11.832,6111.751,25.11,21.934,102.376,61.2,71.157,130.583,1530.056,8.693015873015872,276.6816750602398,80.44200000000001,796.2473461178123,249.79201714083038,276.165263825821,562.0999468496365,552.0628640178561,667.9909873904759,179.50872593207296,-12.443007837817703,562.2867657856893,279.1287799672266,397.6461521565384,247.0807725408499,871.7968590487683,47.044,343.38199999999995,390.42599999999993,0.06431436430975397,0.01641116403582614,0.05617966016607502,0.014335423017196756,0.20603648322601473,0.052574546291116145,0.1567518556653502,0.039998536001296686,0.18225476786894318,0.046506140951703724,0.3344628687638631,0.08534524226564257,0.12049402447582898,0.030746587053022894,0.8795059755241711,0.22442446550975909,
1974-07-01,6.078,0.944,12.488,16.136,51.542,11.901,6053.978,25.983,23.883,107.085,61.282,70.949,136.324,1560.026,9.015,273.35807173032464,83.202,825.6519602390729,247.4294872049848,275.06599585333413,561.7011053796011,551.1125641235099,671.6173329082976,180.46756944946014,-5.762911283663642,561.0782553825194,278.10528006519104,394.23970092831286,247.66224302003027,870.8470855614044,49.866,351.757,401.623,0.06469500003734846,0.01665549163924191,0.05946621582927272,0.015309360228611573,0.20716443032396054,0.053333726489173894,0.15258588278061763,0.03928267862202296,0.1766557194184596,0.04547937021562461,0.3394327516103411,0.08738572305846184,0.12416121586662118,0.031964851867853486,0.8758387841333789,0.2254814983852833,
1974-10-01,6.077,0.963,11.98,15.712,44.831,10.768,6030.464,26.585,24.894,107.77,63.046,63.324,127.148,1599.679,7.676065573770492,257.6525256915754,82.876,833.4982644185154,227.14357087091412,255.5104273880392,554.3263220505854,542.558228835302,672.5631619907356,180.4511153153218,-3.7701867184011526,555.161187752679,275.442475161211,380.2899864409751,237.65787729023722,870.4579235351222,51.479,336.394,387.873,0.06854047587741349,0.016618959178685222,0.0641808014478966,0.01556187210059018,0.21366787582533459,0.05180789395872547,0.16254289419474932,0.039411656963678335,0.1632596236396965,0.039585441829266994,0.3278083290149095,0.07948344636642726,0.13272127732531008,0.0321808312792754,0.86727872267469,0.21028843911809805,
1975-01-01,6.041,0.918,11.109,14.815,42.301,10.998,5957.035,26.942,24.282,104.513,61.533,61.197,131.787,1616.116,6.3355,236.94555299545345,80.23100000000001,811.9357595316861,219.41778094773227,247.09493695290672,550.9772622913769,539.0977588074749,669.9421223154776,179.8569561156604,-8.555788836164654,546.7830380545789,269.56401810255284,374.48107264347345,239.77134380856228,869.2328153052084,51.224000000000004,334.74800000000005,385.97200000000004,0.06980299089053091,0.01667083303426239,0.06291129926523167,0.015024911578129293,0.20786741007119688,0.049644332461283726,0.15942348149606705,0.038074618406104516,0.15855295202760822,0.03786671253796139,0.34144186624936523,0.08154550787195969,0.13271429015576258,0.03169574461239169,0.8672857098442375,0.20713117127730934,-1.3334094807505608
1975-04-01,6.006,0.881,10.878,14.459,43.493,11.212,5999.61,27.285,23.627,105.582,60.284,63.959,136.692,1651.853,6.5328125,233.4361333692098,81.955,793.8252473328478,220.43377534391,247.34533808263785,551.0785490043658,539.5597311199866,667.68633455031,179.27589695611385,-12.669765304595753,545.2908520934459,267.1317058045989,377.260000560547,241.69846333025419,869.9449746097602,50.912,342.89,393.80199999999996,0.06928608793251431,0.016517813631116086,0.05999715593115322,0.014303330865397828,0.20811219851600551,0.04961397896786215,0.1530820056779803,0.03649477283995609,0.16241410658148006,0.038719547078341715,0.34710844536086666,0.08275070481453253,0.12928324386366755,0.03082114449651391,0.8707167561363325,0.2075790037006925,
1975-07-01,6.093,0.875,11.014,14.613,46.36,11.912,6102.326,28.006,23.476,108.527,61.159,68.772,146.788,1709.82,7.51515625,237.67053254569433,85.051,797.4342866147504,229.9373365100557,256.7555482743956,554.8124458212557,543.7806821845684,668.1399432034843,180.71405712663574,-13.353139262452263,547.088539758456,268.1911543492515,383.6437018471551,247.75462953817078,871.6425288956067,51.482,361.77000000000004,413.25200000000007,0.06776978695807884,0.01637950193587629,0.056807952532595116,0.013730100244470179,0.20580904629620664,0.04974266297037115,0.14799444406802625,0.035769262261524604,0.16641661746343633,0.040221777730989235,0.35520215268165667,0.0858499725117264,0.12457773949067395,0.03010960218034647,0.875422260509326,0.2115836754746114,
1975-10-01,6.246,0.879,11.178,14.788,48.346,12.258,6184.53,29.01,23.638,111.84,61.928,73.005,153.392,1761.831,6.695245901639344,241.8908380056037,88.202,809.9485648607449,235.93324319971362,263.1171796765211,557.2599483050632,546.3548897213145,669.6970745478343,183.1941258860887,-12.897038129696007,548.8486541766842,269.3816041074386,387.83834883839086,250.61787850635397,872.9806291640068,52.648,376.527,429.175,0.06759480398438865,0.016465824474651655,0.05507776548028194,0.013416723851493137,0.20551523271392788,0.050062690462365576,0.14429545057377527,0.03514979586577827,0.1701054348459253,0.041437005024886044,0.35741131240170093,0.0870639692456314,0.12267256946467059,0.029882548326144794,0.8773274305353294,0.21371346059866128,
1976-01-01,6.509,0.911,11.323,15.104,52.93,12.871,6323.649,30.379,24.606,115.026,64.005,80.441,163.297,1820.487,5.985806451612904,243.53143827554769,90.41999999999999,841.9763683236505,246.17763573267212,274.41655187331196,561.4647214270555,550.6053371820418,673.5751947724535,187.31858345902504,-9.32123817221787,549.5246044149852,271.4959609403145,396.8970285869896,255.49767186672406,875.2051693942724,54.985,398.163,453.148,0.06703990749159215,0.016687293015550234,0.05430014035149664,0.01351616353206587,0.1995374579607545,0.04966802839020547,0.14124524437931976,0.03515817470819621,0.17751595505221252,0.04418652811033531,0.36036129476462436,0.08969962433129157,0.12134004784308879,0.030203456547616102,0.8786599521569112,0.21871235554002857,-1.3776419591158628
1976-04-01,6.683,0.979,11.536,15.305,54.235,12.929,6370.025,31.636,26.525,118.315,64.995,84.847,165.9,1852.332,6.2838095238095235,244.53631525339668,91.78999999999999,882.3093002104339,248.60822791586963,278.3717784440239,562.8957552790401,551.5878275535633,678.2542675043449,189.9566988528933,-2.1223636451626686,549.9363826529388,272.81795723973755,399.3326456492181,255.94728502724163,875.9358673205289,58.161,407.53200000000004,465.69300000000004,0.0679331662704829,0.017079011753832463,0.05695812477318748,0.014319787165583705,0.1971041007702499,0.049553751703258375,0.1395661948966379,0.03508820233089965,0.1821951371397036,0.0458055035490398,0.3562432761497381,0.08956277816287793,0.12489129104367039,0.031398798919416174,0.8751087089563296,0.22001023574607576,
1976-07-01,6.854,1.047,11.851,15.64,53.388,13.076,6404.895,32.845,28.327,123.099,66.614,84.874,169.845,1886.558,6.015625,248.3112458964728,94.772,922.3375141479643,250.66241757482769,281.9415838684025,564.1699900076885,552.4107083973806,682.6911223975869,192.4832423452417,4.592893188839973,551.4682983057046,274.98317351171653,397.7586001611905,257.0778488861964,876.4817820753838,61.172,416.105,477.27700000000004,0.06881747915780563,0.01741001336826114,0.05935127818855717,0.015015175785743138,0.19856812710438593,0.05023540225108372,0.1395709409839569,0.035309807596691965,0.1778296460965016,0.04498881030956906,0.35586252846879274,0.09002903700813863,0.1281687573463628,0.032425189154004275,0.8718312426536372,0.22056305716548338,
1976-10-01,6.984,1.138,12.185,15.942,59.85,13.283,6451.177,33.897,30.589,128.525,67.73,96.888,175.455,1934.273,5.2159016393442625,251.1053915931642,97.936,968.3501338272596,259.67568094276754,292.5799974030469,567.8738124673895,555.9433471398942,687.5593730375062,194.3621818537301,12.92723357041391,552.5872737829334,276.8957136005731,409.18414320039824,258.6485022150366,877.201787376241,64.48599999999999,438.009,502.495,0.06745738763569786,0.01752441356519995,0.06087423755460253,0.015814210300200644,0.19489945173583817,0.050631942853981836,0.13478741082000817,0.035015739763725184,0.1928138588443666,0.05009013722468339,0.3491676534094867,0.09070849874862547,0.1283316251903004,0.03333862386540059,0.8716683748096996,0.22644631859101585,
1977-01-01,7.062,1.163,12.968,16.523,61.63,13.785,6527.703,34.546,31.373,139.0,69.581,102.213,183.931,1988.648,5.420634920634921,270.64733743811917,107.627,984.1120303200386,271.25739818162185,304.55301077497336,571.8845163212853,560.3068178885022,689.173974252287,195.47282975061947,15.100287353652742,560.0816635537547,280.4753349668854,412.11487649741514,262.358104447576,878.3810399285425,65.919,463.352,529.271,0.06527091036538937,0.017371601208459216,0.05927587190683035,0.015776044830457678,0.20334951282046437,0.05412068903093961,0.13146573305546688,0.034989098120934425,0.1931203485548991,0.05139823638974821,0.34751762329695,0.09249047594144365,0.12454678227221971,0.03314764603891689,0.8754532177277803,0.2329984994830659,-1.241107456386089
1977-04-01,7.179,1.233,13.299,16.979,68.392,14.111,6654.466,35.478,33.094,144.64,73.399,116.485,189.223,2055.909,5.7,274.8788238091648,111.54599999999999,1020.6225999299825,282.30941112190294,316.8231891679649,575.834385539262,564.3003672011253,692.8168112153056,197.1160097594346,20.94502241822073,561.6330359861986,283.19772863338744,422.52558587239326,264.69546350756235,880.3043487189042,68.572,490.653,559.225,0.06344136975278288,0.01725660036509398,0.05917832714917967,0.016097015967146404,0.199465331485538,0.054256292472088984,0.13125128526085206,0.03570148289637333,0.20829719701372434,0.056658636155588596,0.338366489337923,0.09203860676712831,0.12261969690196253,0.033353616332240384,0.8773803030980375,0.23865501829117922,
1977-07-01,7.252,1.29,13.63,17.318,68.189,14.319,6774.457,36.249,34.181,150.611,76.131,119.982,193.992,2118.473,6.291428571428572,280.003135705905,116.42999999999999,1048.6018611823577,285.74436744186175,321.2665193656886,577.227105703736,565.5097590991098,695.5212995058046,198.12772928926046,25.464221837358075,563.4800802056202,285.174642302561,422.2283261518153,266.1587326691869,882.0914494934435,70.43,506.53499999999997,576.9649999999999,0.06282703456882134,0.01711090960328501,0.05924276169265034,0.01613473478302532,0.2017973360602463,0.054959397641603173,0.13195081157435895,0.0359367336756239,0.20795368869862127,0.056636077023403175,0.33622836740530193,0.09157161785871239,0.1220697962614717,0.03324564438631033,0.8779302037385284,0.23910382619934262,
1977-10-01,7.32,1.386,14.276,17.845,67.381,14.62,6774.592,36.997,36.106,160.407,78.265,122.235,200.706,2164.27,6.9591666666666665,291.0890040696114,124.30100000000002,1091.0028077023514,291.1013809458461,328.13218471192096,579.341652937107,567.3671594628495,699.4852559342456,199.061032797322,32.64219007677114,567.3629076316427,288.17233569421234,421.0363079067446,268.23904543216327,882.0934422532306,73.10300000000001,525.5070000000001,598.6100000000001,0.061804847897629495,0.017094447550444262,0.06031639965921049,0.016682761392987012,0.2076493877482835,0.05743322228742256,0.13074455822655817,0.03616230876923859,0.20419805883630407,0.0564786278976283,0.3352867476320141,0.09273611887611065,0.12212124755684,0.033777208943431274,0.8778787524431599,0.24281027783040013,
1978-01-01,7.378,1.472,14.48,18.001,68.009,14.232,6796.26,37.796,37.969,164.61,79.724,126.921,198.168,2202.76,7.3091803278688525,291.32881547360415,126.64100000000002,1128.4270866351033,289.17950633533854,327.57607619068324,579.1720321811309,566.7047624479561,702.85799833019,199.85025991744837,38.662202030668446,567.4452579339509,289.0427311908568,421.9640049359406,265.5492950363534,882.4127739858717,75.765,531.454,607.2189999999999,0.0622444291104198,0.01715847391454357,0.06252933455639564,0.017237011748896837,0.208559020715755,0.057491964626196226,0.13129365187848208,0.03619277633514318,0.2090201393566407,0.05761907788410903,0.3263534243823069,0.08996350033594218,0.12477376366681545,0.03439548566344041,0.8752262363331845,0.24126731918139058,-0.471098898909986
1978-04-01,7.601,1.626,15.616,19.396,71.263,15.293,7058.92,39.41,41.675,179.682,89.908,136.976,216.187,2331.633,7.79984126984127,311.93431236414676,138.007,1203.872460834446,308.7407057394947,349.7024733245815,585.7082716748298,573.2501784621053,709.329869071834,202.8279817583903,48.61230111256188,574.2792628348993,296.5066859243106,426.63772586460135,272.7395207365986,886.2047344281245,81.085,581.078,662.163,0.05951706754983289,0.0169023169598303,0.0629376754666147,0.017873739134760917,0.2084184709807102,0.05918898900470186,0.13577925676910368,0.038560099295214985,0.20686145254265187,0.05874680963942439,0.32648607669108665,0.09271913718839973,0.1224547430164476,0.034776056094591216,0.8775452569835523,0.24921503512774096,
1978-07-01,7.806,1.723,15.918,20.054,72.085,15.087,7129.915,41.063,43.846,185.477,98.195,142.302,216.74,2395.053,8.44111111111111,314.26406691899666,141.631,1256.411204340671,310.1601823166421,352.9544026866465,586.6338877730665,573.7088881177314,713.601468543806,205.4892668758423,54.40669575457926,575.0233609933887,299.84286351017334,427.78459782638674,271.38334458579374,887.2054591878655,84.90899999999999,598.8679999999999,683.7769999999999,0.060053204480408094,0.017144923306498857,0.06412324485906955,0.018306901767935823,0.2071303948509529,0.059134808290254956,0.1436067606836732,0.04099909271318839,0.20811170893434555,0.05941496910506782,0.3169746861915508,0.09049486587561946,0.12417644933947763,0.03545182507443468,0.8758235506605223,0.2500437359841306,
1978-10-01,8.074,1.816,16.344,20.702,71.949,15.206,7225.75,43.164,45.878,192.766,105.167,145.84,222.299,2476.949,9.804262295081966,320.0718942170406,146.88799999999998,1312.233377702349,313.8856668339132,358.5952207897879,588.2194233669471,574.9028801237732,717.9485833031681,208.8649022430749,59.663628017910156,576.8545639987627,303.02303139615583,427.5957534696138,272.16900868062453,888.5406313821512,89.042,620.194,709.236,0.06085985482970408,0.01742627724672571,0.06468650773508396,0.018521980064991245,0.20710736623634443,0.059301988050621944,0.14828209509951554,0.04245828234654811,0.20562971986757583,0.058878886888668276,0.3134344562317762,0.08974710419956164,0.12554636256478802,0.035948257311716955,0.874453637435212,0.25038626148539994,
1979-01-01,8.36,1.899,16.931,21.178,70.202,15.026,7238.727,45.386,48.089,203.43,107.601,145.262,223.278,2526.61,10.304354838709678,330.5947536824888,155.341,1365.651262206373,314.3466661006873,360.85889109609786,588.8486998527744,575.0496409080725,721.9386709005312,212.34584270966104,64.13274318301488,580.0893316182028,305.29629070082626,425.1376800654422,270.9782033946969,888.7200641190797,93.475,631.482,724.957,0.06260509243996541,0.017963199702367996,0.06633358944047715,0.019033012613739356,0.21427615706862616,0.06148198574374359,0.14842397549096015,0.04258710287697745,0.2003732635176983,0.057492846145625956,0.3079879220422728,0.08837058350912882,0.12893868188044255,0.03699621231610735,0.8710613181195574,0.2499325182754758,0.8616578355431557
1979-04-01,8.546,1.926,16.687,21.158,68.964,14.686,7246.454,47.239,48.806,204.185,112.579,147.625,222.101,2591.247,9.93483870967742,322.9549153018847,155.37900000000002,1390.3823648708783,308.708869583419,356.03778444016103,587.5036861287865,573.2398663144008,723.7334070937364,214.5463337221833,65.54453133759338,577.751273237159,305.20180845645825,423.35846293136046,268.6894659029419,888.8267524750337,96.04499999999999,637.684,733.7289999999999,0.06438208112259432,0.018230218886891136,0.0665177470155875,0.018834947035153347,0.21176619705640642,0.059963021664858666,0.15343403354644564,0.0434458776025597,0.20119826257378406,0.05697064000460011,0.30270167868518216,0.08571201433132387,0.1308998281381818,0.03706516592204448,0.8691001718618182,0.24609155360334234,
1979-07-01,8.725,2.028,17.054,21.783,68.123,15.096,7300.281,49.074,51.004,212.114,121.552,150.488,230.932,2667.565,10.128730158730159,326.9775080224549,161.11,1441.9518046933686,313.3448049191348,362.4035904064915,589.2758481422428,574.7304197369805,727.3752894743608,216.61924680884908,70.70500857289368,578.9891385725659,308.11298490662193,422.1314894754294,271.4429808066249,889.5668119546325,100.078,664.082,764.16,0.0642195351758794,0.018396552661322216,0.06674518425460636,0.019120058930147905,0.2108328098827471,0.06039590412979628,0.15906616415410388,0.04556664973487057,0.19693257956448912,0.05641399553525406,0.3022037269681742,0.08657033661785185,0.13096471943048577,0.03751661159147012,0.8690352805695143,0.24894688601777276,
1979-10-01,8.832,2.141,16.789,21.843,65.4,14.707,7318.535,50.574,53.496,212.49,127.993,147.99,229.049,2723.883,12.276065573770492,314.8532925221554,158.994,1491.241358245891,305.00205975693217,355.5652855355613,587.3708876645934,572.0318529886025,730.7364178421917,217.838148953474,76.12730096075457,575.2106792311089,308.38805040806835,418.0522258463153,268.8323570918177,889.816545031333,104.07,664.026,768.096,0.06584333208348957,0.01856687677113885,0.06964754405699287,0.019639610071357692,0.20699756280464943,0.058370348506158305,0.1666367224930217,0.04698916950544499,0.19267122859642546,0.05433052741252103,0.298203609965421,0.08408914773505324,0.13549087614048244,0.038206486842496536,0.8645091238595175,0.24377919315917754,
1980-01-01,8.958,2.239,16.913,22.081,60.367,14.476,7341.557,52.314,56.26,219.621,132.267,140.171,232.055,2789.842,13.90241935483871,313.2126675242318,163.36100000000002,1536.487958889412,298.2250471520037,350.14001259117066,585.8333110465175,569.784839327682,733.725454482614,219.25469877851086,80.60293376166177,574.688240877842,309.47175102384125,410.04425980171663,267.2492105701496,890.1306224453763,108.574,667.854,776.428,0.0673777864785917,0.018751599552949593,0.07246003492918854,0.020166016570114007,0.2104007068266472,0.058555645803597484,0.17035320725167047,0.047410211761096145,0.18053315954602359,0.050243347114281016,0.29887510496787856,0.0831785455950552,0.13983782140778026,0.038917616123063596,0.8601621785922198,0.23938775027402986,1.3942867517471311
1980-04-01,8.951,2.268,15.703,21.06,49.174,12.914,7190.289,53.279,57.197,209.102,132.048,116.864,211.917,2797.352,10.281587301587301,282.21106903066743,151.905,1546.18558671643,265.1411088008372,316.7363452009217,575.8069709198377,558.0262170306733,734.3546265096987,219.1765257888802,81.88983858655055,564.2655262712785,304.73755067058295,389.5365028532003,255.8311994204275,888.0486644622188,110.476,612.734,723.21,0.07367016495900222,0.01904622657427453,0.07908767854426792,0.020446836865721584,0.2100427261791181,0.05430314097046064,0.18258597087982742,0.047204642104390154,0.1615906859694971,0.04177665163340188,0.2930227734682872,0.07575628665966957,0.15275784350327012,0.03949306343999611,0.8472421564967298,0.21904072136792227,
1980-07-01,9.019,2.392,15.82,21.198,50.684,13.487,7181.743,54.706,60.617,215.242,135.58,123.21,225.363,2856.483,10.11359375,279.45190391637266,154.625,1595.2022502896368,270.4311453399995,323.62154984081167,577.9574777036307,560.001752000623,737.4755809869591,219.93334631835714,87.21298360883853,563.2830198776672,305.3906837605063,392.56102789366616,260.172625853472,887.9297390241564,115.32300000000001,638.778,754.101,0.07254465913717129,0.019151523044247068,0.0803831317025173,0.021220850955528177,0.20504547799300094,0.05413125161255992,0.17979024029937635,0.04746396180197817,0.16338660205993627,0.04313346167297337,0.29884988880799784,0.07889527086280576,0.1529277908396886,0.040372373999775245,0.8470722091603115,0.22362394595031723,
1980-10-01,9.249,2.421,16.049,21.641,55.412,13.898,7315.677,57.117,61.665,221.582,143.91,137.835,236.23,2985.557,13.815245901639345,283.7551073653772,159.917,1624.6305142890214,280.3110031278401,334.5428881443033,581.2765087027392,563.5899712226693,739.3035693087895,222.45154375721233,88.41806779559214,564.8111568159181,307.45896636314853,401.47961767956326,263.17449448921354,889.7774858727486,118.782,677.892,796.6740000000001,0.0716943191317904,0.01913110350932841,0.07740305319365261,0.02065443734619704,0.20073078825215832,0.05356353939985069,0.18063850458280298,0.048202060787986965,0.17301305176270343,0.04616726460087683,0.29652028307689215,0.07912426391457272,0.149097372325443,0.03978554085552545,0.8509026276745569,0.22705712870328723,
1981-01-01,9.704,2.541,16.48,22.081,54.057,14.293,7459.022,61.048,65.433,231.96,149.89,137.601,246.047,3124.206,14.092622950819672,288.927852087593,166.527,1704.866957697856,284.0546319060578,340.78145968705695,583.124139114859,564.9166585527665,744.1242355997322,227.25381716417493,93.2557704338027,566.617701018976,309.47175102384125,399.0039045412787,265.9769906926978,891.7179585407846,126.48100000000001,700.0649999999999,826.5459999999999,0.07385916815277069,0.01954032480572664,0.07916437802614738,0.020943881421391548,0.20147336022435533,0.053302183018661374,0.1813450189100183,0.047976989993617575,0.1664771228703545,0.044043510575166936,0.29768095181635384,0.07875505008312511,0.15302354617891809,0.04048420622711819,0.846976453821082,0.224077733670571,-0.488134041428566
1981-04-01,9.928,2.624,16.618,22.53,52.335,13.736,7403.745,63.536,67.977,238.318,160.914,135.265,240.936,3162.532,15.104603174603175,288.6350208711146,170.341,1752.6521930314157,279.4718742399296,337.5438496201019,582.1695426673391,563.2901658694271,746.8885458522622,229.5359047902306,96.46998710818426,566.5162986417525,311.48477544441533,395.76653633068474,262.00201235951744,890.9741232257501,131.513,707.456,838.969,0.07573104608155963,0.020090231498052825,0.08102444786398544,0.021494486063698328,0.2030361074127888,0.05386222178937636,0.19179969700906704,0.05088138238601221,0.16122764965094058,0.04277110871921611,0.28718105198165844,0.0761845255636939,0.15675549394554505,0.04158471756175115,0.8432445060544549,0.2236992384582986,
1981-07-01,10.118,2.739,16.997,23.053,48.273,14.154,7492.405,65.76,70.884,246.606,169.634,126.228,251.925,3260.609,16.310625,292.83092434790933,175.72199999999998,1808.4304523652684,280.4395013303358,340.19568586546876,582.9520998709893,563.6358020168365,750.0214594675522,231.43160158697444,100.7592890280941,567.9595392452499,313.7795912817459,387.6872398145123,264.99972696535934,892.1645119764422,136.644,723.509,860.153,0.07645151502116485,0.02016801155857694,0.08240859475000378,0.02173949713075073,0.2042915620825597,0.05389238636095281,0.19721375150699932,0.0520252504976831,0.1467506362240206,0.03871301342785964,0.29288394041525173,0.07726317384267786,0.15886010977116863,0.041907508689327674,0.8411398902288314,0.2218938241291734,
1981-10-01,10.367,2.872,16.788,23.59,43.233,13.138,7410.768,68.745,74.181,246.525,188.357,114.834,236.844,3280.818,13.591147540983606,282.3380347207697,172.344,1875.2766954349008,267.12572751924284,328.4469313402782,579.437527644289,558.771943715172,753.651149841561,233.86276843409752,105.50086511859777,564.3105057748855,316.08228934195836,376.6604092524334,257.55087944702814,891.068935664419,142.926,712.379,855.3050000000001,0.08037483704643372,0.020953615836050644,0.0867304645711179,0.022610519693564226,0.2015000496898767,0.05253080176955868,0.22022202606087884,0.057411596742032014,0.13426087769859874,0.03500163678692326,0.276911744933094,0.07219053297074082,0.1671053016175516,0.04356413552961486,0.8328946983824483,0.21713456826925479,
1982-01-01,10.53,2.962,16.405,23.097,40.739,13.558,7295.631,70.637,76.486,242.825,186.445,109.701,246.439,3274.302,14.301639344262295,269.56573731457866,166.339,1919.9030356677595,262.9120848321015,325.4023862167191,578.5062527937887,557.1819698089414,756.002996149017,235.4228326145884,108.58647158456071,559.6812283849804,313.9702738964022,370.71858645965693,260.6976779008774,889.5030954817281,147.123,708.924,856.047,0.08251532918169212,0.021573147498306508,0.08934789795420112,0.023359482417932127,0.19431059275950968,0.05080136163371613,0.21779762092501928,0.056941907007966884,0.1281483376496851,0.03350362917043082,0.2878802215298926,0.07526459074330956,0.17186322713589322,0.04493262991623863,0.8281367728641067,0.2165114885554234,0.5404162704944611
1982-04-01,10.633,2.808,15.714,22.377,39.422,13.608,7328.912,72.185,73.394,235.435,182.232,107.717,249.226,3331.972,13.807460317460318,259.44403455364363,162.041,1876.0917779345768,257.41910030154224,318.4959650337551,576.360980627814,555.0705497154687,753.6946050509488,236.3962372668949,103.24724861635646,555.8541012886641,310.8033645641136,367.4324036104738,261.0657855093561,889.9582352758662,145.579,701.216,846.7950000000001,0.08524495302877319,0.02166434771960869,0.08667268937582295,0.02202719590680834,0.1913580028224068,0.04863216137470543,0.21520202646449257,0.05469193618673866,0.12720552199764995,0.03232830287889574,0.29431680631085444,0.07479834764517829,0.17191764240459614,0.04369154362641703,0.8280823575954038,0.2104507480855181,
1982-07-01,10.711,2.828,15.407,21.734,39.384,13.718,7300.896,73.5,74.168,232.297,172.706,108.433,252.107,3366.322,11.833125,251.30312828785003,158.129,1889.6525247063619,254.289797837463,315.6770700892134,575.4719760962903,553.8474553013245,754.414824178961,237.12712507824926,103.95697480343262,552.6659892891684,307.887785464066,367.33596424558993,261.870883907713,889.5752359330606,147.668,691.375,839.043,0.0875998012020838,0.021833918442739582,0.08839594633409731,0.022032354599470876,0.18846352332359603,0.04697381890383629,0.20583688797832767,0.05130406419825554,0.1292341393706878,0.03221111943539567,0.30046970179120736,0.0748909343788265,0.1759957475361811,0.04386627304221046,0.8240042524638189,0.205379936916314,
1982-10-01,10.718,2.766,15.116,21.359,42.503,14.344,7303.817,74.374,72.825,228.891,168.048,117.54,264.356,3402.561,9.120000000000001,246.91531635852974,156.06599999999997,1869.3377966141688,259.38747912446087,320.2726549436489,576.9172679706945,555.8323002114681,753.3339527675868,237.19245710726585,101.74022332425665,550.9045429091016,306.14731965166675,374.9574661674433,266.33317363028317,889.6152367196416,147.199,706.01,853.2090000000001,0.08716973215238,0.021858241483400296,0.08535423325351701,0.021402996154955046,0.18291649525497267,0.04586721590002353,0.1969599476798768,0.04938868105524045,0.1377622598917733,0.03454456804742075,0.30983733176748013,0.07769324341282934,0.17252396540589704,0.04326123763835535,0.8274760345941029,0.20749370841551407,
1983-01-01,10.915,2.978,15.011,21.04,49.811,14.489,7400.066,76.435,77.282,227.091,158.489,138.473,268.908,3473.413,8.866507936507936,236.12511428227901,149.80900000000003,1956.8246317839287,263.76130639867137,327.30760105045596,579.0900404734132,557.5044551733737,757.9078352641872,239.01379900019072,109.12519342618172,546.4361809812151,304.6425387869509,390.8235843173568,267.33897408385855,890.9244198071408,153.71699999999998,715.6790000000001,869.3960000000001,0.08791735871800652,0.02200573326581089,0.08889159830503014,0.022249585638102927,0.172313882281492,0.04313020075643179,0.1822978251567755,0.04562918374520968,0.15927494490427838,0.03986655200518913,0.30930439063441745,0.07741895363436482,0.17680895702303664,0.044255318903913814,0.8231910429769633,0.20604489014119545,0.3815801441669464
1983-04-01,11.271,3.198,15.766,21.332,55.611,15.546,7568.456,79.369,81.602,237.585,149.465,155.0,289.584,3578.848,9.19095238095238,245.17722518578563,155.983,2060.84354306863,279.70626600155936,346.67069334205985,584.8375318809639,563.3740002536742,763.0870664893255,242.2233055259942,116.25256144117624,550.1981317145369,306.02082927383555,401.83810234150616,274.3803370808028,893.1744362616321,160.971,750.0319999999999,911.0029999999999,0.08712265491990696,0.02217724809771189,0.0895737994276638,0.02280119189191606,0.171221170512062,0.04358469541036669,0.1640664191007055,0.041763438961364106,0.17014214003686048,0.04331002601954596,0.31787381600280135,0.08091542306351095,0.17669645434757078,0.04497843998962795,0.8233035456524292,0.20957358345478766,
1983-07-01,11.662,3.349,16.656,22.23,61.041,16.143,7719.746,82.913,84.285,249.81,152.598,171.101,302.362,3689.179,10.3028125,260.20989859547365,165.525,2145.3833608376644,295.34237769641925,365.1334318623072,590.0262853525296,568.81352857223,767.1073538394306,245.63356927999644,120.86617938120676,556.1488607612594,310.14427279761054,411.1545769541875,278.1486519175392,895.153674092315,167.19799999999998,791.586,958.784,0.08647724617849276,0.022474648153423836,0.0879082254188639,0.02284654661646941,0.17264055303384288,0.04486770633791421,0.1591578499432615,0.04136367468209052,0.1784562529203658,0.046379153735831194,0.3153598725051732,0.08195915676631577,0.17438547159735662,0.04532119476989324,0.8256145284026434,0.21456969152215166,
1983-10-01,12.108,3.675,18.118,23.574,63.618,16.939,7880.794,86.654,91.564,271.388,156.608,179.877,319.27,3794.706,9.953333333333335,281.7909579355006,179.82399999999998,2290.4685835953933,312.1348613192119,386.5769133341271,595.7330847800522,574.3435342235292,773.6511697273506,249.38663911594722,130.15531326648,564.1165512134672,316.01444098043777,415.2896449171716,282.9618655604245,897.2183939197154,178.218,835.579,1013.7969999999999,0.08547470548837686,0.022835497664377688,0.09031788415235002,0.02412940554551525,0.17737673321187575,0.047388124402786405,0.15447668517464544,0.04127012738272741,0.1774290119225052,0.04740209122920195,0.31492498005024677,0.08413563527714663,0.1757925896407269,0.04696490320989294,0.8242074103592731,0.22019597829186238,
1984-01-01,12.489,3.799,18.434,24.324,65.524,17.578,8034.847,90.132,93.322,275.598,165.649,186.425,331.439,3908.054,10.188870967741936,284.3948039737368,182.276,2365.2176968565814,321.1114883945697,397.9574030530409,598.6344972051663,577.1788378700754,776.8625346100563,252.48482568809482,133.47378742054886,565.0363427627644,319.14635172578636,418.2416487742385,286.66481201424534,899.1543236297723,183.454,865.789,1049.243,0.08590193120182837,0.02306314088802253,0.08894221834217622,0.0238794039181649,0.17372143535863477,0.0466411160132383,0.15787477257413202,0.04238656886522039,0.17767571477722513,0.04770276971607865,0.3158839277460036,0.08480921706813672,0.1748441495440046,0.046942544806187425,0.8251558504559955,0.22153967166267405,-0.1626633475534618
1984-04-01,12.883,4.1,19.344,25.458,66.669,17.986,8173.67,93.516,99.555,288.951,175.658,191.299,341.269,4009.601,11.56047619047619,294.17678235425996,189.39600000000002,2496.5697216199574,330.34589678458127,411.24519408803025,601.9189615903166,580.0140277586228,782.267295729752,255.59086128093878,141.09869737102622,568.4180887154652,323.7030035448243,419.97400772674416,288.95936774923234,900.8673291398319,193.07100000000003,897.622,1090.693,0.08573998366176368,0.02332301892382808,0.09127683041882546,0.024829153823535063,0.17364739665515413,0.04723562269662243,0.1610517349978408,0.043809346615785456,0.1753921589301481,0.04771023351201279,0.3128918953362679,0.08511295762346428,0.17701681408058917,0.048152172747363144,0.8229831859194109,0.22386816044788493,
1984-07-01,13.231,4.302,19.95,26.239,65.889,17.992,8252.465,96.775,103.28,297.338,182.332,190.872,342.075,4084.25,11.816984126984128,300.6546786923646,194.05800000000002,2592.5098853910836,333.0418113551491,416.7780058760076,603.2553720035326,580.8268041723566,786.0381753169155,258.2562561060274,145.90800308455383,570.5962359288205,326.72468535935957,418.79715080007253,288.99272146570144,901.8267222579306,200.055,909.337,1109.392,0.08723246607150584,0.023694680785946012,0.09309603819028801,0.025287384464712005,0.17492284061900573,0.04751374181306238,0.16435308709635546,0.044642712860378284,0.17205099730302725,0.04673367203280897,0.3083445707198177,0.08375466731958131,0.18032850426179384,0.04898206525065802,0.8196714957382061,0.22264479402583093,
1984-10-01,13.632,4.556,20.538,26.856,65.954,18.576,8320.199,99.77,108.553,305.614,185.254,192.86,353.84,4148.551,10.04704918032787,304.886391925402,197.06099999999998,2709.285387646293,339.72434240535597,426.9994418781844,605.678270615092,582.813453113718,790.4440184504749,261.241997008696,151.64450455849357,571.9939221726975,329.0489259677734,418.89575293331626,292.18704249555356,902.6441451798448,208.32299999999998,929.0149999999999,1137.3379999999997,0.08772238331964642,0.02404936084912539,0.0954448018091368,0.026166485599429773,0.17326511555931484,0.047501163659311396,0.16288385686576903,0.04465510969974817,0.169571402696472,0.046488520931766295,0.3111124397496611,0.08529243101989102,0.1831671851287832,0.05021584644855516,0.816832814871217,0.22393722531071686,
1985-01-01,13.832,4.491,20.356,27.157,66.111,19.221,8400.82,101.93,105.85,302.612,194.495,194.219,368.007,4230.168,9.398333333333333,303.0962755949015,196.76200000000003,2707.897555575141,344.6750193014418,432.0348939607507,606.8506358039435,584.2602000056652,790.3927803026752,262.69847483809895,150.2075394105601,571.4050496277612,330.1634840035966,419.1335147535729,295.60034313249946,903.6084599114595,207.78,953.4830000000002,1161.2630000000001,0.08777512070909001,0.024095969710895646,0.09115075568583515,0.02502264685468757,0.1694379309424308,0.046513991879282346,0.16748574612297126,0.045978079357604715,0.16724807386440452,0.04591283372197038,0.31690237267526816,0.08699583562638648,0.17892587639492516,0.049118616565583216,0.8210741236050748,0.22540074058524395,0.2785672079771757
1985-04-01,14.116,4.622,20.8,27.546,66.67,19.45,8474.787,104.31,107.651,309.543,194.824,196.306,373.251,4294.887,8.48047619047619,308.51423983434717,201.892,2775.3869059310628,349.1304502260741,438.54247313485985,608.3456667178299,585.5445635245742,792.8545442022438,264.73089058130233,153.0827511852189,573.1768000576282,331.585733449514,419.97550766299685,296.78470700644556,904.4850799189456,211.961,966.273,1178.234,0.08853080118210814,0.024287018494316616,0.09136640090168846,0.025064920217924246,0.1713513614443311,0.04700752313157482,0.16535255305822105,0.04536184537567578,0.16661036771982476,0.045706906840622355,0.31678851569382654,0.08690589531226316,0.17989720208379661,0.04935193871224086,0.8201027979162034,0.22498217066013612,
1985-07-01,14.305,4.551,20.513,27.233,67.912,20.695,8604.22,106.129,104.832,306.093,192.087,201.422,396.451,4386.773,7.986031746031746,304.5148071604068,201.26100000000002,2771.7341912717393,357.1413828286986,446.67206031879147,610.1824679544519,587.8131733712814,792.7228465117386,266.06091265020734,151.53469890345048,571.8719713752247,330.44294732208584,421.82127494356666,302.9892125200696,906.0008059563283,210.961,991.221,1202.182,0.08828031030243341,0.02419295459327392,0.08720143871726577,0.023897293067136137,0.16741308720310238,0.04587905505937964,0.1597819631303746,0.0437877683664051,0.16754701035284175,0.04591575629739674,0.32977619029398214,0.09037417710011438,0.17548174901969918,0.048090247660410056,0.8245182509803008,0.22595675682329583,
1985-10-01,14.684,4.734,20.896,27.726,69.393,19.982,8668.188,108.937,108.014,313.379,195.357,208.359,383.752,4444.094,7.856451612903226,306.83787563915615,205.365,2863.998746779971,355.4955162977145,447.53842924525173,610.3762409436212,587.3512636780396,795.9974090503615,268.6758465634588,155.47705110917923,572.6319515716706,332.2370601116184,423.9785997872273,299.48318683108266,906.7415051391976,216.951,992.8330000000001,1209.784,0.0900466529562302,0.02451275783095497,0.08928370684353569,0.024305066454489935,0.1697534435899301,0.046210768719113504,0.16148089245683525,0.04395879115068223,0.17222826554161733,0.04688447184060463,0.31720703861185134,0.08635100877704208,0.1793303597997659,0.04881782428544491,0.8206696402002341,0.22340504048744245,
1986-01-01,14.936,4.82,20.688,27.451,72.211,20.39,8749.127,111.076,108.245,310.777,191.358,219.534,391.626,4507.894,7.458833333333333,299.3414243074069,202.53199999999998,2914.5819313539187,358.7412958965911,452.3069342783462,611.436100751451,588.2601504470343,797.7481668723323,270.3774406239421,157.2773928062509,570.1584809248988,331.24025971644835,427.9592388864638,301.5044584586364,907.6709202945589,219.321,1005.05,1224.3709999999999,0.09072086810288713,0.024640330939458645,0.08840866044687437,0.024012321496468196,0.16541718155689739,0.04492829689429254,0.15629086281854113,0.04244953408398689,0.17930349542744806,0.048699902881478574,0.319858931647352,0.08687560089034924,0.1791295285497615,0.04865265243592684,0.8208704714502386,0.22295333475010723,-0.2219383381307125
1986-04-01,15.171,4.957,20.944,26.894,76.359,21.11,8788.524,112.988,110.979,317.524,174.26,234.559,407.291,4545.34,6.6046875,300.5087925550482,206.54500000000002,2978.635494236597,366.9424379930486,462.57542481772583,613.6809624343246,590.5204991047564,799.9220586796733,271.93857107659557,160.08007190384367,570.5477013297781,329.1903213401678,433.5445902910087,304.97468618602295,908.1202058490665,223.96699999999998,1022.655,1246.6219999999998,0.090635332923693,0.024857986421257815,0.08902377785728152,0.024415995283081134,0.16568374374910763,0.04544104511433689,0.13978575702979734,0.03833816612178627,0.18815567188770937,0.05160428042786678,0.3267157165524113,0.08960627807820756,0.17965911078097452,0.04927398170433894,0.8203408892190256,0.2249897697421975,
1986-07-01,15.32,4.881,20.822,26.585,77.403,22.911,8872.601,114.328,110.465,318.616,168.804,240.887,445.707,4607.669,5.99515625,300.3047188194302,208.15099999999998,2970.528444155215,379.4867323355097,475.2758825294927,616.3895440757757,593.881963531679,799.6495143294544,272.9159164312445,158.53501169050105,570.4797688550242,328.03471469563016,434.9025539534467,313.16171445743566,909.0723267944167,224.793,1063.549,1288.342,0.08874041209554605,0.02481254621371457,0.08574198465935287,0.023974161338412115,0.16156501922626132,0.045174902971545916,0.13102421561976554,0.03663544408246339,0.18697442138810966,0.052279579978509745,0.34595394701096444,0.0967315577572955,0.17448239675489893,0.04878670755212668,0.825517603245101,0.23082148478981454,
1986-10-01,15.477,5.092,21.058,26.842,77.613,22.548,8920.193,115.78,114.904,323.862,170.686,244.268,441.133,4657.627,5.7979032258064525,298.7448605498567,208.95800000000003,3048.72070932924,377.37827935748766,475.2445237167246,616.3829458349439,593.3248077906404,802.2477342047895,273.93550509306226,162.767068069516,569.9589899917348,328.9967824975614,435.1734938931494,311.56463702193287,909.6072862111283,230.684,1065.045,1295.729,0.08935510434666508,0.02485815201603735,0.08867903705172918,0.02467007340862632,0.16126674636440183,0.04486361831894224,0.1317297058258324,0.036646558429861385,0.18851781506781123,0.052444732049174395,0.34045159134356023,0.0947119638390966,0.17803414139839427,0.04952822542466367,0.8219658586016058,0.22866687263707464,
1987-01-01,15.577,4.973,20.331,26.208,77.48,21.211,8986.367,117.022,110.317,312.608,166.699,246.672,418.497,4722.156,5.92655737704918,286.61503167720974,202.291,3022.7762541963084,363.4252198054767,460.0525585059106,613.134074057778,589.5573553128817,801.393097755011,274.57954673444686,160.40232797326016,565.8139962299273,326.6064707670659,435.00198385387955,305.4519915037079,910.3463930104825,227.339,1034.159,1261.498,0.09276431670918225,0.02478147693553538,0.08744920721237766,0.023361574670553026,0.16035776513319877,0.04283869486734449,0.13214368948662622,0.03530145975694154,0.19553895448110103,0.05223715607870642,0.331746066977514,0.08862413694083804,0.18021352392155993,0.04814305160608841,0.8197864760784401,0.2190014476438305,0.3304473105818033
1987-04-01,15.701,5.072,20.925,26.736,77.746,22.08,9083.256,118.611,110.547,320.184,169.342,249.693,439.101,4806.16,6.764444444444445,296.4541687270206,209.63700000000003,3064.3098585257794,373.32791042836845,471.46216990966525,615.5838865365058,592.2457149877234,802.757765450899,275.37244045933846,162.3735217134925,569.1892632213455,328.60109718530384,435.34471027905664,309.4672221408894,911.4187997625571,229.15800000000002,1067.7730000000001,1296.931,0.09145513523849766,0.024678953676115653,0.08523737962929408,0.023001106912795246,0.16164082746113712,0.04361839805582836,0.13057132569118943,0.035234365897098725,0.19252604803185366,0.05195270236529787,0.33856928394802804,0.09136212693709739,0.17669251486779175,0.0476800605889109,0.8233074851322083,0.22216759325532237,
1987-07-01,15.883,5.312,21.478,27.479,77.104,22.993,9162.024,120.811,114.029,327.084,177.308,249.969,460.541,4884.555,7.1185937500000005,301.07285089604534,213.055,3152.1689199425155,381.67239496916574,482.5252686752483,617.9033289719159,594.4562635860437,805.5846040894127,276.5249354853018,166.99684121741328,570.7352265019415,331.34220765901205,434.5155159897977,313.51898217798635,912.2822393958646,234.84,1100.873,1335.713,0.09044682502902945,0.024733266387623846,0.0853693869865757,0.023344808278338555,0.15950657064803592,0.04361809827097862,0.1327440849943064,0.03629972433517485,0.1871427469823233,0.05117538854614186,0.3447903853597292,0.09428514982429309,0.17581621201560516,0.0480780746659624,0.824183787984395,0.22537836097658845,
1987-10-01,16.134,5.259,21.079,27.445,77.23,22.372,9319.332,124.02,113.876,323.803,182.448,252.825,449.949,5007.994,7.251612903225807,294.10329209838665,209.927,3162.263119630089,375.6835497508339,476.544235546721,616.6560553091234,592.8747166023313,805.9043227346649,278.09288465147824,165.99408946072072,568.3931039303443,331.2184002001853,434.6787982581173,310.78101769593417,913.9846231291203,237.89600000000002,1095.1490000000001,1333.045,0.09303511884445011,0.024764406666621407,0.08542547325859216,0.022738845134399124,0.15747930489968454,0.041918380892628865,0.13686559718539135,0.03643135355194116,0.18965976392394854,0.050484285723984494,0.33753474188793325,0.08984615396903431,0.1784605921030423,0.04750325180102053,0.8215394078969578,0.21868017413758886,
1988-01-01,16.373,5.386,21.738,27.664,75.855,23.43,9367.502,127.272,116.924,335.612,178.329,250.115,470.439,5073.372,6.771612903225806,304.4390128966181,218.68800000000002,3223.204842492602,384.3406847573427,487.2042869943016,618.8683515606361,595.1529359147443,807.8131436262645,279.56336366573555,168.38029943894074,571.8470781036223,332.0131928940935,432.8823623200056,315.40172525197045,914.5001744171957,244.19600000000003,1117.5710000000001,1361.7670000000003,0.09346092246324075,0.025086273981091867,0.08586197198199104,0.023046604901040175,0.1605913493277484,0.04310505912044297,0.13095412063884643,0.03514999491462483,0.18366945299746576,0.04929955855789798,0.34546218259070743,0.09272708565427491,0.1793228944452318,0.048132878882132045,0.8206771055547681,0.2202816982472407,0.7267412785440683
1988-04-01,16.667,5.639,22.279,28.283,76.794,23.439,9490.594,130.383,120.918,344.833,183.765,255.51,473.223,5190.036,7.305873015873016,308.479029136808,223.91500000000002,3325.5366220444375,387.82538972716515,493.58522762633265,620.1695544319857,596.0555211854589,810.9386330156528,281.34307165600393,172.9706744825045,573.165386416881,334.2260917438846,434.11265121017095,315.4401301682717,915.8056481847482,251.30100000000002,1136.413,1387.714,0.09395523861544959,0.025121791062720954,0.08713466895916594,0.023298104290606077,0.16135529367002135,0.04314324601987347,0.13242281911114248,0.03540726885131432,0.18412295328864595,0.04923087238701234,0.34100902635557473,0.0911791363296902,0.18108990757461554,0.04841989535332703,0.8189100924253845,0.21896052358789034,
1988-07-01,17.038,5.722,22.519,28.46,76.839,23.133,9546.206,133.738,121.949,349.142,183.044,257.495,470.389,5282.835,8.015,311.1466672580798,227.19299999999998,3387.472328712579,386.8047882250603,494.16986060446027,620.287930546341,595.7920142574546,812.783929650886,283.54461436206486,174.43183946279186,574.0264399912,334.84995926617063,434.17123237604926,314.1260169518933,916.3899077052257,255.687,1138.121,1393.808,0.09595152273483866,0.02531557392952837,0.08749339937781961,0.023084006977314265,0.16300164728570934,0.043005886044141066,0.13132655286811384,0.03464882018840263,0.18474208786289073,0.048741821389462286,0.3374847898706278,0.08904101680253122,0.18344492211265828,0.04839958090684263,0.8165550778873418,0.21543754442453722,
1988-10-01,17.714,5.759,22.806,28.856,77.336,23.732,9673.405,139.304,123.232,357.678,184.177,261.681,486.162,5399.509,8.533442622950819,316.1657791114161,234.446,3467.7630106013467,393.61031057385566,503.41674537897114,622.1418346706904,597.5361360398658,815.1264999521977,287.4355287387391,175.07638485245354,575.6266693464482,336.2317943601238,434.8159565162304,316.68243483963965,917.7135646426292,262.536,1166.466,1429.002,0.09748341849766481,0.025799382869812794,0.08623640834652437,0.022822815926411087,0.1640627514867019,0.04341987391816552,0.12888505404471093,0.03410995333094176,0.18312150717773662,0.04846385106497646,0.3402108604466614,0.09003818680550398,0.18371982684418917,0.04862219879622388,0.8162801731558108,0.21603186511958772,
1989-01-01,18.182,5.903,23.078,29.318,76.588,23.627,9771.725,143.602,126.43,363.359,189.004,260.884,486.451,5511.253,9.300163934426228,317.7844551543446,236.92899999999997,3557.0757433360295,393.41585194811375,505.57014727763266,622.5686796939221,597.4867199876533,817.6694065884243,290.04320936996663,177.5460696258552,576.1373338980377,337.8201661867839,433.84404065109584,316.23901258813385,918.7248290352503,270.03200000000004,1173.268,1443.3000000000002,0.09949560036028544,0.026056143675494487,0.08759786600152428,0.022940336798183646,0.16415783274440515,0.04299004237330422,0.13095267789094434,0.03429419770785337,0.18075521374627587,0.04733660385396933,0.33704080925656477,0.088265046079358,0.18709346636180973,0.04899648047367814,0.8129065336381902,0.21288589001448494,0.4528494775295257
1989-04-01,18.658,6.173,23.575,29.715,74.187,23.942,9846.293,147.8,131.03,371.633,189.182,255.792,493.344,5612.463,8.9134375,320.5968782605316,240.60299999999998,3682.611004482918,394.34337356042556,509.83648861510443,623.4090063753199,597.7222036255187,821.137729166602,292.62750085387694,182.01849434117588,577.0184502949417,339.1651968818624,430.658893266731,317.56342388291785,919.4850318152851,278.83000000000004,1178.921,1457.7510000000002,0.10138905752765733,0.026334249330463296,0.08988503523578442,0.02334625635839381,0.16505082143658276,0.042869414016626924,0.12977662165898013,0.03370748279320505,0.1754702963674866,0.04557571248131168,0.3384281677735086,0.0879015148964011,0.19127409276344176,0.04968050568885711,0.8087259072365581,0.21005412418754477,
1989-07-01,19.176,6.305,24.038,30.47,73.844,24.484,9919.228,152.349,133.143,381.049,197.401,255.498,505.638,5695.365,8.103809523809524,326.58913487548955,247.90599999999998,3773.792683876407,400.77090494562833,518.9687947602915,625.1843755655552,599.3389954684669,823.5835791689485,295.3659497132083,184.1342969416883,578.8702912608497,341.6742592997618,430.19547599083234,319.80198429888236,920.223037466994,285.49199999999996,1206.443,1491.935,0.10211503852379628,0.026749646423012394,0.08924182353788872,0.023377430594878467,0.16616407551267312,0.04352767557478757,0.13231206453364255,0.03465993838849661,0.17125276905495213,0.044860689350024095,0.3389142288370472,0.08878061370956909,0.19135686206168498,0.05012707701789086,0.808643137938315,0.21182891702287737,
1989-10-01,19.713,6.314,23.381,30.163,72.275,23.74,9938.767,156.716,132.267,372.601,197.789,251.884,491.885,5747.237,7.829516129032259,312.73032643886745,240.334,3832.3728630755927,389.6860324353558,508.8280057248405,623.2110053209311,596.5341369863365,825.1239436829927,298.1278316583841,184.27693901358,574.5341242296846,340.66160076890145,428.047828790241,316.7161389181522,920.41982476909,288.983,1181.8919999999998,1470.8749999999998,0.10654610350981561,0.027268059417072936,0.08992402481516105,0.023014015256374497,0.16339525792470472,0.041817311518561,0.1344702982918331,0.034414623931464806,0.17124772669329483,0.04382697285669618,0.3344165887651908,0.08558634348992394,0.19647012832497665,0.05028207467344743,0.8035298716750233,0.2056452517966459,
1990-01-01,20.122,6.359,23.489,30.55,72.915,24.742,10047.386,160.336,132.111,376.407,203.944,256.004,515.394,5872.701,8.131451612903225,313.74407146362665,244.296,3887.907175028549,398.30467899213477,519.3170346139079,625.2514553343092,598.7217237525414,826.5626290559869,300.1813743869859,184.98711322852708,574.8577594534006,341.9364685617604,428.92943791655284,320.85022044406395,921.5067780152992,292.447,1219.638,1512.085,0.10603636700317774,0.02730191780579328,0.08737008832175439,0.022495781753574716,0.16156234603213443,0.04159857619177274,0.13487601556790788,0.034727461861245784,0.16930529699057925,0.043592207401670885,0.34084988608444633,0.08776098085020845,0.19340645532493211,0.049797699559368,0.8065935446750678,0.20767922630489785,0.2224688977003097
1990-04-01,20.472,6.25,22.774,30.152,70.04,23.924,10083.855,163.822,129.184,365.729,204.426,246.896,498.407,5960.028,8.270952380952382,301.9609818427341,236.545,3894.303520548947,385.56349443496276,506.0366189215133,622.6609036079032,595.4705886146205,826.7270128592777,301.9058098857488,183.25814637483103,571.029780983169,340.62512559648343,424.9066507417651,317.48821391823105,921.8690908989831,293.006,1186.274,1479.2799999999997,0.1107444162024769,0.02748678361913736,0.08732897085068413,0.021675065956065977,0.1599054945649235,0.03968857193288353,0.1381929046563193,0.034299503290924134,0.1669028175869342,0.041425308740160274,0.3369253961386621,0.08362494270161146,0.19807338705316102,0.04916184957520333,0.8019266129468391,0.19903832666557938,
1990-07-01,20.559,6.165,23.1,30.365,66.274,23.682,10090.569,165.274,127.621,373.622,205.39,234.507,493.57,6015.116,7.828253968253969,310.9870846810675,246.00100000000003,3880.052102222832,382.2280920683813,502.1583067473807,621.8915422065127,594.6017530068954,826.3603860935107,302.32988012717965,181.88881366163076,573.9751382960212,341.32906293495387,419.37976634154603,316.4715265908765,921.9356504225449,292.895,1179.468,1472.363,0.1122508511827586,0.02747644434454797,0.0866776739160112,0.021216714690124015,0.16707904232855622,0.04089713315586932,0.13949684962200218,0.034145642411551165,0.159272543523574,0.038986280563832854,0.3352230394270978,0.08205494291381912,0.1989285250987698,0.04869315903467198,0.8010714749012302,0.19608399904507245,
1990-10-01,20.94,6.255,22.758,29.888,62.45,23.03,9998.704,168.27,129.348,371.807,197.415,221.268,480.947,6004.733,7.313064516129033,301.7439107641683,242.459,3945.300019891503,369.98711271606146,490.8597657250338,619.6158477479037,591.3468174534544,828.0280281057852,304.1661205442391,183.33811439188744,570.9578680036391,339.7457062046432,413.43662365715863,313.6797713832594,921.0210763577377,297.61800000000005,1142.089,1439.7069999999999,0.1168779480824918,0.0280228946066378,0.08984328061195787,0.021541007735064992,0.16840857202194615,0.0403779818353289,0.13712165044693123,0.032876565868957035,0.15368960489877456,0.036848932333877295,0.3340589439378985,0.0800946520020124,0.2067212286944497,0.04956390234170279,0.7932787713055504,0.19019813204017563,
1991-01-01,21.284,6.092,21.94,29.289,59.159,22.395,9951.916,173.592,125.627,361.307,194.877,210.289,471.691,6035.178,6.441999999999999,289.31948527742924,235.68,3936.381554566031,357.3728032650855,477.31319228895427,616.8172863036875,587.8779503761284,827.8017193150125,305.79556167341224,180.69764350329154,566.7531562902452,337.7212018911644,408.02287343866874,310.88377196592637,920.552037442887,299.219,1112.537,1411.756,0.12296175826417596,0.028763360417870032,0.08898634041576589,0.020815790354484987,0.16694102946968173,0.03905104373060745,0.1380387262388118,0.032290182659069876,0.1489556268930325,0.03484387701572348,0.33411651871853204,0.07815693257100287,0.21194809867994185,0.049579150772355016,0.7880519013200581,0.1843420359764037,0.3520824322476983
1991-04-01,21.764,6.259,21.799,29.141,60.98,22.508,10029.51,178.74,127.774,358.16,189.907,217.788,475.248,6126.862,6.23796875,282.37386543907974,230.38600000000002,4033.1778483235184,358.0271796283571,480.4692915266247,617.4763316954161,588.0608904268466,830.230989217122,308.02572286236784,183.40204279425646,564.3231956857403,337.2146117268152,411.0545941560109,311.38708015710324,921.3287026322932,306.514,1113.329,1419.8429999999998,0.12588715794633634,0.02917317217198625,0.0899916399207518,0.020854721389187484,0.1622616021630561,0.03760260962300114,0.13375211202928777,0.03099580176605904,0.15338879016905393,0.03554641837860882,0.3347186977715142,0.07756792955349737,0.21587879786708816,0.05002789356117373,0.7841212021329119,0.18171275932116634,
1991-07-01,21.841,6.496,22.131,28.89,63.042,22.854,10080.195,180.096,130.475,362.57,177.597,226.483,484.336,6205.937,5.89515625,283.18986377608076,232.095,4104.595700330192,362.39974450193506,486.9059476708423,618.8070978498813,589.274786915184,831.9862527469777,308.37889373742746,187.1186602859377,564.6117569427897,336.3495514478144,414.38011709346927,312.9126156724522,921.8327886676338,310.571,1120.511,1431.0819999999999,0.12584603817251563,0.029019952990176987,0.09117227384594315,0.02102422245021179,0.1621814822630709,0.03739886499008933,0.12409980699917966,0.028617274071586613,0.1582599739218298,0.03649456963549582,0.338440424797461,0.07804397627626578,0.2170183120184588,0.050044175440388784,0.7829816879815413,0.18055468497343752,
1991-10-01,22.441,6.692,22.027,28.874,64.289,22.481,10115.329,184.088,132.939,361.361,172.328,230.055,477.456,6264.54,4.873870967741936,276.4550618003957,228.422,4222.0084499322975,359.43046175040104,486.74968519437414,618.774999750197,588.4520727993162,834.8066229811355,311.0889642941439,190.09127831245775,562.2048282619555,336.2941536207623,416.3388543514035,311.2670508021872,922.1807275024446,317.027,1108.261,1425.288,0.12915845779940616,0.029385717067813438,0.09327167561924327,0.021220871763928395,0.16026375020346764,0.03646269319056148,0.12090749378371249,0.02750848426221239,0.16140948355700743,0.03672336675957054,0.33498913903716304,0.07621565190740262,0.22243013341864942,0.050606588831741836,0.7775698665813505,0.176910196119747,
1992-01-01,22.724,6.783,21.853,28.761,67.966,23.363,10236.435,184.22,134.509,360.058,170.081,242.362,496.18,6363.102,4.364354838709677,270.87058569254884,225.549,4276.999304857417,367.90675722284203,497.0808176856046,620.8752623914321,590.7829528951685,836.1006945696481,312.34216346948807,191.44194819639426,560.1641163249526,335.9020302762969,421.90075801344244,315.115357437182,923.3708693445872,318.729,1134.172,1452.901,0.12679459921907962,0.028951288223888285,0.09257960452914547,0.021138903635365264,0.15524044652732705,0.035446390769784925,0.11706303457702898,0.026729258779758677,0.1668124669196318,0.03808865550167198,0.341509848227787,0.07797769075523228,0.21937420374822508,0.05009019185925355,0.7806257962517749,0.17824199580644787,-0.1933508715592324
1992-04-01,23.011,7.188,23.115,29.691,70.292,23.526,10347.429,186.534,140.378,379.543,170.755,253.159,500.989,6470.763,4.217777777777778,286.19731136832695,239.16500000000002,4414.877129143803,377.5790426260518,510.7961341619649,623.5970555926857,593.377993121109,839.2735282332286,313.5972362468437,197.24129689213126,565.6681472837578,339.0843969582664,425.26579943325993,315.81061925382494,924.4493362038583,326.912,1164.068,1490.98,0.12510831801902103,0.02882720322162935,0.09415149767267166,0.021694195877673156,0.160407919623335,0.036960865356991134,0.11452534574575111,0.026388696356210235,0.16979369273900388,0.039123516036671406,0.3360132262002173,0.07742348158941997,0.2192598156916927,0.050521399099302505,0.7807401843083073,0.17989655933929274,
1992-07-01,23.149,7.62,23.639,30.145,70.321,24.028,10449.673,187.864,147.275,387.626,173.118,255.113,512.092,6566.641,3.42015625,286.57444390900014,240.35099999999997,4542.390018549028,382.01238821748325,518.7008246893377,625.1327271271914,594.5453037969437,842.1208588320429,314.1951583054969,203.0776369698555,565.7998341526365,340.6019071941369,425.3070473981155,317.9219816987915,925.4325965037328,335.139,1180.674,1515.813,0.12393613196350736,0.02860884278583221,0.09715908228785476,0.022427752636393555,0.15856243481220966,0.03660181818984774,0.11420801906303744,0.02636325025229794,0.16830110310440666,0.03884984728112897,0.33783322876898403,0.07798385810949617,0.22109521425136214,0.051036595422225765,0.7789047857486378,0.17979877383277082,
1992-10-01,23.528,7.667,24.509,30.935,73.006,24.505,10558.648,192.052,146.106,399.564,176.683,268.331,523.064,6680.803,3.5638709677419356,302.632542488117,253.45800000000003,4596.332375962775,394.2430261197292,532.9801466755536,627.848417520861,597.6967536706935,843.3013954883547,315.8191201251694,203.69254045767576,571.2519338493665,343.1888228982952,429.05416295516534,319.88771783615107,926.4700518760643,338.158,1221.536,1559.694,0.12313440969831262,0.02874684375515937,0.09367606722857176,0.021869526761977565,0.16250495289460626,0.03793825382966689,0.11328055374964577,0.02644637179093591,0.1720407977462246,0.04016448322155286,0.335363218682639,0.07829358237325662,0.2168104769268844,0.05061637051713694,0.7831895230731157,0.1828426912154123,
1993-01-01,23.824,7.897,24.974,31.242,73.056,24.743,10576.275,194.289,148.843,406.612,175.616,271.401,527.852,6729.459,3.4003278688524587,306.4670024012074,257.769,4688.5807284544835,397.54077101113023,538.7848936417552,628.9316407101136,598.5297497416049,845.2885199108478,317.0693475941653,206.64829405154438,572.5110090204421,344.1763343408817,429.1226270347385,320.8542620728409,926.6368564022704,343.13199999999995,1232.638,1575.77,0.12329781630567913,0.028871414477746278,0.09445731293272495,0.02211812271982042,0.16358288328880485,0.038304565047502334,0.11144773666207633,0.026096600038725257,0.17223389200200537,0.040330285094240116,0.33498035880870936,0.07843899487313913,0.21775512923840404,0.050989537197566694,0.7822448707615959,0.18317044505360683,0.4767484702169895
1993-04-01,24.064,8.065,25.974,31.856,74.031,25.546,10637.847,196.707,149.674,421.532,174.118,278.005,547.842,6808.939,3.384126984126984,322.10764648500435,271.85799999999995,4758.52044069502,409.5566898471811,553.2634202297004,631.5834235717305,601.5075330456896,846.7692067120491,318.0716947767429,208.7533711577172,577.4885795530708,346.12257473218403,430.44839244010564,324.0480748620585,927.2173392796128,346.381,1271.8229999999999,1618.2039999999997,0.12155883930579829,0.02888952302260308,0.0924939006454069,0.02198198573962845,0.16799983191241646,0.03992663174100986,0.1075995362760196,0.025571972373375645,0.1717984877061236,0.040829415566801225,0.33854940415423523,0.08045923160715641,0.2140527399512052,0.050871508762231524,0.7859472600487949,0.18678725128834314,
1993-07-01,24.199,8.58,26.273,32.113,76.801,25.831,10688.606,197.364,157.05,424.98,175.907,290.939,556.638,6882.098,3.42515625,316.88957877609886,267.93,4903.069090077174,413.8455448472382,561.396411378511,633.0427271635372,602.5492824134493,849.7616632940319,318.6311309994801,214.9433913499871,575.8553381259022,346.9260932575589,434.12176609021896,325.15753210312164,927.693359327089,354.414,1291.4140000000002,1645.8280000000002,0.11991775568285384,0.028677882820035402,0.09542309402926673,0.022820076087262928,0.1627934389255742,0.038931442127095546,0.10688054887874067,0.025560083567540016,0.17677363612722594,0.04227475400669971,0.33821152635633855,0.08088202173232639,0.21534084971212056,0.05149795890729832,0.7846591502878795,0.18764830143366168,
1993-10-01,24.205,8.737,27.72,33.271,80.739,26.452,10833.987,199.29,157.746,447.438,182.808,306.889,573.796,7013.738,3.528709677419355,341.36844950548374,289.692,4943.307279873659,431.4971299189255,581.1221499133818,636.4960975569179,606.7260859096785,850.5789876026579,318.6559223391657,216.75668813159575,583.2962391050216,350.4686146687186,439.1221729913366,327.5331769812416,929.0443416290966,357.036,1353.185,1710.221,0.11652879949433435,0.028414235034157246,0.09223720209259506,0.022491002657926487,0.16938863456828093,0.041303510339279856,0.10689144853209029,0.02606427556889065,0.17944406015362926,0.043755412591687914,0.3355098551590701,0.08181029858828488,0.2087660015869294,0.05090523769208374,0.7912339984130705,0.19293349708814328,
1994-01-01,24.432,9.019,28.506,33.623,81.945,27.082,10939.116,200.418,161.977,461.783,178.423,315.598,588.824,7115.652,3.929677419354839,350.32112613107,299.80600000000004,5039.364967981249,440.3491599389842,592.9122691162095,638.5046443898119,608.7567957537566,852.5035354710528,319.58937484762765,219.93334631835714,585.8850237066276,351.5210356599121,440.60482905157903,329.8869300560632,930.0100268323554,362.395,1382.6509999999998,1745.0459999999998,0.11484969450662047,0.028165795629128576,0.0928210488434116,0.02276347972048099,0.17180406705611204,0.04213331399568164,0.10224544224049109,0.025074722597451363,0.1808536852323664,0.04435264681296949,0.3374260621209985,0.08275053361238013,0.20767074335003205,0.05092927534960956,0.792329256649968,0.1943112170184826,1.8784849420189855
1994-04-01,24.782,9.248,28.678,34.147,84.596,27.374,11087.361,203.094,164.715,465.422,186.846,327.929,598.721,7246.931,5.14483870967742,348.82463561201394,300.707,5136.405216579255,446.0672824317663,601.3817556693779,639.9229933661576,610.0469798112548,854.4108739566614,321.0117583194301,222.44073119300216,585.456931916227,353.0674734427361,443.7886984170504,330.95936577890745,931.356108989889,367.80899999999997,1414.203,1782.012,0.11396892950215823,0.02802482871714937,0.09243203749469701,0.022728931736758638,0.1687457772450466,0.041494392591843364,0.10485114578353008,0.025782776184842936,0.18402176865251188,0.045250741313805805,0.33598034132205623,0.0826171796033383,0.20640096699685523,0.050753760453908,0.7935990330031447,0.1951450896938304,
1994-07-01,25.254,9.538,29.422,34.73,83.35,27.662,11152.176,207.55,167.593,476.463,187.843,326.427,609.31,7331.075,5.60125,356.84384606188036,308.87,5262.460197951851,449.6770130031075,608.2770139883768,641.0630393317579,610.8529576177334,856.8353914627469,322.89845590164884,225.52838198760327,587.7298280100605,354.7603866755983,442.30486091968027,332.0059630202516,931.9389914798297,375.14300000000003,1432.4499999999998,1807.5929999999998,0.1148212014540884,0.02831099122570701,0.09271611474485683,0.022860630944302164,0.17087364246265616,0.042131610984746444,0.10391885784023285,0.02562284521710663,0.18058655903181747,0.04452648486067869,0.3370836244663483,0.0831133223981476,0.20753731619894525,0.05117162217000918,0.7924626838010548,0.19539426346067934,
1994-10-01,25.6,10.063,31.193,36.085,82.067,28.634,11279.932,211.758,173.554,501.851,193.112,325.435,631.83,7455.288,6.605737704918033,379.3242927621725,328.297,5430.680559741765,463.06924691012154,626.6681602722466,644.0417150566204,613.7876604264003,859.9819738360198,324.2592351485517,230.8865330951196,593.8391492945512,358.58772665242367,440.75359868124184,335.4594822938136,933.0780496665085,385.312,1478.674,1863.9859999999999,0.11360493050913474,0.028403731686824175,0.09310906841574991,0.02327931529942237,0.1761263228371887,0.04403545510247224,0.10360163649297796,0.025902688132235806,0.17459090357974794,0.043651566512252785,0.33896713816520085,0.08474924107559628,0.20671399892488465,0.051683046986246546,0.7932860010751154,0.1983389508225571,
1995-01-01,25.916,10.662,32.787,37.419,80.203,28.041,11319.951,218.158,181.281,525.294,200.859,321.787,621.252,7522.289,6.712580645161291,397.0292828801751,344.013,5611.682653611487,463.4725898110042,631.365652212304,644.7885175233838,613.8747245848388,863.2605891799424,325.4860538587711,236.66860184005697,598.401003837049,362.2178596811682,438.4560920656655,333.3667724868556,933.4322023125898,399.43899999999996,1487.9109999999998,1887.35,0.11558958327814131,0.02900154460962614,0.09605054706334279,0.024099180448929843,0.1822730283201314,0.04573248913994131,0.10642382176066974,0.026701845674900287,0.17049672821681192,0.04277780340531984,0.32916629136090286,0.08258815900319703,0.21164013034148407,0.053100725058555974,0.7883598696585159,0.19780029722335846,1.0029570739716291
1995-04-01,26.515,11.274,32.736,37.777,77.731,28.326,11353.721,224.004,189.14,525.398,207.019,313.451,626.914,7580.997,5.954444444444444,384.60687840381047,336.25800000000004,5827.922702543419,459.498015065969,632.1315012910438,644.9097444165996,613.013462201703,867.0415904108303,327.77106105890937,242.2499189659383,595.2221717560042,363.17004518267527,435.32541482050453,334.37801107922047,933.7300810590987,413.144,1483.642,1896.786,0.11809661184762012,0.029548092421089203,0.09971604598515593,0.024949225016181905,0.17727777408732456,0.044355379642018064,0.1091419907148197,0.027307621939436196,0.1652537502912822,0.04134693629347169,0.33051382707379745,0.08269545549219977,0.21781265783277606,0.05449731743727111,0.782187342167224,0.19570539336712572,
1995-07-01,27.046,11.455,32.795,38.018,80.609,29.125,11450.31,230.385,187.941,524.84,209.92,326.393,642.543,7683.125,5.66015873015873,382.2506246709027,336.899,5934.026906038728,468.2789678655669,644.0869889828473,646.7833793042727,614.9064203512278,868.8458335056654,329.75391200511683,243.8426315905459,594.6076479002481,363.80597317839613,438.9610305809804,337.15969118858646,934.5772082851694,418.326,1515.755,1934.0810000000001,0.11911858913871755,0.029985845603188805,0.09717328281493898,0.024461530952574636,0.17419073968463575,0.043849215000406734,0.10853733633699932,0.027322215895224922,0.16875870245351665,0.04248180265191572,0.33222134957119165,0.08363042381843326,0.21629187195365654,0.05444737655576345,0.7837081280463435,0.19728365736598066,
1995-10-01,27.717,12.209,33.723,38.755,82.175,29.63,11528.067,234.849,195.109,536.979,209.803,334.645,652.242,7772.586,5.445645161290322,385.2857520798237,341.87,6189.407196996219,475.7590331740916,658.1067636545988,648.9367172957654,616.4911493224782,873.0594593240625,332.2045943356718,250.21733846867184,595.3985272178132,365.7259779733475,440.88511195502826,338.8787361585474,935.2539949598624,429.95799999999997,1538.56,1968.518,0.11930243970337075,0.030215040399681647,0.09911466392484092,0.025102198933533833,0.17366871931066924,0.04398407428364254,0.1065791625984624,0.026992689434378724,0.1699984455311051,0.043054525224938,0.33133656893155156,0.0839157006432608,0.21841710362821165,0.05531723933321548,0.7815828963717882,0.19794698958622006,
1996-01-01,28.603,12.919,34.569,39.737,84.313,29.952,11614.418,243.422,200.461,546.017,213.774,344.725,659.825,7868.468,5.126935483870968,387.859550615748,345.55600000000004,6460.307268997899,482.97837883755966,672.1587700418356,651.0494577560191,617.997188833915,877.343216050583,335.3511607429595,255.86990959781645,596.0643291142528,368.22827435846233,443.4536064269145,339.95961002951816,936.0002536329624,443.88300000000004,1563.88,2007.7630000000001,0.12124040536656965,0.030936390667154014,0.09984295955249699,0.025476496822507255,0.17210995520885683,0.043916554022968644,0.10647372224709788,0.02716843990469301,0.17169606173637028,0.04381094261297117,0.32863689588860834,0.08385685752296382,0.22108336491906663,0.05641288748966127,0.7789166350809333,0.19875279406359664,0.2028712294995784
1996-04-01,29.315,13.492,35.581,40.796,87.989,30.905,11808.14,249.817,202.191,556.858,219.149,361.399,676.332,8032.84,5.656875,395.8601458159493,354.6669999999999,6677.6050013527565,498.05016719650723,693.4948666802829,654.1743837680314,621.0700809293372,880.6514669510841,337.80993304161785,260.2096917199404,598.1060981744841,370.8584037388272,447.7211806665055,343.0917983111237,937.6544403138531,452.00800000000004,1611.547,2063.5550000000003,0.12106146916365203,0.031099461709681756,0.09798188078340532,0.025170549892690505,0.17187184252418755,0.04415213050427992,0.10619973783107306,0.02728163389286977,0.1751341737923147,0.044990190268945976,0.32775089590536716,0.08419587592931017,0.21904334994705738,0.056270011602372265,0.7809566500529426,0.20061983059540586,
1996-07-01,30.17,14.164,37.008,42.079,87.805,31.126,11914.063,256.663,207.72,577.0,224.552,364.315,679.382,8131.408,5.78203125,409.5628792176669,369.28,6933.681360637817,505.1835025676684,707.0438554494807,656.1092694311499,622.4921734693079,884.4146172007349,340.684805317097,265.07035342496573,601.5090442708439,373.9548803888525,447.51184466278187,343.8043482782818,938.5474746071244,464.38300000000004,1637.529,2101.9120000000003,0.12210929858148199,0.031564398195244904,0.09882430853432493,0.025545391400849642,0.17568765961657765,0.04541402915706603,0.10683225558443929,0.027615389610261838,0.17332552457001052,0.044803433796459353,0.32322095311316545,0.08355035191937238,0.22093360711580692,0.05710978959609455,0.779066392884193,0.2013832044831596,
1996-10-01,31.083,14.514,37.459,43.147,86.807,31.732,12037.775,263.31,208.299,581.359,237.981,361.806,689.641,8259.771,5.484677419354839,411.69637510529816,373.06000000000006,7126.264502076708,510.2940107787179,716.9363082142744,657.4987005711483,623.498705133383,887.1542463365886,343.66610459377245,267.51137008559454,602.0286124037798,376.46128901993745,446.3687263575949,345.73256354397563,939.5804901120613,471.60900000000004,1662.4879999999998,2134.0969999999998,0.12338239545812586,0.03187860777253994,0.09760521663260856,0.025218495767013394,0.1748092987338439,0.04516590108854108,0.11151367533903099,0.02881205786455823,0.16953587395512015,0.04380339358076634,0.32315353988127066,0.08349396127326048,0.22098761209073445,0.057097103539553336,0.7790123879092656,0.2012753138071261,
1997-01-01,32.539,15.162,38.192,44.149,87.251,32.591,12115.472,277.134,211.934,587.506,241.643,365.359,705.591,8362.655,5.645833333333333,414.09585815163075,375.572,7453.160021904198,518.929423650972,733.6051815077847,659.7970984041336,625.1767888660812,891.6393385455466,348.2439369911174,271.8792297634112,602.6097488452795,378.7570276736827,446.87890223349075,348.4036176637693,940.2238592458689,489.068,1688.165,2177.233,0.12728724945837216,0.033139475441710795,0.0973409827978907,0.02534290844235473,0.17249968193574136,0.04491061750126006,0.11098628396685149,0.028895488334745364,0.16780886565654662,0.043689354636775035,0.3240769361845976,0.08437404149758658,0.22462823225626286,0.05848238388406552,0.7753717677437371,0.20186950197036704,0.0168529958464205
1997-04-01,33.213,16.052,39.458,45.066,88.472,32.487,12317.221,284.625,218.676,602.318,241.651,372.277,696.587,8518.825,5.85203125,421.9649430316277,383.642,7728.95817310057,523.5174224032008,744.6826973251713,661.2958218023649,626.0570310374189,895.272935540903,350.29413655454397,277.583345240467,604.4922237200459,380.81280819319295,448.2686117773059,348.0840009314352,941.8753643461363,503.301,1694.157,2197.458,0.1295246598569802,0.03341129791960745,0.09951316475673254,0.025669737317059568,0.1745844516709762,0.04503461451549949,0.1099684271553768,0.02836670550222595,0.1694125667020712,0.04370051034033449,0.31699672985786304,0.0817703145680302,0.22903782461371275,0.05908103523666702,0.7709621753862872,0.19887214492609012,
1997-07-01,34.054,17.377,41.574,47.048,89.329,33.935,12471.01,292.246,230.481,630.464,254.621,378.952,722.779,8662.823,5.5434375,437.78465584417404,399.98300000000006,8113.879404750208,541.9057817154992,773.3292951989818,665.0704954253158,629.5092151855434,900.1331381041969,352.79474999984524,285.5147492740117,608.1727136151518,385.1168357157655,449.23261832035354,352.44469301557217,943.1162029780742,522.727,1756.335,2279.062,0.12823082478668857,0.03373565407027247,0.10112976303409034,0.026605761193550875,0.1755033430420059,0.04617236205795733,0.11172183994994433,0.02939238167511907,0.1662754238366486,0.04374463151330692,0.31713880535062233,0.0834345801593776,0.2293605878207789,0.06034141526382335,0.7706394121792212,0.2027439554057609,
1997-10-01,34.94,17.852,41.476,47.349,90.272,34.801,12577.495,297.85,230.087,623.149,255.96,385.754,737.161,8765.907,5.480967741935483,429.43374990659856,393.062,8329.693973057283,546.9002650024565,783.5194534282654,666.3795890368847,630.426645490638,902.7581996557738,355.3632304705911,288.21155467670235,606.2467480182299,385.75457000848894,450.28273348195864,354.9646121999752,943.9664384830113,527.937,1771.937,2299.874,0.12950709473649427,0.033978229520345134,0.10004330672028121,0.026247939888022997,0.17090588440931984,0.044839855134214866,0.1112930534455366,0.029199488427153062,0.1677283190296512,0.04400617072483202,0.32052234165871696,0.08409409317256046,0.2295504014567755,0.060226169408368134,0.7704495985432246,0.20213960745876042,
1998-01-01,35.865,19.306,43.646,48.886,92.143,35.082,12703.742,304.884,238.572,645.754,260.473,394.846,737.702,8866.48,5.31672131147541,444.73624246873237,407.182,8746.8490505287,558.0562174879044,804.7817864176402,669.057116789858,632.4459705492762,907.6448805986015,357.9761889578398,296.04159284264233,609.7481392888712,388.949105692106,452.33417181268544,355.76881784215885,944.9651874716463,543.456,1800.203,2343.659,0.1300888909180047,0.0343861374525178,0.10179467234781168,0.02690718300836409,0.17373773232368703,0.045923748770650814,0.1111394618415051,0.02937727260423528,0.16847416795702788,0.04453244128447817,0.31476507461196357,0.08320122528895346,0.2318835632658164,0.06129332046088189,0.7681164367341835,0.20303468794831772,-0.4677616544067859
1998-04-01,36.794,20.201,44.916,50.538,95.336,36.855,12821.339,312.308,240.28,655.875,277.29,411.33,769.238,8969.699,5.408730158730159,453.2382641119777,415.595,9051.527588757497,578.9564478229171,834.4331422838677,672.6752622796919,636.1227255094317,911.0688816787656,360.5334788403591,300.57321081323244,611.6417956551757,392.2725528561282,455.74074937885047,360.69912946412524,945.8866171198385,552.588,1873.453,2426.041,0.128731542459505,0.034818113740494525,0.0990420194877168,0.026787966909480463,0.17130584355334472,0.04633321586376533,0.11429732638483851,0.030914080840393866,0.1695478353416121,0.04585772610652821,0.31707543277298283,0.08575962248008545,0.22777356194722181,0.06160608064997498,0.7722264380527781,0.20886464529077284,
1998-07-01,37.986,20.696,45.599,51.337,98.124,37.902,12982.752,322.424,237.573,658.429,278.93,427.55,785.044,9121.097,5.095625,457.71137641194304,420.856,9313.633766828172,592.0304870174605,854.4851223293432,675.0499091437828,638.3558131898316,913.9234602050774,363.72176707900445,302.99404448837277,612.6238802959053,393.8411739766049,458.623198496784,363.5003881144618,947.1376986275322,559.997,1912.38,2472.377,0.13041053205073497,0.035349256783476814,0.09609092788033541,0.02604653804251835,0.17022323051864663,0.04614094116091518,0.11281855477542463,0.030580751416194787,0.17293074640315778,0.046874844111404586,0.3175260083717006,0.08606903314371067,0.22650145993107038,0.06139579482599516,0.7734985400689297,0.20966556983222523,
1998-10-01,38.942,21.984,47.626,52.834,100.428,40.14,13191.67,332.888,243.998,680.0,280.361,441.503,825.189,9293.991,4.386129032258064,473.52385431685104,436.002,9692.995314129008,616.441945826883,889.6213926049428,679.0795970649789,642.3964150817387,917.9158771064142,366.2073359693429,309.03149160399386,616.0202290062239,396.71549228661456,460.94410528387374,369.2373343368192,948.7340848765847,576.886,1983.0549999999998,2559.941,0.13003737195505677,0.03581755136194988,0.09531391543789486,0.026253307109938024,0.17031720652936924,0.04691224684852826,0.10951853968509431,0.030165835107867005,0.17246608417928383,0.04750413466077168,0.32234688221330104,0.08878736809622476,0.22535128739295163,0.06207085847188791,0.7746487126070484,0.21336958471339168,
1999-01-01,40.016,23.277,49.03,54.005,100.815,40.227,13315.597,343.185,250.787,695.097,281.64,447.363,819.948,9411.682,4.673606557377049,479.8779663892381,444.30999999999995,10087.276512043121,621.2610140819646,903.0819919067876,680.5813348748771,643.1751306158254,921.9030157392817,368.9279374135263,314.7465748579922,617.3531834889224,398.90766348704375,461.3287154090039,369.4538411965615,949.6691333893293,593.972,1993.261,2587.233,0.13264557154303458,0.036463726674998156,0.09693251438892438,0.02664635290482615,0.17173173038531894,0.04720835234339621,0.10885760965479335,0.029924512961657646,0.17291175553187516,0.047532736443921496,0.31692081849605347,0.087120240569114,0.22957808593195894,0.0631100795798243,0.770421914068041,0.21178584231808936,-0.0127935707569122
1999-04-01,41.554,25.039,50.773,55.438,102.385,42.151,13426.748,358.762,262.144,712.119,280.625,459.27,854.805,9526.21,4.87953125,486.38224059085206,449.975,10632.064970650486,639.7897664649046,934.9849793230092,684.0530464264468,646.1139632490506,927.1629711233184,372.6993786222594,322.0434609332194,618.6994818042231,401.5265279194853,462.8740217500524,374.12584089588444,950.5004115742863,620.906,2044.6749999999997,2665.5809999999997,0.13459054517570468,0.037660517666522154,0.09834403831659966,0.02751818404171229,0.16880935150723242,0.04723546929996295,0.10527723599470436,0.02945820006067471,0.17229639617029086,0.04821119836745149,0.32068243283546816,0.08973190807257031,0.2329345834923043,0.06517870170823443,0.7670654165076957,0.21463677580065943,
1999-07-01,43.252,26.046,52.492,57.026,103.154,43.161,13604.771,373.368,266.149,728.141,282.482,466.625,871.191,9686.626,5.1609375,501.0558818117332,461.99199999999996,11063.620800549714,654.0193724579563,959.7490444247235,686.6671838230214,648.3136972513837,931.1417599488065,376.7043475083291,325.98642055455116,621.6717635407063,404.35073041850427,463.62230172433397,376.49373097230057,951.8175819028645,639.517,2082.29,2721.807,0.13717651545462262,0.038544690380324376,0.09778393545170544,0.02747592402142913,0.16973723706346555,0.0476937996780303,0.10378472830733408,0.02916206324059585,0.17143941506506524,0.048172087990183576,0.32007816865780714,0.0899375076523033,0.23496045090632808,0.06602061440175351,0.765039549093672,0.21496545856111302,
1999-10-01,44.139,25.885,52.152,57.279,103.907,43.678,13827.98,385.194,259.955,719.148,287.885,473.806,876.329,9900.169,5.615806451612904,497.72508857114997,459.19300000000004,11166.672718476846,657.7792231194626,966.069461291424,687.323573772618,648.8869347849412,932.0688971098052,378.734374538392,325.3663650353865,621.0047893617825,404.79340643994374,464.3496268309291,377.68445428425804,953.4449354699711,645.149,2097.2129999999997,2742.3619999999996,0.1404606685769421,0.038907820664475526,0.09479237241472863,0.026257632571726804,0.16744434177544762,0.04638233953379988,0.10497702345642189,0.029078796533675334,0.17277295995204137,0.04785837494289239,0.31955263382441856,0.0885165697676474,0.23525304099167071,0.06516545323620233,0.7647469590083293,0.21183608077801497,
2000-01-01,45.553,28.154,54.507,59.378,104.422,46.115,13878.147,400.258,279.456,749.4,297.338,484.243,920.875,10002.179,6.188888888888888,508.59382022803516,469.94399999999996,11770.752718768468,680.170368095553,1003.4797217029843,691.1228960461698,652.2343308106907,937.3373150526238,381.88764832276314,333.76894404057737,623.1649702359807,408.3923787394183,464.8440381217867,383.11382766876824,953.8070723707764,679.7139999999999,2172.3999999999996,2852.1139999999996,0.14033730769527447,0.04001708027820738,0.09798205822067423,0.027939511980339487,0.1647704124028703,0.04698416215106728,0.1042517935818835,0.02972732241644546,0.16978388661883784,0.04841375064373473,0.3228745414804598,0.09206743850514973,0.23831936591594868,0.06795659225854686,0.7616806340840513,0.21719267371639717,0.4512905497103929
2000-04-01,46.109,30.023,56.521,61.232,103.886,45.263,14130.908,408.567,293.504,773.952,312.535,486.613,901.931,10247.72,6.21968253968254,518.6802616585351,480.448,12172.597850481126,679.76530705968,1011.081145959636,691.8775478865474,652.1747601919841,940.6942626675697,383.10081587138694,340.19637545900565,625.1287627150624,411.4669928683346,464.3294144079201,381.24899217029355,955.6119734052743,702.071,2181.527,2883.598,0.14168653189522257,0.03986906355755232,0.10178395185459278,0.028640907440874656,0.16661407033851458,0.046883404308470565,0.10838369287258488,0.030498003458330248,0.16875202438065223,0.047485001541806376,0.312779728658433,0.08801284578423299,0.24347048374981534,0.06850997099842697,0.7565295162501847,0.21287925509284017,
2000-07-01,46.375,30.883,56.716,61.898,102.271,46.032,14145.312,414.719,298.379,774.005,326.917,483.08,911.658,10318.165,6.132857142857143,512.6445488850981,475.626,12358.469958731705,681.4275021899542,1016.6953055697821,692.4312749949497,652.4189865712568,942.2096933602473,383.6760520927599,343.0205870696862,623.9582717849967,412.54878689908594,462.7626152808642,382.9336806809192,955.713854075646,713.098,2197.281,2910.379,0.14249656144440295,0.040193096349980834,0.10252238625965898,0.02891783568105375,0.16342407638317896,0.04609598702870132,0.11232798202570868,0.03168363754601714,0.16598525484137977,0.04681840230312269,0.3132437390456707,0.08835466383799832,0.2450189477040619,0.06911093203103458,0.7549810522959381,0.21295269071583947,
2000-10-01,47.037,31.918,56.61,62.131,102.376,46.351,14229.765,421.81,303.843,766.993,331.981,487.792,915.823,10435.744,5.9070967741935485,500.6256740687175,463.15000000000003,12633.828156126205,680.4160719161893,1021.053925270237,692.8590632901419,652.2704481518728,944.4133269666459,385.09345260464227,346.3170113976995,621.5858664276084,412.92450592301566,462.8652310135295,383.6242866752159,956.3091176541351,725.653,2198.746,2924.3990000000003,0.14423818364046764,0.0404197343284772,0.10389929691536619,0.029115604982260967,0.15837442154781203,0.04438111935287029,0.11352110296850736,0.031811914895574285,0.16680076829461365,0.04674242679774436,0.31316622663323296,0.08775828536997457,0.24813748055583384,0.06953533931073817,0.751862519444166,0.2106937464161635,
2001-01-01,47.197,31.72,56.178,61.575,102.818,47.113,14183.12,421.815,291.335,751.676,327.427,496.716,926.811,10470.231,4.591612903225807,496.33695873105773,460.34100000000007,12625.850766223812,683.5381997161268,1024.4139526718377,693.1875974568262,652.7282542994591,944.3501639296799,385.4330331249497,345.6947396766647,620.7255048349983,412.0255944006602,463.2960434969591,385.25489714316046,955.9807804092208,713.15,2211.295,2924.445,0.14423762457491934,0.04028707676077061,0.09962061177419988,0.027825078548887792,0.15741140626683012,0.04396665173862927,0.11196209879139461,0.03127218492123049,0.1698496637823587,0.047440787123034824,0.3169185948102973,0.08851867738161652,0.2438582363491192,0.0681121553096584,0.7561417636508807,0.2111983011645111,-1.514142468571663
2001-04-01,46.956,29.999,53.845,60.301,104.412,47.072,14271.694,418.696,269.716,716.017,334.28,511.008,919.479,10599.0,3.774920634920635,479.76641408793597,446.30100000000004,12304.0667048969,678.7200845587328,1012.5545220525206,692.0231646471653,652.0208795961902,941.7685113130024,384.9210993016276,340.11640477732544,617.3299348138769,409.9348687343558,464.8344611371888,385.1678344419027,956.6033414006979,688.412,2211.068,2899.4800000000005,0.14440382413398264,0.03950334937258232,0.09302219708361498,0.02544730634965563,0.1539244968063239,0.04210784036229833,0.11528963814201164,0.031538824417397866,0.17624125705298876,0.04821285026889329,0.31711858678107796,0.08675148598924427,0.23742602121759762,0.06495065572223795,0.7625739787824023,0.20861100103783378,
2001-07-01,46.767,28.866,52.445,59.588,105.063,47.612,14214.516,413.087,253.728,692.401,329.731,522.446,923.888,10598.02,3.3409836065573773,470.7374712462987,438.67299999999994,12090.17215308382,679.0912935339162,1008.7678147320958,691.6484879633518,652.0755571442533,940.0148182803061,384.51778259986537,336.26644319453715,615.4300552730194,408.7454211517347,465.4560170229491,386.3084830305633,956.2018974965162,666.815,2214.738,2881.553,0.14335568354980804,0.03897775244809879,0.08805251890213368,0.02394107578585434,0.15223492332086203,0.041391976991928675,0.11442822672357579,0.031112509695207215,0.1813070937789449,0.04929656671717925,0.32062155372467555,0.08717552901391014,0.23140820245194174,0.06291882823395313,0.7685917975480583,0.20897658241822525,
2001-10-01,46.068,28.942,52.231,57.876,104.388,51.58,14253.574,406.561,248.938,685.974,311.688,522.064,995.882,10660.465,2.245483870967742,466.99844831691615,437.03600000000006,11989.896140848736,696.9463190025537,1027.110396073534,693.4504697894007,654.6708390581567,939.1819585836314,383.01185658066606,336.5293827315801,614.6325935001528,405.8302790874835,464.8114726313404,394.31340004531984,956.4762961267519,655.499,2266.67,2922.169,0.139129872365356,0.03813726699538904,0.08518946029473312,0.023351514216312326,0.14955876953044128,0.04099596030754756,0.10666323542546649,0.02923774901001035,0.17865633370280773,0.048971972610950834,0.34080232868119537,0.09341825145526016,0.22431933266008916,0.061488781211701364,0.7756806673399109,0.21262393338376892,
2002-01-01,45.908,28.429,51.015,56.488,107.811,51.017,14372.785,404.11,241.778,667.253,297.893,538.339,976.249,10783.5,2.318166666666667,454.65478750401036,425.475,11883.068871809808,692.8509168220975,1020.3751164608085,692.7925599906815,654.0814848805878,938.2869882100026,382.6639393818422,334.7409750932431,611.9538422203384,403.4028226214046,468.03796940854136,393.21589105144466,957.3091766836415,645.888,2237.956,2883.844,0.1401289390133447,0.03747484582927621,0.08383879294441723,0.022421106319840498,0.1475374534822272,0.039456113506746424,0.10329719638094154,0.02762488987805443,0.18667410581154878,0.049922474150322256,0.3385235123675206,0.0905317383038902,0.22396773195776193,0.05989595214911671,0.7760322680422381,0.20753521583901333,-0.4888942607212811
2002-04-01,46.383,28.206,50.767,55.851,110.485,51.337,14460.848,405.991,237.735,661.929,284.831,554.846,977.397,10887.46,2.34671875,453.21701473275846,424.19399999999996,11924.64270678616,697.3756523958201,1026.3450592168736,693.3759284215686,654.7324221667417,938.6362353612601,383.6933012788567,333.95347212700483,611.637107199006,402.26874304578695,470.4879765137068,393.8411739766049,957.9200138529884,643.726,2241.268,2884.994,0.14072507603135395,0.037289781087599866,0.08240398420239349,0.021835671497300566,0.14703462121584998,0.03896170456653802,0.09872845489453358,0.026161381993596307,0.19232137051238235,0.050961932351531035,0.33878649314348663,0.08977272936019973,0.22312906023374743,0.05912545258490043,0.7768709397662525,0.2058577482718651,
2002-07-01,46.711,29.116,51.253,55.669,110.809,52.877,14519.633,409.328,237.824,661.341,274.096,558.88,1001.72,10984.04,1.8140625,451.8917388842851,423.517,12119.04410894446,706.2501539683511,1040.223904198169,694.7191261461554,655.9969500468911,940.2533387614019,384.3979682976783,337.12878512560115,611.3442635401022,401.94234390378523,470.78079984512374,396.7968461710194,958.3257012577263,647.152,2258.2129999999997,2905.365,0.1408869453579843,0.037265705514546554,0.08185684070676147,0.021651778398476335,0.14577066908977016,0.03855748886566327,0.09434133060734194,0.02495402420238819,0.19236137283955718,0.05088109657284569,0.34478284139858506,0.09119777422514848,0.22274378606474576,0.05891748391302289,0.7772562139352542,0.2055903838660456,
2002-10-01,46.497,28.58,50.277,54.92,112.802,52.394,14537.58,405.46,229.604,648.036,273.698,578.313,986.105,11061.433,1.5337096774193548,443.12574394497545,418.4319999999999,12001.665524910324,702.7440137914007,1033.9638704678623,694.1155112937462,655.4992691488391,939.2800712881703,383.93877943830233,335.27071725017214,609.3853576145294,400.587758089977,472.5634069403229,395.879208095414,958.4492299821237,635.064,2256.548,2891.6119999999996,0.14021936553036854,0.03665528688733186,0.07940346076859553,0.020757165911505317,0.14470544457555162,0.03782801016830278,0.09465239458129238,0.02474344870144763,0.19999674921808322,0.052281924050889245,0.3410225853261088,0.0891480335323642,0.21962282629896404,0.05741245279883718,0.780377173701036,0.20400141645300385,
2003-01-01,47.19,29.762,50.46,55.192,114.88,52.443,14614.141,409.186,233.729,644.287,274.975,601.444,974.533,11174.129,1.300327868852459,435.82607035256126,410.558,12294.38385758358,704.577649907966,1041.5663249836557,694.848094084686,655.7598545148527,941.6897840143959,385.4182005738296,339.3232412007859,607.7243242549079,401.08180152438075,474.38881052999136,395.97268654971566,958.9744900587087,642.915,2261.5099999999998,2904.4249999999997,0.14088365166943545,0.036619051024021645,0.08047341556418225,0.02091697706371566,0.1413560343269322,0.036741834643219166,0.09467450528073544,0.024608181988949655,0.20707850951565285,0.05382468736489438,0.3355338836430619,0.08721333000540803,0.22135706723361767,0.0575360280877373,0.7786429327663823,0.2023880340024712,-0.9016119414009154
2003-04-01,47.652,30.674,52.448,56.719,116.71,54.824,14743.567,414.712,235.908,665.224,282.351,612.032,1007.819,11312.766,1.1526984126984128,455.18310517345844,429.31600000000003,12507.34623985101,729.3418277974944,1074.0371490822774,697.9179863932692,659.2142521694641,943.4071449850939,386.3924601937115,342.3415390228588,612.0699766950793,403.8109251603009,475.9692225424263,400.4128054283522,959.8562131039955,650.62,2331.518,2982.138,0.13906532829801974,0.0366587623221412,0.07910700309643617,0.020853255516820553,0.14396248597482747,0.03794969329339969,0.09468072906082817,0.02495861754764485,0.20523262169624615,0.05410100412224562,0.3379518318736423,0.08908687760358519,0.21817233139445594,0.05751201783896175,0.7818276686055441,0.20609619256687534,
2003-07-01,48.611,33.245,54.161,57.921,123.399,57.25,14988.782,423.514,245.965,680.669,283.19,651.745,1041.776,11566.669,1.21921875,457.7258414046523,434.70399999999995,13042.342669012229,756.7659551577545,1115.632130542489,701.7176456470257,662.9054031469135,947.5956471876673,388.3849842744552,350.3904379854418,612.6270405328783,405.90800131217895,481.5423007710737,404.7427642434349,961.5057333625898,669.479,2411.415,3080.8940000000002,0.13746464500239217,0.03661503584134724,0.0798355931752277,0.02126498130101242,0.14109670764395008,0.037582470804688885,0.09191812506369904,0.024483280363603387,0.211544116740141,0.05634681860438818,0.33814081237459,0.090067071168026,0.21730023817761987,0.05788001714235966,0.7826997618223801,0.20847964094070645,
2003-10-01,49.182,35.272,55.114,58.65,127.072,58.077,15162.76,427.212,255.085,692.293,287.242,683.107,1047.074,11772.234,1.2964516129032257,454.90760138208685,437.20799999999997,13427.879279089882,767.8028252368626,1135.5126251223955,703.4839480041614,664.3532962212003,950.5088367821941,389.55277028989485,356.3089448055636,612.0094324443133,407.15875750994843,484.4753854948841,406.17697162899225,962.6597700673301,682.297,2454.6310000000003,3136.9280000000003,0.13618801579124543,0.03628979852082451,0.08131681696232747,0.021668359633354214,0.1393745728304889,0.037138915179565746,0.0915679288781891,0.02439995671169975,0.217763047159514,0.05802696412592546,0.333789618378235,0.08894437538363577,0.2175048327535729,0.05795815815417872,0.7824951672464271,0.20851021140082673,
2004-01-01,49.273,35.192,54.408,58.07,128.549,59.092,15248.68,427.726,251.648,681.801,286.809,706.197,1064.229,11923.447,1.2214516129032258,446.30586274817693,430.153,13432.022938531469,772.4571270654462,1140.9717998853414,703.963563429402,664.9576508287371,950.5396906508411,389.7376263681308,356.0818784046419,610.1004507888125,406.16491793839583,485.63101546073517,407.90955514593617,963.2248220912203,679.374,2487.388,3166.7619999999997,0.13506730218437635,0.035872680106683916,0.07946539714699116,0.02110530620885051,0.13583370016439508,0.03607622862751015,0.09056853656826754,0.024054201775711336,0.22300286538742098,0.05922758745855959,0.336062198548549,0.08925514576447566,0.21453269933136754,0.056977986315534426,0.7854673006686326,0.20861316362625673,0.8734622672200203
2004-04-01,49.745,36.155,56.73,59.522,132.624,59.246,15366.85,431.184,256.486,713.497,294.729,743.16,1065.972,12112.815,1.7754838709677419,469.39852361355645,457.01099999999997,13648.69256323638,789.2807704439573,1164.435824492318,705.9991977880771,667.112211362011,952.1399013112544,390.6909956041323,358.78152516269154,615.1452138148995,408.6345992110834,488.7518056849171,408.1698267187778,963.9967870831144,687.6700000000001,2560.8720000000003,3248.5420000000004,0.13273154541329618,0.03559734050259993,0.07895418929476669,0.021174764082502705,0.14068188128705122,0.03772954511399703,0.09072654747883818,0.02433199879631613,0.22876724388972033,0.061353203198430746,0.3281385926363273,0.08800365563248509,0.21168573470806287,0.056772104585102644,0.7883142652919372,0.21141840274122903,
2004-07-01,51.089,36.757,58.698,61.223,133.57,60.775,15512.619,442.307,256.729,734.204,307.175,763.611,1085.046,12305.307,2.075,490.5003717364452,477.47499999999997,13964.505885411263,808.2580589765645,1192.210088665005,708.3564080975324,669.4881387451676,954.4274095398224,393.3569209849131,360.43286837110355,619.5426036877598,411.4522935910227,489.46256849890136,410.71785202021874,964.9409100716316,699.0360000000001,2633.307,3332.343,0.1327315345389115,0.035944410001310816,0.07704158905610857,0.020863274683029034,0.1432850699942953,0.03880236389063677,0.09217988664432203,0.024962806697955604,0.22915138087525805,0.06205542047833507,0.3256105388911046,0.08817707676858448,0.2097731235950201,0.05680768468433985,0.7902268764049799,0.2139976678355119,
2004-10-01,52.005,37.171,60.498,62.48,135.413,61.924,15670.88,450.058,258.359,758.084,316.128,786.299,1107.05,12527.214,2.472741935483871,510.73405284656224,499.72499999999997,14180.622210188776,825.7341357049713,1216.447250337077,710.3689799456116,671.6272852103266,955.9631678544374,395.13398678050964,361.55288873640046,623.5849010198168,413.48465055314307,490.8329367686174,412.5907826678219,965.9559492037449,708.4169999999999,2709.202,3417.619,0.13168758717692053,0.03592642386407704,0.07559619723556077,0.020623819470155135,0.14622021939835889,0.03989115217477725,0.09249948575309301,0.025235299724264307,0.2300721642757721,0.06276726812521922,0.3239243461602946,0.08837160441260124,0.2072837844124813,0.05655024333423217,0.7927162155875187,0.21626532443686203,
2005-01-01,53.265,38.176,61.051,63.387,138.61,62.219,15844.727,462.2,262.133,768.581,329.467,815.285,1109.964,12767.286,3.0724590163934424,510.7396449298945,506.44800000000004,14538.709909038884,834.3651767355702,1232.8724206806767,711.7102027154501,672.6671168318495,958.4570020124823,397.5279455063161,364.22070459155054,623.585995924824,414.92587930994927,493.1664234225262,413.0660419337763,967.0592042566685,724.333,2761.1639999999998,3485.497,0.13260662683112337,0.03620189913502368,0.07520677825859555,0.020531614941499705,0.14530151654125653,0.03966763178955966,0.09452511363515734,0.025805562748418102,0.2339078185980364,0.06385734603266505,0.31845214613583084,0.08693813234856648,0.2078134050897189,0.056733514076523384,0.7921865949102811,0.2162686729192093,1.2772760018706322
2005-04-01,54.152,39.167,62.572,64.412,141.169,63.875,15922.782,471.979,263.532,786.904,336.421,843.801,1137.918,12922.656,3.33734375,523.1879379537786,523.3720000000001,14829.638917224294,853.1735163991549,1260.014736207517,713.8878695279924,674.8962945795644,960.4383086705031,399.17949072063067,366.78345555181863,625.9940745507544,416.529995115575,494.9957754213018,415.6928048523868,967.5506192875309,735.511,2841.5119999999997,3577.0229999999997,0.13194743226420408,0.03652337414228158,0.07367355479682407,0.020393021372696135,0.1463149663840574,0.04050034296355177,0.09405055544792416,0.02603342532680588,0.2358947650043067,0.06529625179220123,0.3181187261026837,0.08805604668266337,0.20562098706102813,0.05691639551497772,0.7943790129389718,0.2198860667652222,
2005-07-01,54.912,41.111,64.846,65.755,142.716,65.125,16047.587,479.083,270.228,808.296,346.762,875.593,1151.814,13142.642,3.79109375,538.7336068681077,538.068,15224.828894358958,869.3943678575979,1285.9431924109654,715.9247729957925,676.7796840339089,963.0682854049196,400.5731903865497,371.62757255956956,628.9221212867975,418.59357137939287,496.0856641533109,417.63085000735305,968.3313774576441,749.311,2912.237,3661.5480000000002,0.13084165495031064,0.03645256410392979,0.07380157244968522,0.0205611626642497,0.1469509617243854,0.04094062670199797,0.09470366085600952,0.02638449712013764,0.23913191906810996,0.06662229709977643,0.3145702309514992,0.08763945635892692,0.20464322739999585,0.05701372676817949,0.7953567726000041,0.22158687728083898,
2005-10-01,54.679,42.363,65.745,66.263,142.436,63.175,16136.734,479.272,271.967,815.793,363.995,890.206,1114.745,13324.204,4.288524590163934,541.7680618118522,543.826,15348.654277908216,860.1760818227074,1277.2020951592003,715.242710127085,675.7137114595363,963.8783079980527,400.1479723466132,374.62753397552245,629.4837979614938,419.36316720315415,495.88927760158316,414.59086532742583,968.8853566948517,751.239,2912.772,3664.011,0.13080528415444168,0.03597002867863626,0.07422657846824149,0.02041150075456665,0.1484236810424423,0.04081489595926331,0.09934331529026523,0.027318329860455456,0.24295942342967858,0.06681119562564489,0.30424171761493074,0.08366315916508033,0.2050318626226832,0.05638152943320292,0.7949681373773169,0.21860758061044397,
2006-01-01,55.358,45.517,68.667,68.485,141.101,65.684,16353.835,487.552,286.721,850.152,387.407,896.218,1154.128,13599.16,4.640322580645161,557.8876307469268,563.431,15877.42885863057,878.9783032157346,1308.4013864540073,717.6561355319741,677.8760213894453,967.26538110266,401.3821183489182,381.80858825495784,632.4157563512183,422.6614743186785,494.94759460058725,418.4855364629591,970.221770539623,774.273,3001.184,3775.4570000000003,0.1291372143822589,0.0358516261298492,0.07594338910494808,0.02108372870089035,0.14923517868168013,0.041431308992614255,0.10261194869919057,0.02848756834980984,0.23738000459282144,0.06590245279855521,0.3056922645391008,0.08486759476320596,0.20508060348720697,0.05693535483073955,0.794919396512793,0.22068892490418526,0.9258290082216264
2006-04-01,56.313,45.847,69.455,69.683,134.041,65.711,16396.151,496.662,284.925,857.64,409.357,859.339,1149.249,13753.424,5.021428571428571,565.493218613723,572.7149999999999,16092.349485683751,869.8933161717237,1301.2229499310588,717.1059831955998,676.8370579039586,968.6099250810715,403.0925414352446,382.53097658093355,633.7698303642934,424.3956385578417,489.81457233008445,418.52663391777855,970.4801891145129,781.587,2990.66,3772.247,0.1316621101428406,0.03611188021252017,0.07553190445906645,0.020716659356971763,0.15182330319303056,0.04164163047689069,0.10851807954251141,0.029764006403060067,0.2278056023372807,0.06248182270829431,0.3046590003252703,0.08356093726187748,0.20719401460190703,0.05682853956949193,0.792805985398093,0.21744839685012254,
2006-07-01,58.094,47.288,70.016,70.878,126.62,66.652,16420.738,512.716,291.614,867.41,424.617,814.718,1160.532,13870.188,5.091111111111111,563.6025351895817,575.796,16600.14811061409,861.9136254959695,1300.092566745282,717.0190746103337,675.9155063202223,971.7166896630981,406.2062388301377,385.6256563522068,633.4349278221615,426.09600891944376,484.11904751159807,419.9485053676377,970.630032718521,804.3299999999999,2975.6629999999996,3779.9929999999995,0.1356394046232361,0.036965324478658836,0.07714670371082698,0.021024516754927905,0.1523272662145142,0.04151320804015057,0.11233274770614657,0.030613644169783426,0.2155342615713839,0.0587387856602953,0.3070196161738924,0.08367096394079157,0.21278610833406306,0.057989841233586734,0.7872138916659369,0.21453660181102083,
2006-10-01,59.753,47.447,70.39,71.629,120.729,67.592,16561.866,528.399,290.69,873.929,435.798,782.381,1169.422,14039.56,4.988225806451613,567.1788914839257,583.239,16921.367290571237,857.7398514233707,1300.4265477069157,717.044760325283,675.4300850043232,973.6332439030749,409.0219398756201,385.9613298610401,634.0674759229089,427.1500019897889,479.35483643645773,421.34896328505437,971.4858102750625,819.0889999999999,2970.84,3789.929,0.1394218730746671,0.03763643589970056,0.0767006453155191,0.020705064831091573,0.15389180113928255,0.041542541219240496,0.11498843382026418,0.031040716375726876,0.20643684881695673,0.055726888876859386,0.30856039783331035,0.08329477561974877,0.21612251839018617,0.05834150073079213,0.7838774816098139,0.21160492209157553,
2007-01-01,60.26,50.651,71.37,72.919,115.289,68.501,16611.69,536.152,307.171,886.253,457.554,750.889,1179.022,14215.651,5.0075806451612905,560.4968571185566,579.0820000000001,17413.026083496017,852.104120881278,1301.75708681779,717.1470236097935,674.7708726969709,976.4973830610611,409.86685337021555,392.49589738364193,632.8823635214703,428.9349236057625,474.74420194280793,422.68483437017676,971.7861943367757,843.3230000000001,2966.547,3809.87,0.14072711142374938,0.03771561358674323,0.08062506069760911,0.021607944651989557,0.15199521243507,0.04073552452856363,0.12009701118410863,0.0321866371086347,0.19709045190518312,0.05282128831103127,0.3094651523542798,0.08293830511173916,0.2213521721213585,0.059323558238732796,0.7786478278786415,0.20868175505996878,-0.9393363939598204
2007-04-01,60.666,51.476,72.362,74.537,110.746,69.22,16713.314,541.758,308.172,897.845,484.892,719.274,1185.692,14402.082,4.93421875,567.5785622066928,589.673,17590.73791381153,851.941939008446,1304.4928474375806,717.3569621570246,674.7518377803522,977.5127787608461,410.53834093373166,394.11156796314185,634.1379175380741,431.1295646393856,470.72392908915066,423.72898382071986,972.3960926282438,849.9300000000001,2979.531,3829.4610000000002,0.1414710843118653,0.037616644593469195,0.08047398837590983,0.021397739576819518,0.1539832890320596,0.04094359412757128,0.12662147492819484,0.03366818769675107,0.18782643301498564,0.04994236250008853,0.30962373033698476,0.08232781899172634,0.22194507268777514,0.05901438417028872,0.7780549273122248,0.2068819633161372,
2007-07-01,60.875,53.205,72.731,75.706,103.707,70.067,16809.587,544.679,309.266,896.02,512.206,673.671,1191.859,14564.117,4.535079365079365,562.2003800474629,586.7539999999999,17841.78724315841,843.1572898331619,1298.0914303798202,716.8650334213049,673.7153524029316,978.929858290753,410.8822581402753,397.41523768936946,633.185833447267,432.6857417540257,464.15696153680966,424.9451927137354,972.9704657391744,853.9449999999999,2964.49,3818.4349999999995,0.14264456511633694,0.037398697085446374,0.08099286749676243,0.021234792332415348,0.153663477314659,0.040287646686716395,0.13414029569705915,0.0351690390842095,0.17642594413679955,0.046255533376997726,0.312132850238383,0.0818353079695803,0.22363743261309935,0.058633489417861714,0.7763625673869007,0.2035475271175039,
2007-10-01,62.162,56.611,73.162,76.874,95.083,70.591,16915.191,556.724,318.985,893.612,531.223,618.156,1195.599,14715.058,3.6350000000000002,549.0421652165254,574.627,18492.406231844783,827.4737639360156,1289.5946825164137,716.2083248385002,671.8377401535323,982.5115452844585,412.97438805739614,403.62033126160964,630.8175242233368,434.2167717911994,455.4750194371173,425.69026576195483,973.5967372903939,875.7090000000001,2919.6049999999996,3795.3139999999994,0.14668720427348045,0.03783362593609893,0.08404706435356865,0.02167745448234047,0.15140433703245634,0.03905027081782484,0.1399681291192244,0.036100639222760786,0.16287348029701892,0.04200839711267192,0.31501978492425137,0.08125003652720905,0.2307342686270491,0.059511080418439395,0.769265731372951,0.1984093436804666,
2008-01-01,63.322,56.855,72.757,77.179,87.519,68.309,16843.003,571.436,316.727,885.403,540.83,566.675,1153.509,14706.538,2.1129508196721307,543.0249423289127,568.676,18740.387866508547,801.0482775848662,1261.66730457544,714.0189382811323,668.5921216893628,983.8436252830551,414.8232820110965,404.0504167076686,629.7155253186378,434.61273993009934,447.1855912648614,422.40415294915306,973.1690597313907,888.163,2829.69,3717.853,0.1537005363041519,0.03885591564785676,0.08519083460265911,0.02153647581776214,0.15295817236453405,0.03866824401500884,0.1454683657476506,0.03677480043229753,0.1524199585083111,0.038532182081194084,0.31026213247269324,0.07843511504883066,0.238891370906811,0.060392391465618894,0.761108629093189,0.1924103415773311,
2008-04-01,63.94,57.481,71.881,77.335,83.555,67.823,16943.291,580.278,316.33,871.824,555.738,538.808,1137.729,14865.701,2.0659375,529.6396161858755,555.4939999999999,18931.643246920128,787.6851251092804,1248.6410297398158,712.9811062683466,666.9098422576778,984.8590046929306,415.7945143631696,405.1454458415094,627.2196805801472,434.8146634490103,442.5505097655346,421.69013704581806,973.7627223245223,896.608,2787.7690000000002,3684.3770000000004,0.1574969119609638,0.03903468797065137,0.08585712048468437,0.021279184883376843,0.15077013020111674,0.03736749447604253,0.15083635578009524,0.03738390809824576,0.14624127769769488,0.03624504488553887,0.3087982038754449,0.07653382776903693,0.24335403244564816,0.06031387285402821,0.7566459675543518,0.18753027522886412,
2008-07-01,63.195,56.453,69.622,75.892,79.316,65.535,16854.295,576.058,307.782,852.11,562.617,507.06,1095.819,14898.999,2.12640625,508.9543546669818,544.328,18669.34595952754,760.0142207369485,1211.1882708693004,709.935719874371,663.3337144601303,983.4638204295342,414.62251840990893,403.34084335591126,623.2358336040115,432.9311277001887,437.3439873736559,418.2584351071509,973.2360799442439,883.8399999999999,2709.8239999999996,3593.6639999999998,0.16029823600648252,0.03866420824647347,0.08564573649623337,0.02065789788965017,0.1514688073231109,0.03653453497110779,0.1565580421541914,0.03776206710262884,0.1410983330661965,0.034033158871948375,0.30493084495378536,0.07354984049599574,0.24594397250271588,0.05932210613612364,0.7540560274972841,0.18187960144168072,
2008-10-01,62.747,52.655,61.521,71.472,71.596,60.711,16485.35,569.762,284.329,772.186,560.71,451.391,1007.986,14608.209,0.9891935483870967,436.19606946428684,487.857,18137.69804010481,692.1554155434795,1120.7209542574292,702.1727466355685,653.9810519337015,980.5747815953223,413.9110768104078,396.37612008325607,607.8091842870183,426.93057646097634,427.1039206484254,410.6124900757632,971.0227386702954,854.0909999999999,2507.944,3362.035,0.16946938387018576,0.039002864759122756,0.08457050566100592,0.019463645406497126,0.14510765057472633,0.03339608572139131,0.16677696692628127,0.03838321316459807,0.13426124356230676,0.03089981804066467,0.299814249405494,0.06900134027381453,0.25403988953119166,0.058466510165619885,0.7459601104688084,0.17168045720046857,
2009-01-01,61.033,51.037,54.664,66.087,64.654,60.818,16298.262,550.136,270.577,683.537,512.642,404.473,1004.48,14430.902,0.5719672131147541,368.4244219630739,412.96000000000004,17621.62004428678,646.6477566777564,1057.4995715434939,696.3662505760534,647.180172071081,977.6881838753228,411.14147015009917,393.2550859879607,590.9235594157535,419.09720558056927,416.90499749202934,410.7885797788767,969.8813755343051,820.713,2334.5550000000003,3155.268,0.1743547616240522,0.03812207996423231,0.08575404688286384,0.01874983282403276,0.13087953226160187,0.02861636784727663,0.16247177735773952,0.035523905574301594,0.12818974489647156,0.02802825492127935,0.31835013697727105,0.06960618262115563,0.26010880850691603,0.05687191278826507,0.739891191493084,0.16177471096401322,
2009-04-01,62.563,51.067,52.502,64.077,60.679,60.376,16269.145,559.711,266.2,652.184,458.851,374.685,994.7,14381.236,0.5211111111111111,344.48685177599305,385.984,17919.990004106465,625.7832816092857,1036.6640050137405,694.3763148991013,643.9004115648274,979.3672128722208,413.61740490514956,393.31384960322214,584.2055923617946,416.0085485184777,410.55976744500083,410.0591674982567,969.7025648125424,825.9110000000001,2214.2200000000003,3040.1310000000003,0.1841075269453849,0.038919533759128905,0.08756201624206324,0.018510230970411722,0.12696294995182772,0.02683941769678211,0.15093132499882406,0.03190622836590679,0.12324633379285299,0.026053741138800587,0.327189848069047,0.06916651670273681,0.2716695431874482,0.05742976472954063,0.7283304568125518,0.15396590390422632,
2009-07-01,63.204,53.518,53.834,63.704,63.498,63.309,16326.281,564.471,277.197,662.038,416.227,389.385,1035.104,14448.882,0.44796874999999997,347.9495652565048,384.841,18318.925141547552,644.5367169986202,1065.5545314913056,697.1250629479463,646.8531790498375,981.5689965193986,414.63675902892527,398.0018045913954,585.2057541847644,415.4247354955143,415.1008409339642,414.8027499138285,970.0531419672564,841.668,2225.557,3067.225,0.1840331244039808,0.03906675962887648,0.09037387214827736,0.01918466771339125,0.12546878693281388,0.026634655885486504,0.13570148913105495,0.02880686547235973,0.12695025633919912,0.026949143885319292,0.337472471044674,0.07163903753937502,0.27440699655225814,0.05825142734226773,0.7255930034477418,0.15402970278254052,
2009-10-01,65.125,56.584,56.325,64.13,63.367,61.816,16502.754,583.096,288.471,683.287,381.079,391.472,1014.201,14651.249,0.3546774193548387,361.31341994110215,394.81600000000003,19036.56994144645,642.1579162275976,1073.9646984659817,697.9112405316298,646.4834248875359,985.4117141982258,417.63085000735305,403.57262597336893,588.9745780948714,416.0912273160771,414.89432212017067,412.4162230631283,971.1282555051807,871.567,2181.568,3053.135,0.19098271121322835,0.03979838169428422,0.09448353905084446,0.019689174622586784,0.12931495004315235,0.026947600167057432,0.12481564031724768,0.026010000922105685,0.1282196823920331,0.02671936024020887,0.332183476983494,0.06922283554118834,0.2854662502640728,0.059487556316871006,0.7145337497359272,0.14889979687056035,
2010-01-01,64.026,59.28,60.307,64.587,61.323,62.572,16582.71,571.363,298.266,719.807,358.384,379.435,1021.085,14764.61,0.3645901639344262,393.05802781452087,421.541,19113.240786990333,652.6770792243792,1087.7533950632426,699.186974277564,648.1082488162878,985.8136608779345,415.9289250862483,408.22719809878316,597.3957254441624,416.8013152147301,411.61549764859495,413.6317893699524,971.6115865272487,869.6290000000001,2180.4449999999997,3050.0739999999996,0.18732758615036885,0.03869814373694937,0.09778975854356323,0.020201414056991687,0.1382068107200022,0.02855077106676031,0.11750009999757385,0.024273177550913978,0.12440189975718624,0.02569895175016475,0.3347738448313058,0.06915760050553316,0.2851173446939321,0.05889955779394106,0.714882655306068,0.14768050087337217,
2010-04-01,63.707,61.256,64.236,66.714,64.509,64.544,16743.162,569.998,305.269,763.672,371.635,396.341,1043.901,14980.193,0.37828125,427.74628356430236,458.403,19266.07784790128,682.7325007892298,1125.885439799175,702.6325062670376,652.6103129544542,986.6101203997731,415.4294446650532,411.50618038108223,605.8530224398621,420.0414825949167,416.6804748951361,416.7347161771802,972.5745215095095,875.267,2270.2799999999997,3145.5469999999996,0.18120791073857748,0.03805011056933646,0.09704798561267723,0.020378175367967558,0.14573077432955225,0.03060060708163106,0.11814638280718745,0.024808425365414184,0.12600066061642062,0.026457669804387702,0.33186628589558514,0.06968541727065868,0.2782558963512547,0.058428285937304016,0.7217441036487454,0.1515521195220916,
2010-07-01,64.943,63.368,67.695,68.53,58.793,65.558,16872.266,578.778,312.194,804.497,369.114,361.234,1052.423,15141.607,0.26890625,456.38320437482855,492.30299999999994,19740.69037327002,688.5266048819443,1140.4703652510823,703.9196057389556,653.4553959225975,989.0437285692536,417.3509962096742,414.89590021619784,612.3332817080338,422.7271605597732,407.4022800198803,418.2935247003954,973.3426487800099,890.972,2275.0739999999996,3166.0459999999994,0.18280783033474565,0.0382243443512964,0.09860690590092502,0.020618287081417448,0.15549458220126935,0.032513259655992915,0.1165851664821042,0.02437746535093666,0.11409625760333238,0.02385704502831172,0.33240925747762357,0.06950537020277966,0.28141473623567065,0.05884263143271384,0.7185852637643294,0.15025314023802094,
2010-10-01,66.159,63.981,69.068,69.874,59.766,67.393,16960.864,592.54,314.326,820.133,378.767,369.289,1078.441,15309.474,0.2591935483870968,468.73622282161074,505.807,20047.53297853906,705.4674534249302,1165.6137440239963,706.1003046184159,655.8860637592198,990.586138169986,419.206093572817,415.8586164283565,615.0040185538791,424.66936201027306,409.04369373910833,421.0541154957926,973.866385144455,906.866,2332.304,3239.17,0.18292957763871606,0.038704138365563696,0.09703905630145995,0.02053146959849829,0.15615327383249414,0.033038822888363115,0.11693335021008468,0.024740693246547856,0.11400729199146695,0.024121599474939505,0.33293745002577824,0.07044272063168205,0.279968633940176,0.05923560796406199,0.720031366059824,0.15234383624153253,
2011-01-01,66.832,62.789,70.778,69.795,59.563,67.983,16920.632,603.092,307.656,839.817,352.96,368.767,1087.927,15351.448,0.2720967741935484,493.43048003112887,532.1610000000001,20049.430721602872,715.7301148560699,1177.829500685635,707.1428617476156,657.3303161344396,990.5956039394116,420.21820077548193,413.9779898896314,620.1381977686071,424.55623739647217,408.70345759227337,421.92576739208977,973.62889847085,910.748,2341.815,3252.563,0.1854205437373542,0.039285675201453304,0.09458879044003145,0.020040845658337896,0.16361281856800317,0.03466519900924005,0.10851749835437467,0.022991967923807578,0.11337735810190301,0.024021642779234895,0.33448299079833343,0.07086803798573267,0.28000933417738566,0.05932652085979121,0.7199906658226144,0.1525468476980152,
2011-04-01,67.926,64.754,71.757,71.614,60.238,67.503,17035.114,615.066,314.052,854.272,382.382,374.296,1082.903,15557.539,0.20412698412698413,495.34065457004067,540.22,20478.23064613589,718.0517966335178,1187.5953139460705,707.9685797063422,657.654170660435,992.7117681189602,421.84188773240277,417.05954747333607,620.5245716924405,427.12905855792155,409.830338240928,421.2172041335304,974.3032022177166,929.118,2379.8010000000004,3308.9190000000003,0.18588125003966552,0.039534916158654655,0.09491075484168697,0.020186483222057166,0.16326177824238067,0.0347240010132708,0.11556100345762467,0.02457856605726651,0.11311730507757971,0.02405881804313651,0.3272679083410624,0.06960631755446668,0.2807920048813525,0.059721399380711825,0.7192079951186475,0.15296770266814053,
2011-07-01,69.303,66.072,76.073,74.982,61.324,68.102,17031.313,628.06,316.505,904.533,409.982,381.117,1090.755,15647.68,0.13343750000000001,536.9445837719248,588.028,20893.933427800646,741.7883379340204,1222.5803826624713,710.8718971876552,660.9063943624307,994.7214129204987,423.848819530216,419.0745056508416,628.5894893228349,431.7248084731702,411.61712834482074,422.1006581299843,974.2808869921381,944.5649999999999,2469.882,3414.447,0.18394193847495655,0.04013757950060328,0.09269583039361864,0.020226960162784514,0.17221763875672985,0.037579244974334854,0.12007273798656122,0.0262008169901225,0.11161895323020096,0.024356134583529317,0.3194529011579328,0.06970713869404283,0.27663776886857516,0.0603645396633878,0.7233622311314248,0.15784333524202948,
2011-10-01,70.89,66.357,77.829,76.91,62.915,69.734,17222.583,640.716,315.026,926.474,430.17,391.162,1112.409,15842.259,0.1139344262295082,554.8412718349232,611.4480000000001,21241.475773937833,761.6556977723586,1251.879830317771,713.2401564879156,663.5494613382351,996.3710953824385,426.1129379866926,419.5049256343733,631.8682076147749,434.26359070689625,414.1784609043931,424.4688003706405,975.3976766732845,955.742,2545.1890000000003,3500.9310000000005,0.1830130328189844,0.040443474633257794,0.08998349296230058,0.01988516915422226,0.17465297088117418,0.03859601083406098,0.12287303005971839,0.02715332453534562,0.1117308510221995,0.024691049426726328,0.31774662225562283,0.07021782688946065,0.27299652578128497,0.060328643787480055,0.7270034742187149,0.1606582116855936,
2012-01-01,71.037,70.159,80.253,78.887,66.721,71.439,17367.01,645.438,330.985,957.835,456.99,414.107,1138.093,16068.805,0.1564516129032258,564.787015713176,626.85,21665.232039324837,783.3949242272215,1284.6655109838816,715.8253660708403,666.3636942052228,998.3464044447826,426.32008680624847,425.07640948266607,633.6448696738389,436.8016448750516,420.0519745947765,426.8843938709916,976.2327708551636,976.423,2636.04,3612.4629999999997,0.17866978845181253,0.040167143729729744,0.09162308375199968,0.02059798472879595,0.1735242686222669,0.03901036822588861,0.12650371782354589,0.02843957593610726,0.11463286959617304,0.0257708647282732,0.3150462717542021,0.07082623754535575,0.2702928722038122,0.0607651284585257,0.7297071277961878,0.1640470464356248,
2012-04-01,71.946,71.48,82.517,80.67,67.293,71.574,17444.525,653.729,333.584,984.355,474.629,419.287,1133.557,16207.115,0.188125,583.5376452108801,650.771,21986.67950615606,794.2786859919961,1302.8411221936017,717.2302637375532,667.7434389578938,999.8192071972328,427.5915837625351,426.9417690291227,636.9108965859549,439.0366758948883,420.9056219353998,427.0731879527863,976.6781124817959,987.3130000000001,2678.244,3665.5570000000002,0.17834370056174273,0.04033592653596893,0.09100499596650659,0.020582565126489198,0.17753672907009765,0.040153414102386514,0.12948345913049503,0.029285224421496364,0.114385617247256,0.02587055129799474,0.30924549802390194,0.06994193599539461,0.26934869652824933,0.06091849166245813,0.7306513034717507,0.16525112581727225,
2012-07-01,72.085,70.165,82.276,80.404,69.021,72.502,17469.65,656.953,325.893,984.294,471.427,433.74,1141.673,16319.541,0.18190476190476193,586.5176462744766,658.4010000000001,21877.116647077244,802.3207710837203,1310.7014537834884,717.8317733790589,668.7508491847045,999.3196467554017,427.78459782638674,425.0849611203099,637.4202755065426,438.706392619115,423.44108061189417,428.36141476870336,976.8220368582821,982.846,2705.241,3688.087,0.17812839013830203,0.04025560522811273,0.08836369640954782,0.01996949546558938,0.178521005605345,0.04034433321378341,0.12782426228014687,0.028887270787824243,0.11760568554917496,0.02657795338729196,0.30955696001748334,0.06995742098383773,0.2664920865478499,0.06022510069370211,0.7335079134521502,0.16576697837273732,
2012-10-01,73.499,72.204,83.914,81.279,72.617,74.146,17489.852,666.645,334.479,1007.118,461.778,460.926,1163.561,16420.419,0.1722950819672131,595.555292842412,672.6390000000001,22374.550875726552,821.1632628905636,1341.2221507732047,720.1336530093333,671.0721948258278,1001.5679470348372,429.7271800684059,427.9495446026215,638.9494235605715,439.78876806048805,428.51990541992427,430.60361224221975,976.9376105998571,1001.124,2758.904,3760.0280000000002,0.17729788182428427,0.04059853771088301,0.08895651840890545,0.020369699457730032,0.17889201888922107,0.040963571027024345,0.12281238331203917,0.02812218129147618,0.12258578925476085,0.028070294673966597,0.30945540831078916,0.0708606156761286,0.26625440023318975,0.06096823716861305,0.7337455997668102,0.16801666266859572,
2013-01-01,75.94,75.285,85.664,82.532,75.378,76.008,17662.4,685.536,346.48,1026.153,450.899,485.878,1189.742,16648.189,0.14983333333333335,601.6161786013746,679.673,23188.13830911781,839.1974193288399,1375.793819183781,722.6786166556587,673.2445981921068,1005.1396147126923,432.99435548036564,432.12809117750066,639.9619664895996,441.3186096922983,432.25154552503363,433.0838597904449,977.9193365264086,1032.016,2806.192,3838.208,0.17860835056359634,0.04117781219326619,0.09027129327019276,0.020811873291443295,0.1770808147969052,0.0408256417559892,0.11747643692056292,0.02708396691075528,0.12658980440872405,0.029185036282324765,0.30997330004001866,0.07146374899996631,0.2688796438337891,0.06198968548470949,0.7311203561662108,0.16855839394903555,
2013-04-01,75.638,75.344,85.812,82.958,77.923,76.379,17709.671,684.351,342.3,1025.121,465.575,508.92,1187.617,16728.687,0.12796875,602.9452965759202,682.8210000000001,23132.92499729825,846.932935507367,1384.1667190805083,723.2853590686052,674.1621512659352,1004.9012206257379,432.59588024041983,432.20642935011983,640.1826473832419,441.83344556268116,435.57211596198283,433.5707789279089,978.1866153529224,1026.651,2844.933,3871.584,0.1767625344045228,0.04090882924643159,0.08841342458280642,0.02046185692875956,0.17636734731830697,0.040817369587941965,0.12025439716663774,0.027830934968177713,0.1314500731483548,0.030421993070944536,0.30675222337937136,0.07099284002384645,0.26517595898732926,0.061370686175191154,0.7348240410126708,0.17006313765091066,
2013-07-01,77.216,76.343,86.041,84.484,79.335,77.076,17860.45,699.087,344.613,1026.188,490.149,524.946,1191.933,16953.838,0.1225,601.3784074269948,681.575,23556.746724602497,854.9000956738919,1400.4490053864413,724.4548182317455,675.098461494456,1006.7167543536663,434.66066894426206,433.52363444228564,639.9224366063836,443.65621673218953,437.3679393186053,434.47919480636557,979.0344050081721,1043.7,2888.603,3932.303,0.1777805525159175,0.04123473398766698,0.08763643086506813,0.02032654788844862,0.17332718256960364,0.040201811530816804,0.12464680366696056,0.02891079884094681,0.13349581657364654,0.030963254456011672,0.3031132138088036,0.07030461185249028,0.2654169833809857,0.061561281876115606,0.7345830166190144,0.17038047668026557,
2013-10-01,77.948,77.606,89.564,86.512,78.075,77.866,18016.147,709.421,345.663,1063.537,500.793,526.407,1197.851,17192.019,0.1253225806451613,633.5554951748281,717.874,23834.877174011064,870.0987564743295,1423.1221830929808,726.060845743474,676.860671839538,1007.8905214448014,435.6041937701888,435.1644743787797,645.1347596831843,446.0283132639649,435.76699031691425,435.49894006054757,979.9023690319984,1055.084,2942.925,3998.009,0.17744357253823093,0.0412645542097179,0.08645878486016415,0.020106015471481272,0.17955787493224754,0.04175623584408556,0.1252605984628849,0.029129388467986222,0.13166728739229952,0.030619265834920265,0.29961188181417303,0.06967482993126055,0.26390235739839507,0.061370569681199166,0.736097642601605,0.1711797200782526,
2014-01-01,78.711,78.218,90.467,87.911,77.74,79.17,17953.974,718.207,344.916,1072.304,526.986,535.27,1207.539,17197.738,0.12049180327868853,640.6141693949514,727.3880000000001,24053.320537365318,880.0951419748436,1438.598613662929,727.1424733761812,678.0030017508656,1008.8028334085104,436.5782916939616,435.94998000922703,646.242735587354,447.6324939068552,435.3369925424077,437.15974391833424,979.5566762170324,1063.123,2997.183,4060.306,0.17688494413967815,0.04176171308110403,0.08494827729732685,0.020055893397143275,0.17914610376656345,0.04229556235825898,0.12978972520790305,0.030642750808274898,0.13182996552476586,0.031124442063252735,0.2974009840637627,0.07021498990157891,0.261833221437005,0.061817606478247314,0.738166778562995,0.1742777451313655,
2014-04-01,80.71,81.281,92.907,90.429,80.291,82.126,18185.911,733.586,355.209,1101.386,553.476,554.134,1244.233,17518.508,0.10301587301587302,654.2218252577458,746.1769999999999,24771.11629069382,907.4438403988429,1482.8380575258807,730.1713136934452,681.0631680366097,1011.7433587705086,439.0862483336281,439.7912286904095,648.3446476299162,450.4565012414125,438.5657534970196,440.8254653290762,980.8402452399473,1088.795,3098.0199999999995,4186.815,0.17521337818843205,0.04187491309191399,0.08483990814019728,0.020276213019967224,0.17822067609865733,0.04259363868201561,0.13219499786830802,0.0315937864114912,0.13235215790523347,0.03163134668774304,0.29717888179917196,0.07102391368032025,0.26005328632862934,0.062151126111881214,0.7399467136713707,0.1768426854615701,
2014-07-01,82.455,81.248,95.801,92.385,81.51,83.55,18406.941,749.048,351.435,1134.139,562.954,572.535,1261.26,17804.228,0.109375,684.655632179492,782.704,25127.36984117437,929.8337042331196,1515.4414379288905,732.346205367198,683.5005757505853,1013.1712962950123,441.2252689980734,439.75062055222674,652.89159851075,452.59646278071165,440.0725712106366,442.5445255041403,982.0483100725255,1100.483,3179.4529999999995,4279.936,0.17501383198253434,0.04207135518597044,0.08211220915452942,0.019738850794316948,0.18287750097197716,0.043961692694566706,0.1315332752639292,0.03161911878459431,0.1337718601399647,0.03215724939042569,0.29469132248706525,0.07084047676765316,0.2571260411370637,0.06181020598028738,0.7428739588629362,0.17857853763723985,
2014-10-01,84.327,83.515,95.331,93.192,84.432,85.164,18500.031,765.004,357.108,1128.514,578.38,594.197,1276.009,17912.079,0.15225806451612903,671.4457015035164,771.406,25739.489847381632,939.8139439390542,1536.9908474214294,733.7581788687704,684.5681923693201,1015.5781661504667,443.47020984251236,442.50262564419114,650.9433151194967,453.4661881097476,443.5946476663312,444.4578809330846,982.5527686740688,1122.112,3219.992,4342.104,0.17618279064711484,0.042708833519548454,0.08224307847071373,0.01993671421391118,0.1776571910760313,0.04306624596731624,0.1332027054165446,0.032289942446100194,0.13684540950654336,0.033172977854776096,0.29386882488305205,0.07123734771379693,0.2584258691178286,0.06264554773345964,0.7415741308821714,0.17976651398198948,
2015-01-01,83.819,84.371,96.333,93.236,86.096,86.792,18666.621,765.453,357.025,1139.214,570.471,609.87,1291.044,18063.529,0.22540983606557377,678.5842683488241,782.189,25717.000596716996,952.8004319087426,1552.3620056701438,734.7532924620484,685.9405471345714,1015.4907554005206,442.86597120988677,443.52237406615194,652.0008669571573,453.51339132044234,445.54629527470644,446.35144515201495,983.4492234617613,1122.478,3253.5739999999996,4376.052,0.17491862528141805,0.04237560667132098,0.08158609632609484,0.019764963977969088,0.1787430770932338,0.04330211444286441,0.13036202494851526,0.03158137039556335,0.1393653457500048,0.03376250565434916,0.2950248306007333,0.07147241272732478,0.2565047216075129,0.06214057064929008,0.7434952783924871,0.18011840322010167,
2015-04-01,84.279,86.054,96.742,93.884,88.394,88.542,18782.243,770.986,360.9,1141.608,573.201,629.311,1317.766,18279.784,0.2503125,676.6565628227852,780.708,25975.83676603051,965.6435735147825,1571.925505576425,736.0056583556128,687.2794794608991,1016.4922029732699,443.4132723654395,445.4975006179148,651.7163851467255,454.20599776592957,448.1804094036933,448.34770157093675,984.066718120015,1131.886,3300.9860000000003,4432.872,0.1739247151733684,0.0421769753953329,0.08141448704135827,0.01974312169115346,0.17611787572481225,0.0427088197541065,0.12930691434356778,0.03135709918673,0.1419646224840239,0.03442661029255051,0.29727138523286933,0.07208870739391669,0.25533920221472667,0.06192009708648636,0.7446607977852733,0.18058123662730372,
2015-07-01,85.615,88.621,98.353,94.457,91.181,89.7,18857.418,782.181,365.773,1155.625,558.764,654.93,1326.9,18401.626,0.3478125,683.841323825169,789.852,26502.840907217393,979.9039691856267,1597.3506342829203,737.610168221392,688.7454576236311,1018.500721027431,444.98605014409344,448.4368849842185,652.7725907998658,454.81447044887176,451.28465420425493,449.64707690647504,984.466164331584,1147.9540000000002,3330.446,4478.4,0.17465635048231515,0.042506080712650066,0.08167492854590927,0.019877210850823727,0.17636923901393356,0.042922946048354636,0.12476866738120759,0.030364925360400218,0.146241961414791,0.03559087658884057,0.29628885316184356,0.07210775830353253,0.25633127902822445,0.0623832915634738,0.7436687209717757,0.18098650630112795,
2015-10-01,87.93,89.878,97.281,94.039,92.602,90.279,18892.206,796.896,365.281,1139.957,538.195,669.31,1327.463,18435.137,0.467258064516129,668.5886910033294,774.6760000000002,27110.441328069403,979.424682770318,1606.074235309034,738.1548117167586,688.6965340880731,1020.767422152175,447.6541043390911,449.84531951781406,650.5169059399827,454.3709589842467,452.8310739691032,450.2904875237568,984.6504735042945,1162.177,3309.6440000000002,4471.821,0.17820391290259605,0.043227018057961815,0.0816850674479144,0.019814390313454142,0.17323501991694215,0.04202171104017292,0.12035253647227831,0.029193978867637388,0.14967280667092892,0.03630621242467577,0.29685065658934023,0.07200722186116654,0.25988898035051045,0.06304140837141595,0.7401110196494897,0.1795291241936526,
2016-01-01,90.627,90.784,97.025,94.118,95.497,91.481,19001.69,814.945,364.557,1132.464,515.3,693.163,1338.655,18525.933,0.580983606557377,662.858934072513,767.9069999999999,27765.29762376125,988.9242818143072,1627.6540406969004,739.4895018265513,689.6617768342281,1023.1542233004578,450.675218189684,450.84830586264405,649.6562198425903,454.4549314164625,455.9094833380701,451.61313004459487,985.2283201561416,1179.502,3315.0249999999996,4494.527,0.18131941358901615,0.043989417429070914,0.08111131605172246,0.019678199203246604,0.17085379618366958,0.0414503820131488,0.11465055165982982,0.027815063349306075,0.15422379262600935,0.03741582137860479,0.2978411298897526,0.07225843902166762,0.2624307296407386,0.06366761663231751,0.7375692703592613,0.17893970576272727,
2016-04-01,92.904,91.155,96.021,94.921,95.795,92.257,19062.709,837.761,364.166,1116.87,528.923,704.254,1345.902,18711.702,0.56625,651.5057104315442,752.704,28281.061706146338,990.2910675365879,1637.2018166691803,740.0743854237214,689.7998907529582,1024.9947661955955,453.1566701943457,451.2561354255428,647.9286161578742,455.30449666995946,456.22104915479554,452.4578160800645,985.548929722409,1201.927,3331.783,4533.71,0.1847848671397156,0.04477203623700291,0.08032406130961177,0.01946193884447283,0.1660238524299084,0.04022637812423477,0.11666449772923279,0.02826696363591083,0.15533724036164642,0.03763708934654902,0.296865481029885,0.0719283579868897,0.2651089284493274,0.06423397508147574,0.7348910715506726,0.1780587890935843,
2016-07-01,94.774,92.641,95.916,96.351,95.536,94.621,19197.938,852.193,364.644,1112.963,548.923,712.569,1366.32,18892.639,0.559375,645.3799917509612,748.319,28817.48113575002,1000.1316021768048,1657.3774392514772,741.2991776189725,690.7886872500135,1026.873746586404,455.14951100410093,452.8731808239655,646.9839277821787,456.7997773633708,455.95031398046365,454.9879438737305,986.2558156415193,1216.837,3376.131,4592.968,0.1855429865829677,0.04510714463977214,0.07939180068313126,0.019300850452919786,0.16292710944208624,0.03960902444597602,0.11951378716333316,0.029054860996391242,0.1551434714981685,0.03771675306980671,0.2974808446303131,0.07232023011713716,0.264934787266099,0.06440799509269192,0.735065212733901,0.17870086862931114,
2016-10-01,95.83,94.482,96.39,97.125,96.774,96.106,19304.352,867.13,367.493,1116.828,557.199,730.983,1375.105,19089.379,0.7557377049180328,643.9251698554702,749.335,29213.737037889958,1010.0015198757582,1675.4356021325138,742.3828471423809,691.7707114661656,1028.239432413419,456.25757883556713,454.84093401663273,646.7582523476491,457.5998808687811,457.23783631631,456.5451748990845,986.8085841701404,1234.623,3412.6220000000003,4647.245000000001,0.18659011952242668,0.04542473592252529,0.07907760404282536,0.01925117626927518,0.1612428438784699,0.03925402706918858,0.11989877873880113,0.0291889537108567,0.15729383753169884,0.03829265477939329,0.29589681628577785,0.072035082964197,0.2656677235652521,0.06467591219180048,0.7343322764347479,0.17877071852363557,
2017-01-01,97.921,95.814,97.02,98.096,99.039,96.878,19398.343,884.582,371.971,1126.307,561.944,753.643,1385.09,19280.084,0.8925806451612904,645.759066473128,754.336,29783.851104223664,1020.5890719740646,1697.006055660234,743.6620833678203,692.813526112013,1030.1721616353368,458.416103113017,456.2408812086785,647.0426472099033,458.59465910203323,459.5513711954778,457.3452454935956,987.294292903244,1256.5529999999999,3455.013,4711.566,0.1877469189649471,0.045880609233860184,0.07894848549293378,0.01929301760303534,0.16010303156105635,0.03912514074108806,0.1192690498233496,0.029146346042890684,0.15995594670646662,0.039089196914287305,0.29397656745124656,0.07184045463702336,0.26669540445788087,0.06517362683689552,0.7333045955421191,0.17920113833528942,
2017-04-01,98.614,99.487,98.866,99.199,99.594,98.112,19506.949,894.391,384.401,1147.226,568.007,767.212,1394.392,19438.643,1.1257142857142857,651.9833892594166,762.825,30267.267014944442,1031.0586565982674,1717.1117651602,744.8398952058091,693.8341375316435,1031.782211102008,459.12132393588865,460.00269823623336,648.0019085006132,459.7127933594856,460.11019218121373,458.6109683249349,987.8526040045418,1278.792,3492.4359999999997,4771.227999999999,0.18745509541778346,0.046010979264344734,0.08056647051870086,0.01977509438287436,0.15988022370760738,0.039242708454494485,0.11904838754299733,0.029220506801837964,0.16079969349609788,0.0394683929325725,0.29225012931681327,0.07173299082657159,0.2680215659364843,0.0657860736472191,0.7319784340635158,0.17966459901547652,
2017-07-01,100.737,100.64,100.515,100.156,99.668,100.638,19660.766,913.386,387.867,1165.64,559.471,776.428,1417.806,19692.595,1.2434920634920636,664.5364300080823,777.7730000000001,30828.1361145599,1047.729567302396,1745.9613240961835,746.5060585006546,695.438078511409,1033.618306217813,461.251316024335,461.1549792952131,649.9089699838047,460.67289704520846,460.18446625595146,461.1529919940673,988.6380355302267,1301.253,3531.478,4832.731,0.1889999670993482,0.04638220610336017,0.08025834667809982,0.019696083730965878,0.16093860800445964,0.039495708920028065,0.11576704765897379,0.028410222218046934,0.16066029745913854,0.03942740913526125,0.29337573309998016,0.07199691051382512,0.26925831377744797,0.06607828983432604,0.7307416862225521,0.17933025078716136,
2017-10-01,102.728,104.059,103.6,102.549,101.698,104.372,19882.352,932.628,399.61,1200.639,568.109,798.28,1466.355,20037.088,1.5503225806451613,683.8477317825385,801.0289999999999,31567.35988888677,1078.6761503076227,1794.9134044576283,749.2712057116676,698.3489781474982,1035.9878950842126,463.20847185289733,464.4958045975506,652.7735278487283,463.03407331300355,462.20076371777594,464.7961440242976,989.758778307166,1332.238,3633.7729999999997,4966.0109999999995,0.18780224208121973,0.04654508679105467,0.08046901225148315,0.01994351674255261,0.16130230078024393,0.03997731606508889,0.11439946468100858,0.02835287243335958,0.16074873776961027,0.03984012048058081,0.2952782424364344,0.07318204122275652,0.2682712543327029,0.06648860353360728,0.7317287456672972,0.1813523502017858,
2018-01-01,104.917,107.04,105.433,105.418,99.773,105.722,20044.077,956.773,407.517,1220.546,600.403,800.265,1483.333,20328.553,1.9424590163934425,692.2399318288386,813.029,32309.331744421946,1087.3299011375104,1816.7265628827674,750.4791568839853,699.1480337981973,1038.3111375980761,465.3169561376002,467.32025963799185,653.9932617819394,465.79333995149767,460.2897605632413,466.0813007453477,990.568897762083,1364.29,3697.03,5061.32,0.18903625931575163,0.047065474852046776,0.08051595236025386,0.02004653257907732,0.1606357630025369,0.03999443541308621,0.11862577351362887,0.02953496001412398,0.1581138912378589,0.039366550093358835,0.29307236056996994,0.07296795792597732,0.26955221167600546,0.0671120074311241,0.7304477883239946,0.18186390344654635,
2018-04-01,107.901,107.428,105.615,106.612,100.456,106.332,20150.476,986.128,405.529,1222.023,606.246,819.613,1488.127,20580.912,2.2521875,692.7770589463802,816.4939999999999,32986.70066407261,1093.6380452350218,1834.6514302243477,751.4609786163682,699.7265073790554,1040.3859749038572,468.1214140061736,467.6820855731443,654.0708243169909,466.919607575265,460.97198206866625,466.65662748531656,991.0983189924599,1391.6570000000002,3730.48,5122.137000000001,0.19252276930507714,0.04791468910609987,0.07917183784814813,0.01970413167307649,0.15940495148802147,0.039672391583035774,0.11835802127119988,0.02945671212237825,0.16001387702047015,0.039823939774874896,0.2905285430670831,0.07230617379832341,0.2716946071532253,0.06761882077917636,0.7283053928467746,0.18125921727861233,
2018-07-01,109.738,108.774,105.618,107.27,99.504,107.1,20276.154,1001.274,408.926,1227.106,610.357,819.662,1491.615,20798.73,2.46015873015873,688.5352155916449,818.1800000000001,33505.01431735176,1094.1132906926541,1843.0223753905586,751.9162098339781,699.7699534012156,1041.9450387727036,469.80957065695475,468.9272335275586,653.4566465141937,467.5349020609338,460.0197844361533,467.37629774537027,991.7200794749824,1410.2,3739.8140000000003,5150.014,0.1944216073975721,0.04814111246215514,0.07940289094359743,0.0196611043078111,0.15886947103444768,0.039337978809283074,0.11851560015176657,0.029345878330071115,0.15915723724246186,0.03940923315990928,0.2896331932301543,0.07171663846782952,0.27382449834116956,0.06780221676996624,0.7261755016588305,0.179809728767093,
2018-10-01,112.857,108.727,107.001,108.241,97.506,107.277,20304.874,1024.695,404.532,1240.806,601.99,808.027,1492.248,20917.867,2.6681967213114755,702.2531244663405,836.2740000000001,34174.124249118424,1096.303167595528,1855.721041872255,752.6028601334482,699.9699042027345,1043.922403578081,472.61215305821673,468.8840153347857,655.4293915196728,468.4360222548607,457.9913914571926,467.54142743766005,991.8616234733008,1429.2269999999999,3738.539,5167.766,0.19828587439911172,0.048986591223665395,0.07827986019490821,0.01933906549840861,0.16182505167610148,0.039978932842435616,0.11648940760862625,0.028778746896134296,0.15635905340915207,0.03862855615249873,0.2887607527121004,0.07133844000442302,0.2765657345940199,0.06832565672207401,0.7234342654059802,0.17872467589549165,
2019-01-01,114.036,110.628,107.593,108.971,96.407,106.321,20431.641,1040.352,409.105,1249.844,609.43,803.435,1482.601,21111.6,2.5396721311475408,702.1139548132411,840.739,34599.03686987586,1090.8517918383277,1855.3708845359379,752.583989281187,699.4714130444125,1045.158112452763,473.65141880171785,470.6173221604457,655.4095719645709,469.10817917843497,456.85788130881065,466.6462819928854,992.4840007640275,1449.457,3736.205,5185.662,0.2006208657641011,0.04927869038822259,0.0788915667854943,0.019378209136209478,0.16212761263653513,0.039823556717633914,0.1175221215729062,0.028867068341575246,0.15493393128977553,0.03805656605847022,0.2859039019511877,0.07022684211523524,0.2795124325495954,0.06865689952443207,0.7204875674504045,0.1769740332329146,
2019-04-01,116.492,112.805,108.687,111.043,98.042,109.417,20602.275,1067.006,413.098,1263.133,636.826,820.007,1517.861,21397.938,2.258888888888889,706.0262758964869,850.0350000000001,35326.037387241755,1112.1422478153347,1892.3575075816498,754.557868925719,701.4043387326616,1047.237557406397,475.78226011199985,472.56606643227144,655.9652454784363,470.99175136846003,458.539595828864,469.5166270968647,993.3156785573171,1480.104,3824.7290000000003,5304.8330000000005,0.20113847127704113,0.04986489819720013,0.07787200841195188,0.019305505044458025,0.16023784349102035,0.039725089398800956,0.12004638034788276,0.02976109193325077,0.15457734484761346,0.03832177661230722,0.28612795162449034,0.07093491905621935,0.279010479688993,0.06917040324165816,0.7209895203110069,0.1787428770005783,
2019-07-01,118.781,111.107,107.068,112.115,99.448,111.992,20843.322,1086.881,403.601,1241.745,668.613,838.245,1544.227,21717.171,1.845,695.563035322097,838.1439999999999,35673.747897266956,1123.9548035750888,1912.0458979291157,755.5929098516278,702.4608819302731,1048.2170344245349,477.7281461478021,471.04937009614,654.4721640358072,471.95251302254945,459.9634894489414,471.8427440172524,994.4788888154081,1490.482,3889.2290000000003,5379.711,0.20203334342681234,0.050047080257368703,0.07502280326954366,0.0185844187532529,0.1557972166162829,0.03859360871634707,0.12428418552595112,0.030787297295766566,0.1558159908589885,0.03859825941417508,0.2870464603024215,0.07110626885978842,0.277056146696356,0.0686314990106216,0.722943853303644,0.17908543428607715,
2019-10-01,121.66,109.969,104.645,111.619,99.764,112.902,20985.448,1105.309,395.667,1208.882,663.124,846.813,1549.885,21933.217,1.5758064516129033,675.7113669889385,813.2150000000001,36201.157443575496,1120.470023905882,1915.5311759924411,755.7750239650356,702.1503540456429,1049.6846370882151,480.1230268892559,470.0198507892392,651.5766012954649,471.5091286352229,460.28073967989025,472.65201857905623,995.1584524122135,1500.9759999999999,3873.0370000000003,5374.013,0.2056766516939948,0.0503942946445111,0.07362598490178568,0.01803962455667128,0.15132360118965105,0.037076868386429596,0.12339456566256911,0.030233777379761483,0.1575755399177486,0.03860870021939782,0.28840365663425077,0.0706638246455137,0.2793026365957805,0.06843391920118239,0.7206973634042196,0.1765831706311026,
2020-01-01,123.573,105.267,99.411,109.656,102.591,108.393,20709.212,1126.159,377.519,1149.198,656.833,877.327,1484.685,21751.238,1.067741935483871,639.5413906377291,771.6790000000001,36200.06611801004,1093.0356374907951,1881.5969374925755,753.9876130094871,699.6714092851583,1049.681622427656,481.68320745587147,465.64999797095334,646.0751342361064,469.73481929290796,463.0750209590861,468.57635112746925,993.8333904414169,1503.678,3790.524,5294.202,0.21271553295473047,0.0517744783078554,0.07130800827017934,0.017356207494948102,0.14575926645791001,0.03547747489131423,0.12406647876299393,0.030197499563013375,0.1657146818349583,0.0403345777375982,0.28043603171922793,0.06825749412516198,0.2840235412249098,0.0691306858028035,0.7159764587750901,0.17426704631708778,
2020-04-01,120.371,108.322,87.924,100.751,95.477,108.102,19077.992,1109.837,387.054,1018.188,574.49,816.792,1467.16,19958.291,0.1742857142857143,525.2606798662756,631.134,35751.10938836421,1016.657081285075,1780.1751570832541,748.4467041300647,692.4275152644713,1048.433657948303,479.0578640075005,468.5108272804442,626.3894672438486,461.2652126335847,455.8885380784294,468.3075225861618,985.6290698373899,1496.891,3489.576,4986.467000000001,0.2225698074408193,0.055607817322635485,0.07762088869734823,0.01939314343096811,0.12656937266405252,0.031622647450124865,0.115209826917535,0.028784528695367753,0.16380174580519632,0.04092494693057637,0.2942283584750485,0.07351130414923802,0.30019069613816757,0.0750009607536036,0.6998093038618324,0.17484342722530702,
2020-07-01,122.559,115.693,97.127,105.093,108.584,127.925,20558.879,1132.9,413.309,1121.038,562.639,950.812,1754.408,21704.437,0.13468750000000002,592.3616965320042,707.729,36853.83144547795,1157.3225075780151,1967.018265778461,758.427410445599,705.3864433017128,1051.4714866309646,480.8592546690065,475.09401310728975,638.4117422187087,465.4845672429797,468.7524066995664,485.1444154691156,993.1048194736346,1546.209,3975.5879999999997,5521.797,0.2051687159089695,0.05219670061011027,0.07485045176416302,0.01904260405372413,0.1281700504382903,0.0326075723595134,0.10189418408536208,0.02592276408736149,0.17219249458102137,0.04380726392488319,0.3177241032221938,0.08083176725569982,0.2800191676731325,0.07123930466383441,0.7199808323268675,0.1831693676274579,
2020-10-01,125.659,118.741,101.252,108.055,116.246,128.793,20791.917,1175.929,422.868,1161.565,564.503,1037.253,1780.548,22087.16,0.11451612903225807,623.1667147832326,738.6970000000001,37796.36614724902,1195.254438461138,2027.5123231979892,761.4564863997233,708.6114360915874,1053.9968243315882,483.35718889612804,477.69446505688995,643.4814082962052,468.26403567549903,475.57086352733256,485.820646436727,994.231958439339,1598.797,4121.001,5719.798000000001,0.20558925332677833,0.053240389438931945,0.07393058286324096,0.01914542204611186,0.12914739296737401,0.03344463480139593,0.09869282097025105,0.025557971237587813,0.18134434118127946,0.04696180948569214,0.31129560869107614,0.08061461953460744,0.27951983619001924,0.0723858114850438,0.7204801638099807,0.18657903505928333,
